name,id,minutes,contributor_id,submitted,tags,nutrition,n_steps,steps,description,ingredients,n_ingredients,ingredients_list,tags_list,steps_list,calories,total_fat_pdv,sugar_pdv,sodium_pdv,protein_pdv,saturated_fat_pdv,carbohydrates_pdv,ingredients_norm,ingredients_set,base_position,log_minutes,log_calories,log_total_fat_pdv,log_sugar_pdv,log_sodium_pdv,log_protein_pdv,log_saturated_fat_pdv,log_carbohydrates_pdv,steps_text,core_ingredients,n_core_ingredients,rating_mean,rating_count,bayesian_rating,interaction_count,review_count,log_rating_count,log_interaction_count,log_review_count,course_category,dish_type,main_ingredient_group,cuisine,eda_cluster,eda_center_distance,minutes_rec,bayesian_rating_rec,ing_base,ing,ingredient_set,is_meal_candidate,core_set,main_ings_rule1_2,sub_ings_rule1_2,main_ings_rule2,sub_ings_rule2,main_ings,sub_ings,ing_tokens,ingredient_text,taste_cluster,taste_center_distance,cluster_label
oven scrambled eggs for a crowd,37825,45,6258,2002-08-20,"['60-minutes-or-less', 'time-to-make', 'course', 'main-ingredient', 'preparation', 'occasion', 'for-large-groups', '5-ingredients-or-less', 'very-low-carbs', 'breakfast', 'main-dish', 'eggs-dairy', 'oven', 'easy', 'dinner-party', 'eggs', 'dietary', 'one-dish-meal', 'low-carb', 'inexpensive', 'low-in-something', 'equipment', 'number-of-servings']","[121.7, 14.0, 1.0, 13.0, 14.0, 22.0, 0.0]",9,"['divide butter among four 13 x 9 inch baking dishes', 'combine eggs and salt', 'mix well', 'gradually stir in milk', 'pour evenly into baking dishes', 'bake , uncovered at 350f for 10 minutes', 'stir', 'bake 10-15 minutes more or until eggs are set', 'serve immediately']",cooking for a crowd? a really big crowd? use this easy recipe for an easy egg dish.,"['butter', 'eggs', 'salt', 'milk']",4,"[""butter"", ""eggs"", ""salt"", ""milk""]","[""60-minutes-or-less"", ""time-to-make"", ""course"", ""main-ingredient"", ""preparation"", ""occasion"", ""for-large-groups"", ""5-ingredients-or-less"", ""very-low-carbs"", ""breakfast"", ""main-dish"", ""eggs-dairy"", ""oven"", ""easy"", ""dinner-party"", ""eggs"", ""dietary"", ""one-dish-meal"", ""low-carb"", ""inexpensive"", ""low-in-something"", ""equipment"", ""number-of-servings""]","[""divide butter among four 13 x 9 inch baking dishes"", ""combine eggs and salt"", ""mix well"", ""gradually stir in milk"", ""pour evenly into baking dishes"", ""bake , uncovered at 350f for 10 minutes"", ""stir"", ""bake 10-15 minutes more or until eggs are set"", ""serve immediately""]",121.7,14.0,1.0,13.0,14.0,22.0,0.0,"[""butter"", ""egg"", ""milk"", ""salt""]","[""butter"", ""egg"", ""milk"", ""salt""]",151020,3.828641396489095,4.809742351716865,2.70805020110221,0.6931471805599453,2.6390573296152584,2.70805020110221,3.1354942159291497,0.0,"divide butter among four 13 x 9 inch baking dishes combine eggs and salt mix well gradually stir in milk pour evenly into baking dishes bake , uncovered at 350f for 10 minutes stir bake 10-15 minutes more or until eggs are set serve immediately","[""egg"", ""milk""]",2,5.0,10,4.923427445531217,11,11,2.3978952727983707,2.4849066497880004,2.4849066497880004,"[""breakfast"", ""main_dish""]",[],"[""egg""]",[],2,0.80305904,45.0,4.923427445531217,"[""butter"", ""egg"", ""salt"", ""milk""]","[""butter"", ""egg"", ""salt"", ""milk""]","[""butter"", ""egg"", ""milk"", ""salt""]",True,"[""butter"", ""egg"", ""milk""]","[""egg"", ""milk""]","[""butter""]","[""butter"", ""egg"", ""milk""]",[],"[""egg"", ""milk""]","[""butter""]","[""butter"", ""egg"", ""salt"", ""milk""]",butter egg salt milk,0,0.6043204,군집 1
fluffy oven scrambled eggs,118047,30,24386,2005-04-19,"['30-minutes-or-less', 'time-to-make', 'course', 'main-ingredient', 'preparation', '5-ingredients-or-less', 'very-low-carbs', 'breakfast', 'eggs-dairy', 'easy', 'eggs', 'dietary', 'low-carb', 'low-in-something']","[243.3, 29.0, 1.0, 25.0, 28.0, 45.0, 1.0]",6,"['preheat oven to 350', 'pour melted butter into a glass 9x13 inch baking dish', 'in a large bowl , whisk eggs and salt together until well blended', 'gradually whisk in milk', 'pour egg mixture into the baking dish and bake uncovered for 10 minutes', 'stir , then bake 10 to 15 minutes more or until eggs are set to your liking']","this is an easy way to do scrambled eggs while you prepare the rest of your breakfast.  recipe can be halved very easily and baked in an 8"" square baking dish for the same amount of time.  recipe from allrecipes.","['butter', 'eggs', 'salt', 'milk']",4,"[""butter"", ""eggs"", ""salt"", ""milk""]","[""30-minutes-or-less"", ""time-to-make"", ""course"", ""main-ingredient"", ""preparation"", ""5-ingredients-or-less"", ""very-low-carbs"", ""breakfast"", ""eggs-dairy"", ""easy"", ""eggs"", ""dietary"", ""low-carb"", ""low-in-something""]","[""preheat oven to 350"", ""pour melted butter into a glass 9x13 inch baking dish"", ""in a large bowl , whisk eggs and salt together until well blended"", ""gradually whisk in milk"", ""pour egg mixture into the baking dish and bake uncovered for 10 minutes"", ""stir , then bake 10 to 15 minutes more or until eggs are set to your liking""]",243.3,29.0,1.0,25.0,28.0,45.0,1.0,"[""butter"", ""egg"", ""milk"", ""salt""]","[""butter"", ""egg"", ""milk"", ""salt""]",85306,3.4339872044851463,5.498396978263695,3.4011973816621555,0.6931471805599453,3.258096538021482,3.367295829986474,3.828641396489095,0.6931471805599453,"preheat oven to 350 pour melted butter into a glass 9x13 inch baking dish in a large bowl , whisk eggs and salt together until well blended gradually whisk in milk pour egg mixture into the baking dish and bake uncovered for 10 minutes stir , then bake 10 to 15 minutes more or until eggs are set to your liking","[""egg"", ""milk""]",2,4.944444444444445,18,4.90405646731873,18,18,2.9444389791664403,2.9444389791664403,2.9444389791664403,"[""breakfast""]",[],"[""egg""]",[],2,0.80305904,30.0,4.90405646731873,"[""butter"", ""egg"", ""salt"", ""milk""]","[""butter"", ""egg"", ""salt"", ""milk""]","[""butter"", ""egg"", ""milk"", ""salt""]",True,"[""butter"", ""egg"", ""milk""]","[""egg"", ""milk""]","[""butter""]","[""butter"", ""egg"", ""milk""]",[],"[""egg"", ""milk""]","[""butter""]","[""butter"", ""egg"", ""salt"", ""milk""]",butter egg salt milk,0,0.6043204,군집 1
simple scrambled eggs,320182,15,896500,2008-08-18,"['15-minutes-or-less', 'time-to-make', 'course', 'main-ingredient', 'preparation', 'occasion', 'for-1-or-2', '5-ingredients-or-less', 'very-low-carbs', 'breakfast', 'eggs-dairy', 'easy', 'beginner-cook', 'eggs', 'stove-top', 'dietary', 'low-carb', 'low-in-something', 'brunch', 'equipment', 'number-of-servings']","[287.9, 36.0, 3.0, 34.0, 29.0, 58.0, 1.0]",12,"['in a small bowl , whisk all the eggs together , well', 'set aside', 'pour the milk , salt and butter in a small saucepan', 'por the eggs in slowly', 'cook on medium heat', 'after 5 minutes , mix the mixture', 'wait another 2-3 minutes', 'mix again', 'scrambled eggs will start to form', 'continue cooking and mixing until there is no or little runny eggs', 'if there is runny eggs , drain in the sink', 'serve ! is good with toast , bacon or just by itself']","this is a really easy recipe, but good for satisfying breakfast. make sure not to use too much milk, or scrambled eggs will be runny","['eggs', 'milk', 'butter', 'salt']",4,"[""eggs"", ""milk"", ""butter"", ""salt""]","[""15-minutes-or-less"", ""time-to-make"", ""course"", ""main-ingredient"", ""preparation"", ""occasion"", ""for-1-or-2"", ""5-ingredients-or-less"", ""very-low-carbs"", ""breakfast"", ""eggs-dairy"", ""easy"", ""beginner-cook"", ""eggs"", ""stove-top"", ""dietary"", ""low-carb"", ""low-in-something"", ""brunch"", ""equipment"", ""number-of-servings""]","[""in a small bowl , whisk all the eggs together , well"", ""set aside"", ""pour the milk , salt and butter in a small saucepan"", ""por the eggs in slowly"", ""cook on medium heat"", ""after 5 minutes , mix the mixture"", ""wait another 2-3 minutes"", ""mix again"", ""scrambled eggs will start to form"", ""continue cooking and mixing until there is no or little runny eggs"", ""if there is runny eggs , drain in the sink"", ""serve ! is good with toast , bacon or just by itself""]",287.9,36.0,3.0,34.0,29.0,58.0,1.0,"[""butter"", ""egg"", ""milk"", ""salt""]","[""butter"", ""egg"", ""milk"", ""salt""]",187237,2.772588722239781,5.66608060747219,3.6109179126442243,1.3862943611198906,3.5553480614894135,3.4011973816621555,4.07753744390572,0.6931471805599453,"in a small bowl , whisk all the eggs together , well set aside pour the milk , salt and butter in a small saucepan por the eggs in slowly cook on medium heat after 5 minutes , mix the mixture wait another 2-3 minutes mix again scrambled eggs will start to form continue cooking and mixing until there is no or little runny eggs if there is runny eggs , drain in the sink serve ! is good with toast , bacon or just by itself","[""egg"", ""milk""]",2,4.25,4,4.346854891062432,4,4,1.6094379124341003,1.6094379124341003,1.6094379124341003,"[""breakfast"", ""brunch""]",[],"[""egg""]",[],2,0.80305904,15.0,4.346854891062432,"[""egg"", ""milk"", ""butter"", ""salt""]","[""egg"", ""milk"", ""butter"", ""salt""]","[""butter"", ""egg"", ""milk"", ""salt""]",True,"[""butter"", ""egg"", ""milk""]","[""egg"", ""milk""]","[""butter""]","[""butter"", ""egg"", ""milk""]",[],"[""egg"", ""milk""]","[""butter""]","[""egg"", ""milk"", ""butter"", ""salt""]",egg milk butter salt,0,0.6043204,군집 1
easy yellow rice,310914,30,176352,2008-06-30,"['30-minutes-or-less', 'time-to-make', 'course', 'main-ingredient', 'preparation', 'side-dishes', 'rice', 'easy', 'beginner-cook', 'dietary', 'pasta-rice-and-grains', 'medium-grain-rice']","[240.3, 12.0, 11.0, 65.0, 4.0, 5.0, 4.0]",10,"['in a large saucepan with a tight lid , bring 2 cups of vegetable broth to a boil', 'add 2 tbsp olive oil', 'add 8oz bag of yellow rice', 'stir while boiling for 1 minute', 'add 1 / 2 cup of cooking sherry', 'cover saucepan and reduce heat to simmer', 'cook for 20 minutes', 'add diced red peppers and quartered olives', 'stir and simmer for 3-5 minutes', 'serve hot !']","this is a quick way to jazz up yellow rice mix.  i got this recipe from my mother-in-law, who is the master of quick but flavorful dishes. i use vigo brand yellow rice,but others would work just as well. i make this as a side dish for mexican meals. it is colorful, easy, and super yummy!","['yellow rice mix', 'vegetable broth', 'olive oil', 'cooking sherry', 'roasted red peppers', 'green olives']",6,"[""yellow rice mix"", ""vegetable broth"", ""olive oil"", ""cooking sherry"", ""roasted red peppers"", ""green olives""]","[""30-minutes-or-less"", ""time-to-make"", ""course"", ""main-ingredient"", ""preparation"", ""side-dishes"", ""rice"", ""easy"", ""beginner-cook"", ""dietary"", ""pasta-rice-and-grains"", ""medium-grain-rice""]","[""in a large saucepan with a tight lid , bring 2 cups of vegetable broth to a boil"", ""add 2 tbsp olive oil"", ""add 8oz bag of yellow rice"", ""stir while boiling for 1 minute"", ""add 1 / 2 cup of cooking sherry"", ""cover saucepan and reduce heat to simmer"", ""cook for 20 minutes"", ""add diced red peppers and quartered olives"", ""stir and simmer for 3-5 minutes"", ""serve hot !""]",240.3,12.0,11.0,65.0,4.0,5.0,4.0,"[""cooking sherry"", ""green olives"", ""olive oil"", ""roasted red peppers"", ""vegetable broth"", ""yellow rice mix""]","[""cooking sherry"", ""green olives"", ""olive oil"", ""roasted red peppers"", ""vegetable broth"", ""yellow rice mix""]",78636,3.4339872044851463,5.4860409726309864,2.5649493574615367,2.4849066497880004,4.189654742026425,1.6094379124341003,1.791759469228055,1.6094379124341003,"in a large saucepan with a tight lid , bring 2 cups of vegetable broth to a boil add 2 tbsp olive oil add 8oz bag of yellow rice stir while boiling for 1 minute add 1 / 2 cup of cooking sherry cover saucepan and reduce heat to simmer cook for 20 minutes add diced red peppers and quartered olives stir and simmer for 3-5 minutes serve hot !","[""cooking sherry"", ""green olives"", ""roasted red peppers"", ""vegetable broth"", ""yellow rice mix""]",5,4.0,1,4.360376448791532,1,1,0.6931471805599453,0.6931471805599453,0.6931471805599453,"[""side_dish""]",[],"[""grain_rice_pasta""]",[],1,0.6663115,30.0,4.360376448791532,"[""yellow rice mix"", ""vegetable broth"", ""olive oil"", ""cooking sherry"", ""roasted red peppers"", ""green olives""]","[""yellow rice mix"", ""vegetable broth"", ""olive oil"", ""cooking sherry"", ""roasted red pepper"", ""green olives""]","[""cooking sherry"", ""green olives"", ""olive oil"", ""roasted red pepper"", ""vegetable broth"", ""yellow rice mix""]",True,"[""cooking sherry"", ""green olives"", ""olive oil"", ""roasted red pepper"", ""vegetable broth"", ""yellow rice mix""]","[""roasted red pepper""]","[""cooking sherry"", ""green olives"", ""olive oil"", ""vegetable broth"", ""yellow rice mix""]","[""olive oil"", ""vegetable broth""]","[""cooking sherry"", ""green olives"", ""roasted red pepper"", ""yellow rice mix""]","[""roasted red pepper""]","[""cooking sherry"", ""green olives"", ""olive oil"", ""vegetable broth"", ""yellow rice mix""]","[""yellow_rice_mix"", ""vegetable_broth"", ""olive_oil"", ""cooking_sherry"", ""roasted_red_pepper"", ""green_olives""]",yellow_rice_mix vegetable_broth olive_oil cooking_sherry roasted_red_pepper green_olives,1,0.6451929,군집 2
tomato  sausage and emmental croissants,88697,17,73836,2004-04-09,"['30-minutes-or-less', 'time-to-make', 'course', 'preparation', 'lunch', 'dietary', 'sandwiches']","[520.7, 56.0, 45.0, 33.0, 29.0, 71.0, 11.0]",15,"['preheat oven to 200c', 'split the sausages and squeeze out the meat', 'discard the skins', 'heat oil in a frying pan and crumble in the sausage meat', 'cook for 4 to 5 minutes , stirring occasionally until browned and slightly crisp in places', 'cut the tomatoes in half and add to pan', 'cook for 3 to 4 minutes , stirring occasionally until the tomatoes are wilted', 'add the chilli flakes and stir over the heat for 1 minute', 'add the creme fraiche and cook for 1 to 2 minutes until thickened', 'make a split down the center of each croissant', 'stir 2 / 3 of the emmental cheese into the sausage mixture , then divide between the croissants', 'put on a baking tray and sprinkle the remaining emmental cheese over the top', 'bake for 5 minutes until they are hot and the cheese has melted', 'garnish with the torn parsley', 'serve hot or warm']","if you are counting calories, give these a miss, but if you want a rare treat, totally delicious and scrummy good, try these out. you won't be dissappointed and every mouthful will be worth it. a quick, easy and delicious lunch dish or a light supper.","['sausages', 'olive oil', 'plum tomatoes', 'dried chili pepper flakes', 'creme fraiche', 'plain croissants', 'emmenthaler cheese', 'flat leaf parsley']",8,"[""sausages"", ""olive oil"", ""plum tomatoes"", ""dried chili pepper flakes"", ""creme fraiche"", ""plain croissants"", ""emmenthaler cheese"", ""flat leaf parsley""]","[""30-minutes-or-less"", ""time-to-make"", ""course"", ""preparation"", ""lunch"", ""dietary"", ""sandwiches""]","[""preheat oven to 200c"", ""split the sausages and squeeze out the meat"", ""discard the skins"", ""heat oil in a frying pan and crumble in the sausage meat"", ""cook for 4 to 5 minutes , stirring occasionally until browned and slightly crisp in places"", ""cut the tomatoes in half and add to pan"", ""cook for 3 to 4 minutes , stirring occasionally until the tomatoes are wilted"", ""add the chilli flakes and stir over the heat for 1 minute"", ""add the creme fraiche and cook for 1 to 2 minutes until thickened"", ""make a split down the center of each croissant"", ""stir 2 / 3 of the emmental cheese into the sausage mixture , then divide between the croissants"", ""put on a baking tray and sprinkle the remaining emmental cheese over the top"", ""bake for 5 minutes until they are hot and the cheese has melted"", ""garnish with the torn parsley"", ""serve hot or warm""]",520.7,56.0,45.0,33.0,29.0,71.0,11.0,"[""creme fraiche"", ""dried chili pepper flakes"", ""emmenthaler cheese"", ""flat leaf parsley"", ""olive oil"", ""plain croissants"", ""plum tomatoes"", ""sausages""]","[""creme fraiche"", ""dried chili pepper flakes"", ""emmenthaler cheese"", ""flat leaf parsley"", ""olive oil"", ""plain croissants"", ""plum tomatoes"", ""sausages""]",215244,2.8903717578961645,6.257092710028347,4.04305126783455,3.828641396489095,3.5263605246161616,3.4011973816621555,4.276666119016055,2.4849066497880004,"preheat oven to 200c split the sausages and squeeze out the meat discard the skins heat oil in a frying pan and crumble in the sausage meat cook for 4 to 5 minutes , stirring occasionally until browned and slightly crisp in places cut the tomatoes in half and add to pan cook for 3 to 4 minutes , stirring occasionally until the tomatoes are wilted add the chilli flakes and stir over the heat for 1 minute add the creme fraiche and cook for 1 to 2 minutes until thickened make a split down the center of each croissant stir 2 / 3 of the emmental cheese into the sausage mixture , then divide between the croissants put on a baking tray and sprinkle the remaining emmental cheese over the top bake for 5 minutes until they are hot and the cheese has melted garnish with the torn parsley serve hot or warm","[""creme fraiche"", ""dried chili pepper flakes"", ""emmenthaler cheese"", ""flat leaf parsley"", ""plain croissants"", ""plum tomatoes"", ""sausages""]",7,4.0,1,4.360376448791532,1,1,0.6931471805599453,0.6931471805599453,0.6931471805599453,"[""lunch""]","[""sandwich_burger""]",[],[],1,0.6683971,17.0,4.360376448791532,"[""sausages"", ""olive oil"", ""plum tomatoes"", ""dried chili pepper flakes"", ""creme fraiche"", ""plain croissants"", ""emmenthaler cheese"", ""flat leaf parsley""]","[""sausage"", ""olive oil"", ""plum tomato"", ""dried chili pepper flakes"", ""creme fraiche"", ""plain croissants"", ""emmenthaler cheese"", ""flat leaf parsley""]","[""creme fraiche"", ""dried chili pepper flakes"", ""emmenthaler cheese"", ""flat leaf parsley"", ""olive oil"", ""plain croissants"", ""plum tomato"", ""sausage""]",True,"[""creme fraiche"", ""dried chili pepper flakes"", ""emmenthaler cheese"", ""flat leaf parsley"", ""olive oil"", ""plain croissants"", ""plum tomato"", ""sausage""]","[""emmenthaler cheese"", ""plum tomato"", ""sausage""]","[""creme fraiche"", ""dried chili pepper flakes"", ""flat leaf parsley"", ""olive oil"", ""plain croissants""]","[""olive oil"", ""plum tomato""]","[""creme fraiche"", ""dried chili pepper flakes"", ""emmenthaler cheese"", ""flat leaf parsley"", ""plain croissants"", ""sausage""]","[""emmenthaler cheese"", ""plum tomato"", ""sausage""]","[""creme fraiche"", ""dried chili pepper flakes"", ""flat leaf parsley"", ""olive oil"", ""plain croissants""]","[""sausage"", ""olive_oil"", ""plum_tomato"", ""dried_chili_pepper_flakes"", ""creme_fraiche"", ""plain_croissants"", ""emmenthaler_cheese"", ""flat_leaf_parsley""]",sausage olive_oil plum_tomato dried_chili_pepper_flakes creme_fraiche plain_croissants emmenthaler_cheese flat_leaf_parsley,1,0.6451984,군집 2
riso verde  green rice,291765,30,446523,2008-03-13,"['30-minutes-or-less', 'time-to-make', 'course', 'main-ingredient', 'preparation', 'healthy', 'side-dishes', 'rice', 'easy', 'low-fat', 'dietary', 'low-sodium', 'low-cholesterol', 'low-saturated-fat', 'low-calorie', 'healthy-2', 'low-in-something', 'pasta-rice-and-grains', 'white-rice', 'long-grain-rice', '3-steps-or-less']","[356.9, 8.0, 7.0, 5.0, 25.0, 5.0, 23.0]",6,"['heat the oil in a large wide-based saucepan , add the spring onion and rice and cook over medium heat , stirring , for 2 minutes', 'add stock and 1 cup hot water and simmer over medium-low heat for about', '10 minutes or until liquid has reduced and rice is almost cooked', 'add spinach and parsley to rice mixture , then mix using a fork until combined', 'cover with a tight-fitting lid and cook over low heat for a further 8 minutes or until rice is cooked', 'fluff the rice with a fork , then divide among 4 bowls and serve immediately with lemon halves']","put in for green, eggs and ham tag.","['olive oil', 'spring onions', 'long-grain white rice', 'reduced-sodium chicken broth', 'frozen spinach', 'flat leaf parsley', 'lemons']",7,"[""olive oil"", ""spring onions"", ""long-grain white rice"", ""reduced-sodium chicken broth"", ""frozen spinach"", ""flat leaf parsley"", ""lemons""]","[""30-minutes-or-less"", ""time-to-make"", ""course"", ""main-ingredient"", ""preparation"", ""healthy"", ""side-dishes"", ""rice"", ""easy"", ""low-fat"", ""dietary"", ""low-sodium"", ""low-cholesterol"", ""low-saturated-fat"", ""low-calorie"", ""healthy-2"", ""low-in-something"", ""pasta-rice-and-grains"", ""white-rice"", ""long-grain-rice"", ""3-steps-or-less""]","[""heat the oil in a large wide-based saucepan , add the spring onion and rice and cook over medium heat , stirring , for 2 minutes"", ""add stock and 1 cup hot water and simmer over medium-low heat for about"", ""10 minutes or until liquid has reduced and rice is almost cooked"", ""add spinach and parsley to rice mixture , then mix using a fork until combined"", ""cover with a tight-fitting lid and cook over low heat for a further 8 minutes or until rice is cooked"", ""fluff the rice with a fork , then divide among 4 bowls and serve immediately with lemon halves""]",356.9,8.0,7.0,5.0,25.0,5.0,23.0,"[""flat leaf parsley"", ""frozen spinach"", ""lemons"", ""long-grain white rice"", ""olive oil"", ""reduced-sodium chicken broth"", ""spring onions""]","[""flat leaf parsley"", ""frozen spinach"", ""lemons"", ""long-grain white rice"", ""olive oil"", ""reduced-sodium chicken broth"", ""spring onions""]",174400,3.4339872044851463,5.88025361777198,2.1972245773362196,2.0794415416798357,1.791759469228055,3.258096538021482,1.791759469228055,3.1780538303479458,"heat the oil in a large wide-based saucepan , add the spring onion and rice and cook over medium heat , stirring , for 2 minutes add stock and 1 cup hot water and simmer over medium-low heat for about 10 minutes or until liquid has reduced and rice is almost cooked add spinach and parsley to rice mixture , then mix using a fork until combined cover with a tight-fitting lid and cook over low heat for a further 8 minutes or until rice is cooked fluff the rice with a fork , then divide among 4 bowls and serve immediately with lemon halves","[""flat leaf parsley"", ""frozen spinach"", ""lemons"", ""long-grain white rice"", ""reduced-sodium chicken broth"", ""spring onions""]",6,5.0,1,4.693709782124865,1,1,0.6931471805599453,0.6931471805599453,0.6931471805599453,"[""side_dish""]",[],"[""grain_rice_pasta""]",[],1,0.6659541,30.0,4.693709782124865,"[""olive oil"", ""spring onions"", ""long-grain white rice"", ""reduced-sodium chicken broth"", ""frozen spinach"", ""flat leaf parsley"", ""lemons""]","[""olive oil"", ""spring onion"", ""long-grain white rice"", ""reduced-sodium chicken broth"", ""frozen spinach"", ""flat leaf parsley"", ""lemon""]","[""flat leaf parsley"", ""frozen spinach"", ""lemon"", ""long-grain white rice"", ""olive oil"", ""reduced-sodium chicken broth"", ""spring onion""]",True,"[""flat leaf parsley"", ""frozen spinach"", ""lemon"", ""long-grain white rice"", ""olive oil"", ""reduced-sodium chicken broth"", ""spring onion""]","[""frozen spinach"", ""lemon"", ""long-grain white rice"", ""spring onion""]","[""flat leaf parsley"", ""olive oil"", ""reduced-sodium chicken broth""]","[""olive oil""]","[""flat leaf parsley"", ""frozen spinach"", ""lemon"", ""long-grain white rice"", ""reduced-sodium chicken broth"", ""spring onion""]","[""frozen spinach"", ""lemon"", ""long-grain white rice"", ""spring onion""]","[""flat leaf parsley"", ""olive oil"", ""reduced-sodium chicken broth""]","[""olive_oil"", ""spring_onion"", ""long-grain_white_rice"", ""reduced-sodium_chicken_broth"", ""frozen_spinach"", ""flat_leaf_parsley"", ""lemon""]",olive_oil spring_onion long-grain_white_rice reduced-sodium_chicken_broth frozen_spinach flat_leaf_parsley lemon,1,0.6460541,군집 2
you ve gotta try these nachos,241289,35,482376,2007-07-19,"['60-minutes-or-less', 'time-to-make', 'course', 'main-ingredient', 'cuisine', 'preparation', 'north-american', 'appetizers', 'main-dish', 'beef', 'eggs-dairy', 'mexican', 'easy', 'kid-friendly', 'cheese', 'stove-top', 'dietary', 'ground-beef', 'meat', 'equipment']","[1606.8, 132.0, 53.0, 80.0, 132.0, 147.0, 49.0]",19,"['arrange the corn chips on a large serving platter', 'combine the salsa ingredients and let the flavors meld', 'make the beef and beans topping:', 'heat a large nonstick skillet over medium high and add the olive oil , garlic , onion and jalapeno', 'saute for about 2 minutes', 'add meat and break into smaller bits', 'season with salt , chili powder , cumin and the cayenne pepper sauce', 'cook meat mixture until browned , about 5 minutes', 'stir in the beans and turn the heat down to low', 'make the cheese sauce:', 'in a saucepan , melt the butter over moderate heat', 'then add the flour , stirring and cooking for about a minute', 'whisk in milk', 'when the milk comes to a bubble , stir in cheese using a wooden spoon', 'remove cheese sauce from the heat', 'pour cheese sauce evenly over the tortilla chips', 'top evenly with the beef and beans mixture', 'top it all off with the pico de gallo salsa', ""serve it while it's hot !""]","this is one of my favorite recipes from rachael ray. these nachos are even company-worthy. the ingredients and steps are a bit involved (she can do it in 30 minutes) but are very worth the effort. i made a double batch of these for a family reunion and they were devoured.
*added note - if you end up with extra grease after browning the meat, drain. 
i recommend assembling as written for a wonderful presentation. the chips don't get soggy (unless you leave them sitting for a very long time!).  :-)","['corn tortilla chips', 'tomatoes', 'jalapeno pepper', 'white onion', 'cilantro leaf', 'extra virgin olive oil', 'garlic cloves', 'onion', 'ground sirloin', 'salt', 'dark chili powder', 'cumin', ""frank's red hot sauce"", 'black beans', 'butter', 'flour', 'whole milk', 'monterey jack pepper cheese', 'sour cream', 'avocados', 'black olives', 'scallion', 'hot sauce']",23,"[""corn tortilla chips"", ""tomatoes"", ""jalapeno pepper"", ""white onion"", ""cilantro leaf"", ""extra virgin olive oil"", ""garlic cloves"", ""onion"", ""ground sirloin"", ""salt"", ""dark chili powder"", ""cumin"", ""frank's red hot sauce"", ""black beans"", ""butter"", ""flour"", ""whole milk"", ""monterey jack pepper cheese"", ""sour cream"", ""avocados"", ""black olives"", ""scallion"", ""hot sauce""]","[""60-minutes-or-less"", ""time-to-make"", ""course"", ""main-ingredient"", ""cuisine"", ""preparation"", ""north-american"", ""appetizers"", ""main-dish"", ""beef"", ""eggs-dairy"", ""mexican"", ""easy"", ""kid-friendly"", ""cheese"", ""stove-top"", ""dietary"", ""ground-beef"", ""meat"", ""equipment""]","[""arrange the corn chips on a large serving platter"", ""combine the salsa ingredients and let the flavors meld"", ""make the beef and beans topping:"", ""heat a large nonstick skillet over medium high and add the olive oil , garlic , onion and jalapeno"", ""saute for about 2 minutes"", ""add meat and break into smaller bits"", ""season with salt , chili powder , cumin and the cayenne pepper sauce"", ""cook meat mixture until browned , about 5 minutes"", ""stir in the beans and turn the heat down to low"", ""make the cheese sauce:"", ""in a saucepan , melt the butter over moderate heat"", ""then add the flour , stirring and cooking for about a minute"", ""whisk in milk"", ""when the milk comes to a bubble , stir in cheese using a wooden spoon"", ""remove cheese sauce from the heat"", ""pour cheese sauce evenly over the tortilla chips"", ""top evenly with the beef and beans mixture"", ""top it all off with the pico de gallo salsa"", ""serve it while it's hot !""]",1606.8,132.0,53.0,80.0,132.0,147.0,49.0,"[""avocados"", ""black beans"", ""black olives"", ""butter"", ""cilantro leaf"", ""corn tortilla chips"", ""cumin"", ""dark chili powder"", ""extra virgin olive oil"", ""flour"", ""frank's red hot sauce"", ""garlic cloves"", ""ground sirloin"", ""hot sauce"", ""jalapeno pepper"", ""monterey jack pepper cheese"", ""onion"", ""salt"", ""scallion"", ""sour cream"", ""tomatoes"", ""white onion"", ""whole milk""]","[""avocados"", ""black beans"", ""black olives"", ""butter"", ""cilantro leaf"", ""corn tortilla chips"", ""cumin"", ""dark chili powder"", ""extra virgin olive oil"", ""flour"", ""frank's red hot sauce"", ""garlic cloves"", ""ground sirloin"", ""hot sauce"", ""jalapeno pepper"", ""monterey jack pepper cheese"", ""onion"", ""salt"", ""scallion"", ""sour cream"", ""tomatoes"", ""white onion"", ""whole milk""]",229595,3.58351893845611,7.38262206389386,4.890349128221754,3.9889840465642745,4.394449154672439,4.890349128221754,4.997212273764115,3.912023005428146,"arrange the corn chips on a large serving platter combine the salsa ingredients and let the flavors meld make the beef and beans topping: heat a large nonstick skillet over medium high and add the olive oil , garlic , onion and jalapeno saute for about 2 minutes add meat and break into smaller bits season with salt , chili powder , cumin and the cayenne pepper sauce cook meat mixture until browned , about 5 minutes stir in the beans and turn the heat down to low make the cheese sauce: in a saucepan , melt the butter over moderate heat then add the flour , stirring and cooking for about a minute whisk in milk when the milk comes to a bubble , stir in cheese using a wooden spoon remove cheese sauce from the heat pour cheese sauce evenly over the tortilla chips top evenly with the beef and beans mixture top it all off with the pico de gallo salsa serve it while it's hot !","[""avocados"", ""black beans"", ""black olives"", ""cilantro leaf"", ""corn tortilla chips"", ""cumin"", ""dark chili powder"", ""extra virgin olive oil"", ""frank's red hot sauce"", ""garlic cloves"", ""ground sirloin"", ""hot sauce"", ""jalapeno pepper"", ""monterey jack pepper cheese"", ""scallion"", ""sour cream"", ""tomatoes"", ""white onion"", ""whole milk""]",19,4.727272727272728,11,4.698548411259584,11,11,2.4849066497880004,2.4849066497880004,2.4849066497880004,"[""appetizer"", ""main_dish""]",[],"[""beef"", ""dairy_cheese""]","[""mexican""]",4,0.89043355,35.0,4.698548411259584,"[""corn tortilla chips"", ""tomatoes"", ""jalapeno pepper"", ""white onion"", ""cilantro leaf"", ""extra virgin olive oil"", ""garlic cloves"", ""onion"", ""ground sirloin"", ""salt"", ""dark chili powder"", ""cumin"", ""frank's red hot sauce"", ""black beans"", ""butter"", ""flour"", ""whole milk"", ""monterey jack pepper cheese"", ""sour cream"", ""avocados"", ""black olives"", ""scallion"", ""hot sauce""]","[""corn tortilla chips"", ""tomatoes"", ""jalapeno pepper"", ""white onion"", ""cilantro"", ""olive oil"", ""garlic"", ""onion"", ""ground sirloin"", ""salt"", ""dark chili powder"", ""cumin"", ""frank's red hot sauce"", ""black beans"", ""butter"", ""flour"", ""milk"", ""monterey jack pepper cheese"", ""sour cream"", ""avocado"", ""black olives"", ""scallion"", ""hot sauce""]","[""avocado"", ""black beans"", ""black olives"", ""butter"", ""cilantro"", ""corn tortilla chips"", ""cumin"", ""dark chili powder"", ""flour"", ""frank's red hot sauce"", ""garlic"", ""ground sirloin"", ""hot sauce"", ""jalapeno pepper"", ""milk"", ""monterey jack pepper cheese"", ""olive oil"", ""onion"", ""salt"", ""scallion"", ""sour cream"", ""tomatoes"", ""white onion""]",True,"[""avocado"", ""black beans"", ""black olives"", ""butter"", ""cilantro"", ""corn tortilla chips"", ""cumin"", ""dark chili powder"", ""flour"", ""frank's red hot sauce"", ""garlic"", ""ground sirloin"", ""hot sauce"", ""jalapeno pepper"", ""milk"", ""monterey jack pepper cheese"", ""olive oil"", ""onion"", ""scallion"", ""sour cream"", ""tomatoes"", ""white onion""]","[""avocado"", ""black beans"", ""corn tortilla chips"", ""flour"", ""ground sirloin"", ""jalapeno pepper"", ""milk"", ""monterey jack pepper cheese"", ""onion"", ""scallion"", ""sour cream"", ""tomatoes"", ""white onion""]","[""black olives"", ""butter"", ""cilantro"", ""cumin"", ""dark chili powder"", ""frank's red hot sauce"", ""garlic"", ""hot sauce"", ""olive oil""]","[""cilantro"", ""jalapeno pepper"", ""tomatoes"", ""white onion""]","[""avocado"", ""black beans"", ""black olives"", ""butter"", ""corn tortilla chips"", ""cumin"", ""dark chili powder"", ""flour"", ""frank's red hot sauce"", ""garlic"", ""ground sirloin"", ""hot sauce"", ""milk"", ""monterey jack pepper cheese"", ""olive oil"", ""onion"", ""scallion"", ""sour cream""]","[""avocado"", ""black beans"", ""corn tortilla chips"", ""flour"", ""ground sirloin"", ""jalapeno pepper"", ""milk"", ""monterey jack pepper cheese"", ""onion"", ""scallion"", ""sour cream"", ""tomatoes"", ""white onion""]","[""black olives"", ""butter"", ""cilantro"", ""cumin"", ""dark chili powder"", ""frank's red hot sauce"", ""garlic"", ""hot sauce"", ""olive oil""]","[""corn_tortilla_chips"", ""tomatoes"", ""jalapeno_pepper"", ""white_onion"", ""cilantro"", ""olive_oil"", ""garlic"", ""onion"", ""ground_sirloin"", ""salt"", ""dark_chili_powder"", ""cumin"", ""frank_s_red_hot_sauce"", ""black_beans"", ""butter"", ""flour"", ""milk"", ""monterey_jack_pepper_cheese"", ""sour_cream"", ""avocado"", ""black_olives"", ""scallion"", ""hot_sauce""]",corn_tortilla_chips tomatoes jalapeno_pepper white_onion cilantro olive_oil garlic onion ground_sirloin salt dark_chili_powder cumin frank_s_red_hot_sauce black_beans butter flour milk monterey_jack_pepper_cheese sour_cream avocado black_olives scallion hot_sauce,2,0.8576212,군집 3
johnny jalapeno s chicken tortilla soup,389618,30,452940,2009-09-09,"['30-minutes-or-less', 'time-to-make', 'course', 'cuisine', 'preparation', 'north-american', 'soups-stews', 'mexican', 'easy', 'inexpensive']","[639.0, 50.0, 25.0, 59.0, 73.0, 58.0, 18.0]",7,"['in dutch oven , heat the oil over medium heat', 'add the onions , garlic , and cubed chicken , cooking for 3-5 minutes', 'add cilantro and tortillas and cook for another 2-3 minutes , stirring occasionally', 'add the chicken stock , rotel tomatoes , chipolte peppers with sauce , chopped jalapenos , and bay leaf and bring to a boil', 'reduce heat , and add seasonings , beans and corn', 'let simmer for 10 minutes', 'remove bay leaf and serve with garnishes']","jj's fiery hot soup, made fresh and ready in minutes. johnny has been known to add leftover rice to the soup also. ;)","['vegetable oil', 'onion', 'garlic cloves', 'chicken breasts', 'cilantro', 'corn tortillas', 'chicken stock', 'rotel tomatoes', 'chipotle chiles in adobo', 'jalapeno', 'bay leaf', 'ground cumin', 'chili powder', 'black pepper', 'cayenne pepper', 'salt', 'black beans', 'whole kernel corn', 'cooked rice', 'monterey jack cheese', 'avocado', 'sour cream', 'corn chips']",23,"[""vegetable oil"", ""onion"", ""garlic cloves"", ""chicken breasts"", ""cilantro"", ""corn tortillas"", ""chicken stock"", ""rotel tomatoes"", ""chipotle chiles in adobo"", ""jalapeno"", ""bay leaf"", ""ground cumin"", ""chili powder"", ""black pepper"", ""cayenne pepper"", ""salt"", ""black beans"", ""whole kernel corn"", ""cooked rice"", ""monterey jack cheese"", ""avocado"", ""sour cream"", ""corn chips""]","[""30-minutes-or-less"", ""time-to-make"", ""course"", ""cuisine"", ""preparation"", ""north-american"", ""soups-stews"", ""mexican"", ""easy"", ""inexpensive""]","[""in dutch oven , heat the oil over medium heat"", ""add the onions , garlic , and cubed chicken , cooking for 3-5 minutes"", ""add cilantro and tortillas and cook for another 2-3 minutes , stirring occasionally"", ""add the chicken stock , rotel tomatoes , chipolte peppers with sauce , chopped jalapenos , and bay leaf and bring to a boil"", ""reduce heat , and add seasonings , beans and corn"", ""let simmer for 10 minutes"", ""remove bay leaf and serve with garnishes""]",639.0,50.0,25.0,59.0,73.0,58.0,18.0,"[""avocado"", ""bay leaf"", ""black beans"", ""black pepper"", ""cayenne pepper"", ""chicken breasts"", ""chicken stock"", ""chili powder"", ""chipotle chiles in adobo"", ""cilantro"", ""cooked rice"", ""corn chips"", ""corn tortillas"", ""garlic cloves"", ""ground cumin"", ""jalapeno"", ""monterey jack cheese"", ""onion"", ""rotel tomatoes"", ""salt"", ""sour cream"", ""vegetable oil"", ""whole kernel corn""]","[""avocado"", ""bay leaf"", ""black beans"", ""black pepper"", ""cayenne pepper"", ""chicken breasts"", ""chicken stock"", ""chili powder"", ""chipotle chiles in adobo"", ""cilantro"", ""cooked rice"", ""corn chips"", ""corn tortillas"", ""garlic cloves"", ""ground cumin"", ""jalapeno"", ""monterey jack cheese"", ""onion"", ""rotel tomatoes"", ""salt"", ""sour cream"", ""vegetable oil"", ""whole kernel corn""]",115478,3.4339872044851463,6.461468176353717,3.9318256327243257,3.258096538021482,4.0943445622221,4.30406509320417,4.07753744390572,2.9444389791664403,"in dutch oven , heat the oil over medium heat add the onions , garlic , and cubed chicken , cooking for 3-5 minutes add cilantro and tortillas and cook for another 2-3 minutes , stirring occasionally add the chicken stock , rotel tomatoes , chipolte peppers with sauce , chopped jalapenos , and bay leaf and bring to a boil reduce heat , and add seasonings , beans and corn let simmer for 10 minutes remove bay leaf and serve with garnishes","[""avocado"", ""bay leaf"", ""black beans"", ""cayenne pepper"", ""chicken breasts"", ""chicken stock"", ""chili powder"", ""chipotle chiles in adobo"", ""cilantro"", ""cooked rice"", ""corn chips"", ""corn tortillas"", ""garlic cloves"", ""ground cumin"", ""jalapeno"", ""monterey jack cheese"", ""rotel tomatoes"", ""sour cream"", ""whole kernel corn""]",19,4.9,10,4.840094112197883,10,10,2.3978952727983707,2.3978952727983707,2.3978952727983707,"[""main_dish""]","[""soup_stew""]","[""chicken"", ""legume"", ""vegetable""]","[""mexican""]",4,0.90789086,30.0,4.840094112197883,"[""vegetable oil"", ""onion"", ""garlic cloves"", ""chicken breasts"", ""cilantro"", ""corn tortillas"", ""chicken stock"", ""rotel tomatoes"", ""chipotle chiles in adobo"", ""jalapeno"", ""bay leaf"", ""ground cumin"", ""chili powder"", ""black pepper"", ""cayenne pepper"", ""salt"", ""black beans"", ""whole kernel corn"", ""cooked rice"", ""monterey jack cheese"", ""avocado"", ""sour cream"", ""corn chips""]","[""vegetable oil"", ""onion"", ""garlic"", ""chicken breast"", ""cilantro"", ""corn tortilla"", ""chicken stock"", ""rotel tomatoes"", ""chipotle chiles in adobo"", ""jalapeno"", ""bay leaf"", ""ground cumin"", ""chili powder"", ""black pepper"", ""cayenne pepper"", ""salt"", ""black beans"", ""kernel corn"", ""rice"", ""monterey jack cheese"", ""avocado"", ""sour cream"", ""corn chips""]","[""avocado"", ""bay leaf"", ""black beans"", ""black pepper"", ""cayenne pepper"", ""chicken breast"", ""chicken stock"", ""chili powder"", ""chipotle chiles in adobo"", ""cilantro"", ""corn chips"", ""corn tortilla"", ""garlic"", ""ground cumin"", ""jalapeno"", ""kernel corn"", ""monterey jack cheese"", ""onion"", ""rice"", ""rotel tomatoes"", ""salt"", ""sour cream"", ""vegetable oil""]",True,"[""avocado"", ""bay leaf"", ""black beans"", ""cayenne pepper"", ""chicken breast"", ""chicken stock"", ""chili powder"", ""chipotle chiles in adobo"", ""cilantro"", ""corn chips"", ""corn tortilla"", ""garlic"", ""ground cumin"", ""jalapeno"", ""kernel corn"", ""monterey jack cheese"", ""onion"", ""rice"", ""rotel tomatoes"", ""sour cream""]","[""avocado"", ""black beans"", ""chicken breast"", ""corn chips"", ""corn tortilla"", ""jalapeno"", ""kernel corn"", ""monterey jack cheese"", ""onion"", ""rice"", ""rotel tomatoes"", ""sour cream""]","[""bay leaf"", ""cayenne pepper"", ""chicken stock"", ""chili powder"", ""chipotle chiles in adobo"", ""cilantro"", ""garlic"", ""ground cumin""]","[""chicken breast"", ""cilantro"", ""garlic"", ""onion""]","[""avocado"", ""bay leaf"", ""black beans"", ""cayenne pepper"", ""chicken stock"", ""chili powder"", ""chipotle chiles in adobo"", ""corn chips"", ""corn tortilla"", ""ground cumin"", ""jalapeno"", ""kernel corn"", ""monterey jack cheese"", ""rice"", ""rotel tomatoes"", ""sour cream""]","[""avocado"", ""black beans"", ""chicken breast"", ""corn chips"", ""corn tortilla"", ""jalapeno"", ""kernel corn"", ""monterey jack cheese"", ""onion"", ""rice"", ""rotel tomatoes"", ""sour cream""]","[""bay leaf"", ""cayenne pepper"", ""chicken stock"", ""chili powder"", ""chipotle chiles in adobo"", ""cilantro"", ""garlic"", ""ground cumin""]","[""vegetable_oil"", ""onion"", ""garlic"", ""chicken_breast"", ""cilantro"", ""corn_tortilla"", ""chicken_stock"", ""rotel_tomatoes"", ""chipotle_chiles_in_adobo"", ""jalapeno"", ""bay_leaf"", ""ground_cumin"", ""chili_powder"", ""black_pepper"", ""cayenne_pepper"", ""salt"", ""black_beans"", ""kernel_corn"", ""rice"", ""monterey_jack_cheese"", ""avocado"", ""sour_cream"", ""corn_chips""]",vegetable_oil onion garlic chicken_breast cilantro corn_tortilla chicken_stock rotel_tomatoes chipotle_chiles_in_adobo jalapeno bay_leaf ground_cumin chili_powder black_pepper cayenne_pepper salt black_beans kernel_corn rice monterey_jack_cheese avocado sour_cream corn_chips,2,0.86010444,군집 3
green chile enchilada casserole,225334,35,228458,2007-04-29,"['60-minutes-or-less', 'time-to-make', 'course', 'main-ingredient', 'cuisine', 'preparation', 'north-american', 'casseroles', 'main-dish', 'poultry', 'american', 'southwestern-united-states', 'oven', 'chicken', 'meat', 'equipment']","[248.5, 7.0, 33.0, 40.0, 34.0, 6.0, 11.0]",14,"['preheat oven to 350', 'in a non-stick skillet coated with cooking spray saute onions , garlic , bell pepper , and corn until tender', 'remove from heat', 'stir in chicken , salt , and pepper , then add 1 / 2 c of enchilada sauce', 'mix well', 'spread 1 / 4 c enchilada sauce on the bottom of an 11x7 inch pan', 'spread 4 tortillas with sour cream , then place in pan', 'pour half the chicken mixture on top', 'add 1 / 4 cheese and top with two tortillas', 'pour 1 / 4 c enchilada sauce over tortillas , then cover with remaining chicken mixture and 1 / 4 c cheese', 'spread 1 t of sour cream on two tortillas , then place them cream side down on top of casserole', 'you will want to layer them crossways from the two tortillas below', 'spread 1 / 4 c enchilada sauce on top of tortillas , then sprinkle with remaining 1 / 2 c cheese', 'bake at 350 for 20-25 minutes or until cheese is bubbly']","my husband and i were feeling nostalgic for green chile (we used to live in nm), so we dug into the precious hatch supply and this is what i came up with. if you can't get ahold of hatch, try for the most flavorful green enchilada sauce you can find. if you can get hatch--send some to me lol! the steps look involved but really this takes no time at all.","['green enchilada sauce', 'corn tortillas', 'cooked chicken breasts', 'bell pepper', 'onion', 'frozen corn', 'garlic cloves', 'salt', 'black pepper', 'fat free sour cream', 'reduced-fat cheddar cheese']",11,"[""green enchilada sauce"", ""corn tortillas"", ""cooked chicken breasts"", ""bell pepper"", ""onion"", ""frozen corn"", ""garlic cloves"", ""salt"", ""black pepper"", ""fat free sour cream"", ""reduced-fat cheddar cheese""]","[""60-minutes-or-less"", ""time-to-make"", ""course"", ""main-ingredient"", ""cuisine"", ""preparation"", ""north-american"", ""casseroles"", ""main-dish"", ""poultry"", ""american"", ""southwestern-united-states"", ""oven"", ""chicken"", ""meat"", ""equipment""]","[""preheat oven to 350"", ""in a non-stick skillet coated with cooking spray saute onions , garlic , bell pepper , and corn until tender"", ""remove from heat"", ""stir in chicken , salt , and pepper , then add 1 / 2 c of enchilada sauce"", ""mix well"", ""spread 1 / 4 c enchilada sauce on the bottom of an 11x7 inch pan"", ""spread 4 tortillas with sour cream , then place in pan"", ""pour half the chicken mixture on top"", ""add 1 / 4 cheese and top with two tortillas"", ""pour 1 / 4 c enchilada sauce over tortillas , then cover with remaining chicken mixture and 1 / 4 c cheese"", ""spread 1 t of sour cream on two tortillas , then place them cream side down on top of casserole"", ""you will want to layer them crossways from the two tortillas below"", ""spread 1 / 4 c enchilada sauce on top of tortillas , then sprinkle with remaining 1 / 2 c cheese"", ""bake at 350 for 20-25 minutes or until cheese is bubbly""]",248.5,7.0,33.0,40.0,34.0,6.0,11.0,"[""bell pepper"", ""black pepper"", ""cooked chicken breasts"", ""corn tortillas"", ""fat free sour cream"", ""frozen corn"", ""garlic cloves"", ""green enchilada sauce"", ""onion"", ""reduced-fat cheddar cheese"", ""salt""]","[""bell pepper"", ""black pepper"", ""cooked chicken breasts"", ""corn tortillas"", ""fat free sour cream"", ""frozen corn"", ""garlic cloves"", ""green enchilada sauce"", ""onion"", ""reduced-fat cheddar cheese"", ""salt""]",97496,3.58351893845611,5.519458915191573,2.0794415416798357,3.5263605246161616,3.713572066704308,3.5553480614894135,1.9459101490553132,2.4849066497880004,"preheat oven to 350 in a non-stick skillet coated with cooking spray saute onions , garlic , bell pepper , and corn until tender remove from heat stir in chicken , salt , and pepper , then add 1 / 2 c of enchilada sauce mix well spread 1 / 4 c enchilada sauce on the bottom of an 11x7 inch pan spread 4 tortillas with sour cream , then place in pan pour half the chicken mixture on top add 1 / 4 cheese and top with two tortillas pour 1 / 4 c enchilada sauce over tortillas , then cover with remaining chicken mixture and 1 / 4 c cheese spread 1 t of sour cream on two tortillas , then place them cream side down on top of casserole you will want to layer them crossways from the two tortillas below spread 1 / 4 c enchilada sauce on top of tortillas , then sprinkle with remaining 1 / 2 c cheese bake at 350 for 20-25 minutes or until cheese is bubbly","[""bell pepper"", ""cooked chicken breasts"", ""corn tortillas"", ""fat free sour cream"", ""frozen corn"", ""garlic cloves"", ""green enchilada sauce"", ""reduced-fat cheddar cheese""]",8,4.571428571428571,7,4.564569927374955,7,7,2.0794415416798357,2.0794415416798357,2.0794415416798357,"[""main_dish""]","[""casserole""]","[""chicken""]","[""southwestern-united-states""]",4,0.8995468,35.0,4.564569927374955,"[""green enchilada sauce"", ""corn tortillas"", ""cooked chicken breasts"", ""bell pepper"", ""onion"", ""frozen corn"", ""garlic cloves"", ""salt"", ""black pepper"", ""fat free sour cream"", ""reduced-fat cheddar cheese""]","[""green enchilada sauce"", ""corn tortilla"", ""chicken breast"", ""bell pepper"", ""onion"", ""frozen corn"", ""garlic"", ""salt"", ""black pepper"", ""fat free sour cream"", ""reduced-fat cheddar cheese""]","[""bell pepper"", ""black pepper"", ""chicken breast"", ""corn tortilla"", ""fat free sour cream"", ""frozen corn"", ""garlic"", ""green enchilada sauce"", ""onion"", ""reduced-fat cheddar cheese"", ""salt""]",True,"[""bell pepper"", ""chicken breast"", ""corn tortilla"", ""fat free sour cream"", ""frozen corn"", ""garlic"", ""green enchilada sauce"", ""onion"", ""reduced-fat cheddar cheese""]","[""bell pepper"", ""chicken breast"", ""corn tortilla"", ""fat free sour cream"", ""frozen corn"", ""onion"", ""reduced-fat cheddar cheese""]","[""garlic"", ""green enchilada sauce""]","[""bell pepper"", ""chicken breast"", ""onion""]","[""corn tortilla"", ""fat free sour cream"", ""frozen corn"", ""garlic"", ""green enchilada sauce"", ""reduced-fat cheddar cheese""]","[""bell pepper"", ""chicken breast"", ""corn tortilla"", ""fat free sour cream"", ""frozen corn"", ""onion"", ""reduced-fat cheddar cheese""]","[""garlic"", ""green enchilada sauce""]","[""green_enchilada_sauce"", ""corn_tortilla"", ""chicken_breast"", ""bell_pepper"", ""onion"", ""frozen_corn"", ""garlic"", ""salt"", ""black_pepper"", ""fat_free_sour_cream"", ""reduced-fat_cheddar_cheese""]",green_enchilada_sauce corn_tortilla chicken_breast bell_pepper onion frozen_corn garlic salt black_pepper fat_free_sour_cream reduced-fat_cheddar_cheese,2,0.86014825,군집 3
skor bar sugar cookies,99435,22,149363,2004-09-08,"['30-minutes-or-less', 'time-to-make', 'course', 'main-ingredient', 'cuisine', 'preparation', 'occasion', 'north-american', 'for-large-groups', 'hand-formed-cookies', 'desserts', 'canadian', 'oven', 'easy', 'kid-friendly', 'cookies-and-brownies', 'chocolate', 'dietary', 'comfort-food', 'ontario', 'taste-mood', 'sweet', 'equipment', 'number-of-servings']","[201.7, 16.0, 59.0, 5.0, 3.0, 33.0, 8.0]",10,"['preheat oven to 350f', 'sift flour , salt , baking powder and baking soda together , set aside', 'in a large bowl cream together butter and sugar with an electric mixer', 'add vanilla and eggs and beat until smooth', 'add flour mixture and beat until just combined', 'mix in skor pieces by hand', 'shape into 1 1 / 2 inch balls and roll in sugar', 'place on cookie sheet and flatten with the bottom of a glass', 'bake about 10-12 minutes until set but not brown', 'cool on cookie sheet for 2 minutes and transfer to rack']",mmmmmmmm....skor bars (or heath bars if you can't find skor)! these are easy and delicious with lots of skor pieces that melt in your mouth.,"['sugar', 'butter', 'vanilla', 'eggs', 'all-purpose flour', 'baking powder', 'baking soda', 'salt', 'skor english toffee bits']",9,"[""sugar"", ""butter"", ""vanilla"", ""eggs"", ""all-purpose flour"", ""baking powder"", ""baking soda"", ""salt"", ""skor english toffee bits""]","[""30-minutes-or-less"", ""time-to-make"", ""course"", ""main-ingredient"", ""cuisine"", ""preparation"", ""occasion"", ""north-american"", ""for-large-groups"", ""hand-formed-cookies"", ""desserts"", ""canadian"", ""oven"", ""easy"", ""kid-friendly"", ""cookies-and-brownies"", ""chocolate"", ""dietary"", ""comfort-food"", ""ontario"", ""taste-mood"", ""sweet"", ""equipment"", ""number-of-servings""]","[""preheat oven to 350f"", ""sift flour , salt , baking powder and baking soda together , set aside"", ""in a large bowl cream together butter and sugar with an electric mixer"", ""add vanilla and eggs and beat until smooth"", ""add flour mixture and beat until just combined"", ""mix in skor pieces by hand"", ""shape into 1 1 / 2 inch balls and roll in sugar"", ""place on cookie sheet and flatten with the bottom of a glass"", ""bake about 10-12 minutes until set but not brown"", ""cool on cookie sheet for 2 minutes and transfer to rack""]",201.7,16.0,59.0,5.0,3.0,33.0,8.0,"[""all-purpose flour"", ""baking powder"", ""baking soda"", ""butter"", ""egg"", ""salt"", ""skor english toffee bits"", ""sugar"", ""vanilla""]","[""all-purpose flour"", ""baking powder"", ""baking soda"", ""butter"", ""egg"", ""salt"", ""skor english toffee bits"", ""sugar"", ""vanilla""]",188331,3.1354942159291497,5.311727053457954,2.833213344056216,4.0943445622221,1.791759469228055,1.3862943611198906,3.5263605246161616,2.1972245773362196,"preheat oven to 350f sift flour , salt , baking powder and baking soda together , set aside in a large bowl cream together butter and sugar with an electric mixer add vanilla and eggs and beat until smooth add flour mixture and beat until just combined mix in skor pieces by hand shape into 1 1 / 2 inch balls and roll in sugar place on cookie sheet and flatten with the bottom of a glass bake about 10-12 minutes until set but not brown cool on cookie sheet for 2 minutes and transfer to rack","[""all-purpose flour"", ""baking powder"", ""baking soda"", ""egg"", ""skor english toffee bits"", ""vanilla""]",6,4.777777777777778,27,4.761418253323262,28,28,3.332204510175204,3.367295829986474,3.367295829986474,"[""dessert""]","[""cookie_brownie""]","[""chocolate_cocoa""]","[""canadian"", ""ontario""]",2,0.73365194,22.0,4.761418253323262,"[""sugar"", ""butter"", ""vanilla"", ""egg"", ""all-purpose flour"", ""baking powder"", ""baking soda"", ""salt"", ""skor english toffee bits""]","[""sugar"", ""butter"", ""vanilla"", ""egg"", ""all-purpose flour"", ""baking powder"", ""baking soda"", ""salt"", ""skor english toffee bits""]","[""all-purpose flour"", ""baking powder"", ""baking soda"", ""butter"", ""egg"", ""salt"", ""skor english toffee bits"", ""sugar"", ""vanilla""]",True,"[""all-purpose flour"", ""baking powder"", ""baking soda"", ""butter"", ""egg"", ""skor english toffee bits"", ""vanilla""]","[""all-purpose flour"", ""egg""]","[""baking powder"", ""baking soda"", ""butter"", ""skor english toffee bits"", ""vanilla""]","[""all-purpose flour"", ""butter"", ""egg"", ""vanilla""]","[""baking powder"", ""baking soda"", ""skor english toffee bits""]","[""all-purpose flour"", ""egg""]","[""baking powder"", ""baking soda"", ""butter"", ""skor english toffee bits"", ""vanilla""]","[""sugar"", ""butter"", ""vanilla"", ""egg"", ""all-purpose_flour"", ""baking_powder"", ""baking_soda"", ""salt"", ""skor_english_toffee_bits""]",sugar butter vanilla egg all-purpose_flour baking_powder baking_soda salt skor_english_toffee_bits,3,0.5968012,군집 4
your favorite yogurt  muffins,162946,36,146426,2006-04-04,"['60-minutes-or-less', 'time-to-make', 'course', 'preparation', 'occasion', 'breads', 'breakfast', 'easy', 'muffins', 'quick-breads', 'brunch']","[185.2, 14.0, 37.0, 8.0, 6.0, 27.0, 7.0]",9,"['heat oven to 400f', 'combine butter , yogurt , egg , fat free half & half and almond extract in large bowl', 'stir together flour , sugar , baking powder , baking soda and salt in medium bowl', 'stir flour mixture into butter mixture just until moistened', 'spoon batter into 12 greased or paper-lined muffin cups', 'bake for 16 to 19 minutes or until toothpick inserted in center comes out clean', 'cool 5 minutes', 'remove from pan', 'can be glazed with your favorite glaze recipe']","from land o lakes, a wonderful recipe, easily tweaked using your favorite yogurt flavor.","['all-purpose flour', 'sugar', 'baking powder', 'baking soda', 'salt', 'butter', 'yogurt', 'egg', 'half-and-half cream', 'vanilla']",10,"[""all-purpose flour"", ""sugar"", ""baking powder"", ""baking soda"", ""salt"", ""butter"", ""yogurt"", ""egg"", ""half-and-half cream"", ""vanilla""]","[""60-minutes-or-less"", ""time-to-make"", ""course"", ""preparation"", ""occasion"", ""breads"", ""breakfast"", ""easy"", ""muffins"", ""quick-breads"", ""brunch""]","[""heat oven to 400f"", ""combine butter , yogurt , egg , fat free half & half and almond extract in large bowl"", ""stir together flour , sugar , baking powder , baking soda and salt in medium bowl"", ""stir flour mixture into butter mixture just until moistened"", ""spoon batter into 12 greased or paper-lined muffin cups"", ""bake for 16 to 19 minutes or until toothpick inserted in center comes out clean"", ""cool 5 minutes"", ""remove from pan"", ""can be glazed with your favorite glaze recipe""]",185.2,14.0,37.0,8.0,6.0,27.0,7.0,"[""all-purpose flour"", ""baking powder"", ""baking soda"", ""butter"", ""egg"", ""half-and-half cream"", ""salt"", ""sugar"", ""vanilla"", ""yogurt""]","[""all-purpose flour"", ""baking powder"", ""baking soda"", ""butter"", ""egg"", ""half-and-half cream"", ""salt"", ""sugar"", ""vanilla"", ""yogurt""]",229615,3.6109179126442243,5.226821364842967,2.70805020110221,3.6375861597263857,2.1972245773362196,1.9459101490553132,3.332204510175204,2.0794415416798357,"heat oven to 400f combine butter , yogurt , egg , fat free half & half and almond extract in large bowl stir together flour , sugar , baking powder , baking soda and salt in medium bowl stir flour mixture into butter mixture just until moistened spoon batter into 12 greased or paper-lined muffin cups bake for 16 to 19 minutes or until toothpick inserted in center comes out clean cool 5 minutes remove from pan can be glazed with your favorite glaze recipe","[""all-purpose flour"", ""baking powder"", ""baking soda"", ""egg"", ""half-and-half cream"", ""vanilla"", ""yogurt""]",7,4.5,2,4.520282336593649,2,2,1.0986122886681098,1.0986122886681098,1.0986122886681098,"[""breakfast"", ""brunch""]","[""bread"", ""muffin""]",[],[],2,0.73265415,36.0,4.520282336593649,"[""all-purpose flour"", ""sugar"", ""baking powder"", ""baking soda"", ""salt"", ""butter"", ""yogurt"", ""egg"", ""half-and-half cream"", ""vanilla""]","[""all-purpose flour"", ""sugar"", ""baking powder"", ""baking soda"", ""salt"", ""butter"", ""yogurt"", ""egg"", ""half-and-half cream"", ""vanilla""]","[""all-purpose flour"", ""baking powder"", ""baking soda"", ""butter"", ""egg"", ""half-and-half cream"", ""salt"", ""sugar"", ""vanilla"", ""yogurt""]",True,"[""all-purpose flour"", ""baking powder"", ""baking soda"", ""butter"", ""egg"", ""half-and-half cream"", ""vanilla"", ""yogurt""]","[""all-purpose flour"", ""egg"", ""half-and-half cream"", ""yogurt""]","[""baking powder"", ""baking soda"", ""butter"", ""vanilla""]","[""all-purpose flour"", ""baking powder"", ""baking soda""]","[""butter"", ""egg"", ""half-and-half cream"", ""vanilla"", ""yogurt""]","[""all-purpose flour"", ""egg"", ""half-and-half cream"", ""yogurt""]","[""baking powder"", ""baking soda"", ""butter"", ""vanilla""]","[""all-purpose_flour"", ""sugar"", ""baking_powder"", ""baking_soda"", ""salt"", ""butter"", ""yogurt"", ""egg"", ""half-and-half_cream"", ""vanilla""]",all-purpose_flour sugar baking_powder baking_soda salt butter yogurt egg half-and-half_cream vanilla,3,0.5973713,군집 4
chocodamia coconut delights,149202,20,199848,2005-12-24,"['30-minutes-or-less', 'time-to-make', 'course', 'main-ingredient', 'preparation', 'for-large-groups', 'drop-cookies', 'desserts', 'fruit', 'vegetarian', 'cookies-and-brownies', 'chocolate', 'nuts', 'dietary', 'coconut', 'number-of-servings']","[145.0, 13.0, 37.0, 5.0, 3.0, 21.0, 5.0]",7,"['preheat oven to 350', 'in a large mixing bowl , beat together butter , sugar , eggs and vanilla until creamy', 'in a seperate bowl , sift together flour , cocoa , baking powder , baking soda and salt', 'gradually beat into creamed mixture', 'stir in nuts and coconut', 'drop by teaspoons on to ungreased cookie sheets', 'bake at 350 for 8-10 minutes']",yummy chocolate cookies with macadamia nuts and coconut.,"['butter', 'sugar', 'eggs', 'vanilla', 'flour', 'cocoa powder', 'baking powder', 'baking soda', 'salt', 'macadamia nuts', 'flaked coconut']",11,"[""butter"", ""sugar"", ""eggs"", ""vanilla"", ""flour"", ""cocoa powder"", ""baking powder"", ""baking soda"", ""salt"", ""macadamia nuts"", ""flaked coconut""]","[""30-minutes-or-less"", ""time-to-make"", ""course"", ""main-ingredient"", ""preparation"", ""for-large-groups"", ""drop-cookies"", ""desserts"", ""fruit"", ""vegetarian"", ""cookies-and-brownies"", ""chocolate"", ""nuts"", ""dietary"", ""coconut"", ""number-of-servings""]","[""preheat oven to 350"", ""in a large mixing bowl , beat together butter , sugar , eggs and vanilla until creamy"", ""in a seperate bowl , sift together flour , cocoa , baking powder , baking soda and salt"", ""gradually beat into creamed mixture"", ""stir in nuts and coconut"", ""drop by teaspoons on to ungreased cookie sheets"", ""bake at 350 for 8-10 minutes""]",145.0,13.0,37.0,5.0,3.0,21.0,5.0,"[""baking powder"", ""baking soda"", ""butter"", ""cocoa powder"", ""egg"", ""flaked coconut"", ""flour"", ""macadamia nuts"", ""salt"", ""sugar"", ""vanilla""]","[""baking powder"", ""baking soda"", ""butter"", ""cocoa powder"", ""egg"", ""flaked coconut"", ""flour"", ""macadamia nuts"", ""salt"", ""sugar"", ""vanilla""]",49130,3.044522437723423,4.983606621708336,2.6390573296152584,3.6375861597263857,1.791759469228055,1.3862943611198906,3.091042453358316,1.791759469228055,"preheat oven to 350 in a large mixing bowl , beat together butter , sugar , eggs and vanilla until creamy in a seperate bowl , sift together flour , cocoa , baking powder , baking soda and salt gradually beat into creamed mixture stir in nuts and coconut drop by teaspoons on to ungreased cookie sheets bake at 350 for 8-10 minutes","[""baking powder"", ""baking soda"", ""cocoa powder"", ""egg"", ""flaked coconut"", ""macadamia nuts"", ""vanilla""]",7,5.0,2,4.770282336593649,2,2,1.0986122886681098,1.0986122886681098,1.0986122886681098,"[""dessert""]","[""cookie_brownie""]","[""chocolate_cocoa"", ""fruit"", ""nuts_seeds""]",[],2,0.71183926,20.0,4.770282336593649,"[""butter"", ""sugar"", ""egg"", ""vanilla"", ""flour"", ""cocoa powder"", ""baking powder"", ""baking soda"", ""salt"", ""macadamia nuts"", ""flaked coconut""]","[""butter"", ""sugar"", ""egg"", ""vanilla"", ""flour"", ""cocoa powder"", ""baking powder"", ""baking soda"", ""salt"", ""macadamia nuts"", ""flaked coconut""]","[""baking powder"", ""baking soda"", ""butter"", ""cocoa powder"", ""egg"", ""flaked coconut"", ""flour"", ""macadamia nuts"", ""salt"", ""sugar"", ""vanilla""]",True,"[""baking powder"", ""baking soda"", ""butter"", ""cocoa powder"", ""egg"", ""flaked coconut"", ""flour"", ""macadamia nuts"", ""vanilla""]","[""egg"", ""flour""]","[""baking powder"", ""baking soda"", ""butter"", ""cocoa powder"", ""flaked coconut"", ""macadamia nuts"", ""vanilla""]","[""butter"", ""egg"", ""flour"", ""vanilla""]","[""baking powder"", ""baking soda"", ""cocoa powder"", ""flaked coconut"", ""macadamia nuts""]","[""egg"", ""flour""]","[""baking powder"", ""baking soda"", ""butter"", ""cocoa powder"", ""flaked coconut"", ""macadamia nuts"", ""vanilla""]","[""butter"", ""sugar"", ""egg"", ""vanilla"", ""flour"", ""cocoa_powder"", ""baking_powder"", ""baking_soda"", ""salt"", ""macadamia_nuts"", ""flaked_coconut""]",butter sugar egg vanilla flour cocoa_powder baking_powder baking_soda salt macadamia_nuts flaked_coconut,3,0.5984311,군집 4
lebanese lamb meatball and rice soup,338661,35,92006,2008-11-20,"['60-minutes-or-less', 'time-to-make', 'preparation', 'easy']","[257.9, 21.0, 2.0, 25.0, 21.0, 31.0, 7.0]",6,"['make balls the size of a hazelnut from the kafta', 'heat the clarified butter in a saucepan and add the meatballs', 'brown', 'add the tomato puree and bring to a boil', 'add the rice , chicken stock granules and the water , stir lightly to combine and simmer over low heat', 'cook until rice is tender and add salt to taste']","i don't know what the real name for this soup is, it was passed on to me by my mother who learned it from my lebanese grandfather on my dad's side. it is made with kafta; we used to purchase it at a lebanese store, but here is a recipe to make your own: kafta (meatball shish kabobs) recipe #238833. for the clarified butter you may use your own, but this how  i make it-- rendered/clarified butter (samneh) middle east, palestine recipe #322377.  the soup is rich and fulfilling.","['ground lamb', 'long grain rice', 'tomato puree', 'instant chicken bouillon granules', 'water', 'clarified butter']",6,"[""ground lamb"", ""long grain rice"", ""tomato puree"", ""instant chicken bouillon granules"", ""water"", ""clarified butter""]","[""60-minutes-or-less"", ""time-to-make"", ""preparation"", ""easy""]","[""make balls the size of a hazelnut from the kafta"", ""heat the clarified butter in a saucepan and add the meatballs"", ""brown"", ""add the tomato puree and bring to a boil"", ""add the rice , chicken stock granules and the water , stir lightly to combine and simmer over low heat"", ""cook until rice is tender and add salt to taste""]",257.9,21.0,2.0,25.0,21.0,31.0,7.0,"[""clarified butter"", ""ground lamb"", ""instant chicken bouillon granules"", ""long grain rice"", ""tomato puree"", ""water""]","[""clarified butter"", ""ground lamb"", ""instant chicken bouillon granules"", ""long grain rice"", ""tomato puree"", ""water""]",120469,3.58351893845611,5.556441886757492,3.091042453358316,1.0986122886681098,3.258096538021482,3.091042453358316,3.4657359027997265,2.0794415416798357,"make balls the size of a hazelnut from the kafta heat the clarified butter in a saucepan and add the meatballs brown add the tomato puree and bring to a boil add the rice , chicken stock granules and the water , stir lightly to combine and simmer over low heat cook until rice is tender and add salt to taste","[""clarified butter"", ""ground lamb"", ""instant chicken bouillon granules"", ""long grain rice"", ""tomato puree""]",5,5.0,1,4.693709782124865,1,1,0.6931471805599453,0.6931471805599453,0.6931471805599453,"[""main_dish""]","[""soup_stew""]","[""grain_rice_pasta""]",[],5,0.62969846,35.0,4.693709782124865,"[""ground lamb"", ""long grain rice"", ""tomato puree"", ""instant chicken bouillon granules"", ""water"", ""clarified butter""]","[""ground lamb"", ""long grain rice"", ""tomato puree"", ""instant chicken bouillon granules"", ""water"", ""clarified butter""]","[""clarified butter"", ""ground lamb"", ""instant chicken bouillon granules"", ""long grain rice"", ""tomato puree"", ""water""]",True,"[""clarified butter"", ""ground lamb"", ""instant chicken bouillon granules"", ""long grain rice"", ""tomato puree""]","[""ground lamb"", ""long grain rice"", ""tomato puree""]","[""clarified butter"", ""instant chicken bouillon granules""]",[],"[""clarified butter"", ""ground lamb"", ""instant chicken bouillon granules"", ""long grain rice"", ""tomato puree""]","[""ground lamb"", ""long grain rice"", ""tomato puree""]","[""clarified butter"", ""instant chicken bouillon granules""]","[""ground_lamb"", ""long_grain_rice"", ""tomato_puree"", ""instant_chicken_bouillon_granules"", ""water"", ""clarified_butter""]",ground_lamb long_grain_rice tomato_puree instant_chicken_bouillon_granules water clarified_butter,4,0.56993616,군집 5
indian jaggery rice pudding  vellam payasam,24246,40,12657,2002-04-02,"['60-minutes-or-less', 'time-to-make', 'course', 'main-ingredient', 'cuisine', 'preparation', 'occasion', 'low-protein', 'healthy', 'desserts', 'rice', 'asian', 'indian', 'dinner-party', 'heirloom-historical', 'holiday-event', 'kid-friendly', 'vegetarian', 'puddings-and-mousses', 'stove-top', 'dietary', 'low-sodium', 'comfort-food', 'low-in-something', 'pasta-rice-and-grains', 'medium-grain-rice', 'taste-mood', 'equipment']","[311.3, 10.0, 199.0, 0.0, 2.0, 20.0, 21.0]",7,"['add rice and water to a pot on a high flame and bring to a boil', 'lower the flame to low and simmer covered until the rice is cooked , about 15 minutes', 'uncover , add jaggery and 2 1 / 2 tablespoons of ghee and let the mixture simmer on the low flame , stirring every 2 minutes', 'when the mixture starts to thicken to the consistency of pourable custard , remove from flame', 'sprinkle cardamom powder over the pudding', 'in a small skillet , roast the broken cashewnuts in 1 / 2 tbsp ghee and pour over the pudding', 'mix well , and serve immediately , or cold , after refrigeration']","this is my mom's recipe for authentic south indian jaggery pudding. 'vellam' is the tamil word for 'jaggery', while 'payasam' is tamil for 'pudding'. jaggery is tan coloured, unrefined sugar, made from the sap of palm trees or sugar cane, and is much more flavourful than granulated sugar. it's often sold in solid cakes, but it should crumble when you squeeze it. look for it in indian markets. in this recipe, preferably don't substitute the jaggery with anything else, since the pudding gets most of it's flavour from the jaggery. i've tried this only with jaggery, so i don't know how it would turn out with substitutes. for more information on jaggery, use this link: http://www.foodsubs.com/sweeten.html","['medium grain rice', 'water', 'jaggery', 'ghee', 'cardamom powder', 'cashews']",6,"[""medium grain rice"", ""water"", ""jaggery"", ""ghee"", ""cardamom powder"", ""cashews""]","[""60-minutes-or-less"", ""time-to-make"", ""course"", ""main-ingredient"", ""cuisine"", ""preparation"", ""occasion"", ""low-protein"", ""healthy"", ""desserts"", ""rice"", ""asian"", ""indian"", ""dinner-party"", ""heirloom-historical"", ""holiday-event"", ""kid-friendly"", ""vegetarian"", ""puddings-and-mousses"", ""stove-top"", ""dietary"", ""low-sodium"", ""comfort-food"", ""low-in-something"", ""pasta-rice-and-grains"", ""medium-grain-rice"", ""taste-mood"", ""equipment""]","[""add rice and water to a pot on a high flame and bring to a boil"", ""lower the flame to low and simmer covered until the rice is cooked , about 15 minutes"", ""uncover , add jaggery and 2 1 / 2 tablespoons of ghee and let the mixture simmer on the low flame , stirring every 2 minutes"", ""when the mixture starts to thicken to the consistency of pourable custard , remove from flame"", ""sprinkle cardamom powder over the pudding"", ""in a small skillet , roast the broken cashewnuts in 1 / 2 tbsp ghee and pour over the pudding"", ""mix well , and serve immediately , or cold , after refrigeration""]",311.3,10.0,199.0,0.0,2.0,20.0,21.0,"[""cardamom powder"", ""cashews"", ""ghee"", ""jaggery"", ""medium grain rice"", ""water""]","[""cardamom powder"", ""cashews"", ""ghee"", ""jaggery"", ""medium grain rice"", ""water""]",111014,3.713572066704308,5.7439642642890325,2.3978952727983707,5.298317366548036,0.0,1.0986122886681098,3.044522437723423,3.091042453358316,"add rice and water to a pot on a high flame and bring to a boil lower the flame to low and simmer covered until the rice is cooked , about 15 minutes uncover , add jaggery and 2 1 / 2 tablespoons of ghee and let the mixture simmer on the low flame , stirring every 2 minutes when the mixture starts to thicken to the consistency of pourable custard , remove from flame sprinkle cardamom powder over the pudding in a small skillet , roast the broken cashewnuts in 1 / 2 tbsp ghee and pour over the pudding mix well , and serve immediately , or cold , after refrigeration","[""cardamom powder"", ""cashews"", ""ghee"", ""jaggery"", ""medium grain rice""]",5,3.0,1,4.027043115458198,1,1,0.6931471805599453,0.6931471805599453,0.6931471805599453,"[""dessert""]","[""pudding_mousse""]","[""grain_rice_pasta""]","[""indian""]",5,0.63493854,40.0,4.027043115458198,"[""medium grain rice"", ""water"", ""jaggery"", ""ghee"", ""cardamom powder"", ""cashews""]","[""medium grain rice"", ""water"", ""jaggery"", ""ghee"", ""cardamom powder"", ""cashews""]","[""cardamom powder"", ""cashews"", ""ghee"", ""jaggery"", ""medium grain rice"", ""water""]",True,"[""cardamom powder"", ""cashews"", ""ghee"", ""jaggery"", ""medium grain rice""]","[""cashews"", ""medium grain rice""]","[""cardamom powder"", ""ghee"", ""jaggery""]",[],"[""cardamom powder"", ""cashews"", ""ghee"", ""jaggery"", ""medium grain rice""]","[""cashews"", ""medium grain rice""]","[""cardamom powder"", ""ghee"", ""jaggery""]","[""medium_grain_rice"", ""water"", ""jaggery"", ""ghee"", ""cardamom_powder"", ""cashews""]",medium_grain_rice water jaggery ghee cardamom_powder cashews,4,0.57044315,군집 5
jasmine rice with peanuts and scallions,130205,30,28604,2005-07-18,"['30-minutes-or-less', 'time-to-make', 'course', 'main-ingredient', 'cuisine', 'preparation', 'occasion', 'north-american', 'healthy', '5-ingredients-or-less', 'lunch', 'side-dishes', 'fruit', 'rice', 'vegetables', 'american', 'easy', 'fall', 'holiday-event', 'spring', 'nuts', 'stove-top', 'dietary', 'low-sodium', 'low-cholesterol', 'seasonal', 'low-saturated-fat', 'inexpensive', 'egg-free', 'free-of-something', 'low-in-something', 'pasta-rice-and-grains', 'equipment', 'presentation', 'served-hot']","[261.5, 11.0, 3.0, 5.0, 14.0, 5.0, 13.0]",4,"['wash rice in several changes of cold water in a bowl until water is almost clear , then drain rice well in a sieve', 'bring rice , water , and broth to a boil in a 3- to 4-quart heavy saucepan , then reduce heat to low and cook , uncovered , until rice is tender and water is absorbed , 12 to 15 minutes', 'remove from heat and let stand , covered , 5 minutes', 'fluff with a fork , then stir in peanuts and scallion greens']","i never get to cook with jasmine rice, but i've had it before so i know that it is a lot different than regular long-grain white rice! i'm looking forward to trying this!","['jasmine rice', 'water', 'reduced-sodium chicken broth', 'dry roasted salted peanut', 'scallion top']",5,"[""jasmine rice"", ""water"", ""reduced-sodium chicken broth"", ""dry roasted salted peanut"", ""scallion top""]","[""30-minutes-or-less"", ""time-to-make"", ""course"", ""main-ingredient"", ""cuisine"", ""preparation"", ""occasion"", ""north-american"", ""healthy"", ""5-ingredients-or-less"", ""lunch"", ""side-dishes"", ""fruit"", ""rice"", ""vegetables"", ""american"", ""easy"", ""fall"", ""holiday-event"", ""spring"", ""nuts"", ""stove-top"", ""dietary"", ""low-sodium"", ""low-cholesterol"", ""seasonal"", ""low-saturated-fat"", ""inexpensive"", ""egg-free"", ""free-of-something"", ""low-in-something"", ""pasta-rice-and-grains"", ""equipment"", ""presentation"", ""served-hot""]","[""wash rice in several changes of cold water in a bowl until water is almost clear , then drain rice well in a sieve"", ""bring rice , water , and broth to a boil in a 3- to 4-quart heavy saucepan , then reduce heat to low and cook , uncovered , until rice is tender and water is absorbed , 12 to 15 minutes"", ""remove from heat and let stand , covered , 5 minutes"", ""fluff with a fork , then stir in peanuts and scallion greens""]",261.5,11.0,3.0,5.0,14.0,5.0,13.0,"[""dry roasted salted peanut"", ""jasmine rice"", ""reduced-sodium chicken broth"", ""scallion top"", ""water""]","[""dry roasted salted peanut"", ""jasmine rice"", ""reduced-sodium chicken broth"", ""scallion top"", ""water""]",114595,3.4339872044851463,5.570251082031678,2.4849066497880004,1.3862943611198906,1.791759469228055,2.70805020110221,1.791759469228055,2.6390573296152584,"wash rice in several changes of cold water in a bowl until water is almost clear , then drain rice well in a sieve bring rice , water , and broth to a boil in a 3- to 4-quart heavy saucepan , then reduce heat to low and cook , uncovered , until rice is tender and water is absorbed , 12 to 15 minutes remove from heat and let stand , covered , 5 minutes fluff with a fork , then stir in peanuts and scallion greens","[""dry roasted salted peanut"", ""jasmine rice"", ""reduced-sodium chicken broth"", ""scallion top""]",4,5.0,1,4.693709782124865,1,1,0.6931471805599453,0.6931471805599453,0.6931471805599453,"[""lunch"", ""side_dish""]",[],"[""fruit"", ""grain_rice_pasta"", ""nuts_seeds"", ""vegetable""]","[""american""]",5,0.63530326,30.0,4.693709782124865,"[""jasmine rice"", ""water"", ""reduced-sodium chicken broth"", ""dry roasted salted peanut"", ""scallion top""]","[""jasmine rice"", ""water"", ""reduced-sodium chicken broth"", ""dry roasted salted peanut"", ""scallion top""]","[""dry roasted salted peanut"", ""jasmine rice"", ""reduced-sodium chicken broth"", ""scallion top"", ""water""]",True,"[""dry roasted salted peanut"", ""jasmine rice"", ""reduced-sodium chicken broth"", ""scallion top""]","[""dry roasted salted peanut"", ""jasmine rice"", ""scallion top""]","[""reduced-sodium chicken broth""]",[],"[""dry roasted salted peanut"", ""jasmine rice"", ""reduced-sodium chicken broth"", ""scallion top""]","[""dry roasted salted peanut"", ""jasmine rice"", ""scallion top""]","[""reduced-sodium chicken broth""]","[""jasmine_rice"", ""water"", ""reduced-sodium_chicken_broth"", ""dry_roasted_salted_peanut"", ""scallion_top""]",jasmine_rice water reduced-sodium_chicken_broth dry_roasted_salted_peanut scallion_top,4,0.5721679,군집 5
easy kielbasa pasta,380964,30,1288355,2009-07-10,"['30-minutes-or-less', 'time-to-make', 'course', 'main-ingredient', 'preparation', '5-ingredients-or-less', 'main-dish', 'pasta', 'easy', 'pasta-rice-and-grains', 'penne']","[476.4, 22.0, 13.0, 28.0, 37.0, 32.0, 22.0]",6,"['preheat oven to 350 degrees', 'cook kielbasa in frying pan', 'combine all ingredients into casserole dish except cheese', 'sprinkle cheese on top', 'place in oven for 7-10 minutes', 'let cool for 5 minutes and serve']",this is a great recipe if you keep kielbasa in your fridge but get tired of the same old recipes.,"['kielbasa', 'parmesan cheese', 'pizza sauce', 'baby spinach', 'penne pasta']",5,"[""kielbasa"", ""parmesan cheese"", ""pizza sauce"", ""baby spinach"", ""penne pasta""]","[""30-minutes-or-less"", ""time-to-make"", ""course"", ""main-ingredient"", ""preparation"", ""5-ingredients-or-less"", ""main-dish"", ""pasta"", ""easy"", ""pasta-rice-and-grains"", ""penne""]","[""preheat oven to 350 degrees"", ""cook kielbasa in frying pan"", ""combine all ingredients into casserole dish except cheese"", ""sprinkle cheese on top"", ""place in oven for 7-10 minutes"", ""let cool for 5 minutes and serve""]",476.4,22.0,13.0,28.0,37.0,32.0,22.0,"[""baby spinach"", ""kielbasa"", ""parmesan cheese"", ""penne pasta"", ""pizza sauce""]","[""baby spinach"", ""kielbasa"", ""parmesan cheese"", ""penne pasta"", ""pizza sauce""]",76905,3.4339872044851463,6.16835471390473,3.1354942159291497,2.6390573296152584,3.367295829986474,3.6375861597263857,3.4965075614664802,3.1354942159291497,preheat oven to 350 degrees cook kielbasa in frying pan combine all ingredients into casserole dish except cheese sprinkle cheese on top place in oven for 7-10 minutes let cool for 5 minutes and serve,"[""baby spinach"", ""kielbasa"", ""parmesan cheese"", ""penne pasta"", ""pizza sauce""]",5,5.0,1,4.693709782124865,1,1,0.6931471805599453,0.6931471805599453,0.6931471805599453,"[""main_dish""]","[""pasta_noodle""]","[""grain_rice_pasta""]",[],4,0.9834501,30.0,4.693709782124865,"[""kielbasa"", ""parmesan cheese"", ""pizza sauce"", ""baby spinach"", ""penne pasta""]","[""kielbasa"", ""parmesan cheese"", ""pizza sauce"", ""spinach"", ""penne pasta""]","[""kielbasa"", ""parmesan cheese"", ""penne pasta"", ""pizza sauce"", ""spinach""]",True,"[""kielbasa"", ""parmesan cheese"", ""penne pasta"", ""pizza sauce"", ""spinach""]","[""parmesan cheese"", ""penne pasta"", ""spinach""]","[""kielbasa"", ""pizza sauce""]","[""parmesan cheese"", ""spinach""]","[""kielbasa"", ""penne pasta"", ""pizza sauce""]","[""parmesan cheese"", ""penne pasta"", ""spinach""]","[""kielbasa"", ""pizza sauce""]","[""kielbasa"", ""parmesan_cheese"", ""pizza_sauce"", ""spinach"", ""penne_pasta""]",kielbasa parmesan_cheese pizza_sauce spinach penne_pasta,5,0.5962618,군집 6
low fat pepperoni pizza on a flat out,296113,25,185285,2008-04-03,"['30-minutes-or-less', 'time-to-make', 'course', 'preparation', 'for-1-or-2', 'main-dish', 'oven', 'pizza', 'equipment', 'number-of-servings']","[126.1, 3.0, 18.0, 17.0, 27.0, 5.0, 4.0]",6,"['lightly spray the tortilla with pam', 'toast the tortilla in a 400 degre oven for 5-7 minutes', 'remove the flatout and top with pizza sauce , fat free cheese , pepperoni slices , onions , mushrooms and green pepper', 'sprinkle with 2 tbl low-fat mozarella', 'bake for 7-10 minutes', 'sprinkle with parmesan cheese , slice and serve !']",figure friendly pizza for under 250 calories!  i like to serve this up with an italian salad.,"['low-fat low-carb whole wheat tortilla', 'fat free mozzarella cheese', 'turkey pepperoni', 'pizza sauce', 'green peppers', 'sliced mushrooms', 'small onion', 'low fat mozzarella', 'parmesan cheese']",9,"[""low-fat low-carb whole wheat tortilla"", ""fat free mozzarella cheese"", ""turkey pepperoni"", ""pizza sauce"", ""green peppers"", ""sliced mushrooms"", ""small onion"", ""low fat mozzarella"", ""parmesan cheese""]","[""30-minutes-or-less"", ""time-to-make"", ""course"", ""preparation"", ""for-1-or-2"", ""main-dish"", ""oven"", ""pizza"", ""equipment"", ""number-of-servings""]","[""lightly spray the tortilla with pam"", ""toast the tortilla in a 400 degre oven for 5-7 minutes"", ""remove the flatout and top with pizza sauce , fat free cheese , pepperoni slices , onions , mushrooms and green pepper"", ""sprinkle with 2 tbl low-fat mozarella"", ""bake for 7-10 minutes"", ""sprinkle with parmesan cheese , slice and serve !""]",126.1,3.0,18.0,17.0,27.0,5.0,4.0,"[""fat free mozzarella cheese"", ""green peppers"", ""low fat mozzarella"", ""low-fat low-carb whole wheat tortilla"", ""parmesan cheese"", ""pizza sauce"", ""sliced mushrooms"", ""small onion"", ""turkey pepperoni""]","[""fat free mozzarella cheese"", ""green peppers"", ""low fat mozzarella"", ""low-fat low-carb whole wheat tortilla"", ""parmesan cheese"", ""pizza sauce"", ""sliced mushrooms"", ""small onion"", ""turkey pepperoni""]",126655,3.258096538021482,4.844974178195408,1.3862943611198906,2.9444389791664403,2.8903717578961645,3.332204510175204,1.791759469228055,1.6094379124341003,"lightly spray the tortilla with pam toast the tortilla in a 400 degre oven for 5-7 minutes remove the flatout and top with pizza sauce , fat free cheese , pepperoni slices , onions , mushrooms and green pepper sprinkle with 2 tbl low-fat mozarella bake for 7-10 minutes sprinkle with parmesan cheese , slice and serve !","[""fat free mozzarella cheese"", ""green peppers"", ""low fat mozzarella"", ""low-fat low-carb whole wheat tortilla"", ""parmesan cheese"", ""pizza sauce"", ""sliced mushrooms"", ""small onion"", ""turkey pepperoni""]",9,5.0,19,4.956244254589267,19,19,2.995732273553991,2.995732273553991,2.995732273553991,"[""main_dish""]","[""pizza""]",[],[],4,0.9751004,25.0,4.956244254589267,"[""low-fat low-carb whole wheat tortilla"", ""fat free mozzarella cheese"", ""turkey pepperoni"", ""pizza sauce"", ""green peppers"", ""sliced mushrooms"", ""small onion"", ""low fat mozzarella"", ""parmesan cheese""]","[""low-fat low-carb whole wheat tortilla"", ""fat free mozzarella cheese"", ""turkey pepperoni"", ""pizza sauce"", ""green pepper"", ""mushroom"", ""onion"", ""low fat mozzarella"", ""parmesan cheese""]","[""fat free mozzarella cheese"", ""green pepper"", ""low fat mozzarella"", ""low-fat low-carb whole wheat tortilla"", ""mushroom"", ""onion"", ""parmesan cheese"", ""pizza sauce"", ""turkey pepperoni""]",True,"[""fat free mozzarella cheese"", ""green pepper"", ""low fat mozzarella"", ""low-fat low-carb whole wheat tortilla"", ""mushroom"", ""onion"", ""parmesan cheese"", ""pizza sauce"", ""turkey pepperoni""]","[""fat free mozzarella cheese"", ""green pepper"", ""low fat mozzarella"", ""low-fat low-carb whole wheat tortilla"", ""mushroom"", ""onion"", ""parmesan cheese"", ""turkey pepperoni""]","[""pizza sauce""]","[""green pepper""]","[""fat free mozzarella cheese"", ""low fat mozzarella"", ""low-fat low-carb whole wheat tortilla"", ""mushroom"", ""onion"", ""parmesan cheese"", ""pizza sauce"", ""turkey pepperoni""]","[""fat free mozzarella cheese"", ""green pepper"", ""low fat mozzarella"", ""low-fat low-carb whole wheat tortilla"", ""mushroom"", ""onion"", ""parmesan cheese"", ""turkey pepperoni""]","[""pizza sauce""]","[""low-fat_low-carb_whole_wheat_tortilla"", ""fat_free_mozzarella_cheese"", ""turkey_pepperoni"", ""pizza_sauce"", ""green_pepper"", ""mushroom"", ""onion"", ""low_fat_mozzarella"", ""parmesan_cheese""]",low-fat_low-carb_whole_wheat_tortilla fat_free_mozzarella_cheese turkey_pepperoni pizza_sauce green_pepper mushroom onion low_fat_mozzarella parmesan_cheese,5,0.59816563,군집 6
pasta with roasted mushrooms and marinara sauce,134571,18,204199,2005-08-23,"['30-minutes-or-less', 'time-to-make', 'course', 'main-ingredient', 'cuisine', 'preparation', 'occasion', 'north-american', 'for-1-or-2', '5-ingredients-or-less', 'lunch', 'main-dish', 'pasta', 'vegetables', 'american', 'easy', 'european', 'kid-friendly', 'romantic', 'vegetarian', 'italian', 'dietary', 'one-dish-meal', 'comfort-food', 'inexpensive', 'mushrooms', 'pasta-rice-and-grains', 'spaghetti', 'taste-mood', 'savory', 'number-of-servings', 'presentation', 'served-hot', '3-steps-or-less', 'technique']","[411.9, 10.0, 97.0, 50.0, 28.0, 5.0, 24.0]",4,"['cook pasta in boiling water until ""al dente""', 'in the meantime , roast the mushrooms on a pan in a hot oven for ten to fifteen minutes , and heat the marinara sauce', 'add the mushrooms to the sauce', 'drain the pasta and top with the marinara sauce and grated parmesan cheese , if desired']","this is a good way to use less pasta and more vegetables in a filling meal. use whatever type of vegetable with the pasta you like. use a healthy bottled marinara sauce, preferably organic.","['dry pasta', 'mushroom', 'marinara sauce', 'parmesan cheese']",4,"[""dry pasta"", ""mushroom"", ""marinara sauce"", ""parmesan cheese""]","[""30-minutes-or-less"", ""time-to-make"", ""course"", ""main-ingredient"", ""cuisine"", ""preparation"", ""occasion"", ""north-american"", ""for-1-or-2"", ""5-ingredients-or-less"", ""lunch"", ""main-dish"", ""pasta"", ""vegetables"", ""american"", ""easy"", ""european"", ""kid-friendly"", ""romantic"", ""vegetarian"", ""italian"", ""dietary"", ""one-dish-meal"", ""comfort-food"", ""inexpensive"", ""mushrooms"", ""pasta-rice-and-grains"", ""spaghetti"", ""taste-mood"", ""savory"", ""number-of-servings"", ""presentation"", ""served-hot"", ""3-steps-or-less"", ""technique""]","[""cook pasta in boiling water until \""al dente\"""", ""in the meantime , roast the mushrooms on a pan in a hot oven for ten to fifteen minutes , and heat the marinara sauce"", ""add the mushrooms to the sauce"", ""drain the pasta and top with the marinara sauce and grated parmesan cheese , if desired""]",411.9,10.0,97.0,50.0,28.0,5.0,24.0,"[""dry pasta"", ""marinara sauce"", ""mushroom"", ""parmesan cheese""]","[""dry pasta"", ""marinara sauce"", ""mushroom"", ""parmesan cheese""]",154110,2.9444389791664403,6.023205432892045,2.3978952727983707,4.584967478670572,3.9318256327243257,3.367295829986474,1.791759469228055,3.2188758248682006,"cook pasta in boiling water until ""al dente"" in the meantime , roast the mushrooms on a pan in a hot oven for ten to fifteen minutes , and heat the marinara sauce add the mushrooms to the sauce drain the pasta and top with the marinara sauce and grated parmesan cheese , if desired","[""dry pasta"", ""marinara sauce"", ""mushroom"", ""parmesan cheese""]",4,5.0,1,4.693709782124865,1,1,0.6931471805599453,0.6931471805599453,0.6931471805599453,"[""lunch"", ""main_dish""]","[""pasta_noodle""]","[""grain_rice_pasta"", ""vegetable""]","[""american"", ""italian""]",4,0.9838988,18.0,4.693709782124865,"[""dry pasta"", ""mushroom"", ""marinara sauce"", ""parmesan cheese""]","[""dry pasta"", ""mushroom"", ""marinara sauce"", ""parmesan cheese""]","[""dry pasta"", ""marinara sauce"", ""mushroom"", ""parmesan cheese""]",True,"[""dry pasta"", ""marinara sauce"", ""mushroom"", ""parmesan cheese""]","[""dry pasta"", ""mushroom"", ""parmesan cheese""]","[""marinara sauce""]","[""mushroom"", ""parmesan cheese""]","[""dry pasta"", ""marinara sauce""]","[""dry pasta"", ""mushroom"", ""parmesan cheese""]","[""marinara sauce""]","[""dry_pasta"", ""mushroom"", ""marinara_sauce"", ""parmesan_cheese""]",dry_pasta mushroom marinara_sauce parmesan_cheese,5,0.5999622,군집 6
spiced applesauce cupcakes,77399,35,89831,2003-11-27,"['60-minutes-or-less', 'time-to-make', 'course', 'preparation', 'cupcakes', 'desserts', 'cakes', 'dietary', 'number-of-servings']","[171.7, 9.0, 50.0, 9.0, 5.0, 17.0, 8.0]",10,"['set oven to 350 degrees f', 'prepare 12 paper-lined muffin cups', 'in a mixing bowl , cream butter and sugar', 'add in eggs and vanilla', 'mix well', 'sift the dry ingredients', 'add to creamed mixture alternately with the applesauce', 'divide the mixture evenly into prepared muffin cups', 'bake for 25 minutes , or until cupcakes test done', 'cook 10 minutes before removing to wire rack']","i have been making these for years, always turn out high and so moist, frost with my recipe#90142 or use your own favorite cream cheese frosting!","['butter', 'sugar', 'eggs', 'vanilla', 'flour', 'baking powder', 'baking soda', 'salt', 'cinnamon', 'nutmeg', 'clove', 'applesauce', 'cream cheese frosting']",13,"[""butter"", ""sugar"", ""eggs"", ""vanilla"", ""flour"", ""baking powder"", ""baking soda"", ""salt"", ""cinnamon"", ""nutmeg"", ""clove"", ""applesauce"", ""cream cheese frosting""]","[""60-minutes-or-less"", ""time-to-make"", ""course"", ""preparation"", ""cupcakes"", ""desserts"", ""cakes"", ""dietary"", ""number-of-servings""]","[""set oven to 350 degrees f"", ""prepare 12 paper-lined muffin cups"", ""in a mixing bowl , cream butter and sugar"", ""add in eggs and vanilla"", ""mix well"", ""sift the dry ingredients"", ""add to creamed mixture alternately with the applesauce"", ""divide the mixture evenly into prepared muffin cups"", ""bake for 25 minutes , or until cupcakes test done"", ""cook 10 minutes before removing to wire rack""]",171.7,9.0,50.0,9.0,5.0,17.0,8.0,"[""applesauce"", ""baking powder"", ""baking soda"", ""butter"", ""cinnamon"", ""clove"", ""cream cheese frosting"", ""egg"", ""flour"", ""nutmeg"", ""salt"", ""sugar"", ""vanilla""]","[""applesauce"", ""baking powder"", ""baking soda"", ""butter"", ""cinnamon"", ""clove"", ""cream cheese frosting"", ""egg"", ""flour"", ""nutmeg"", ""salt"", ""sugar"", ""vanilla""]",194566,3.58351893845611,5.1515559851526325,2.302585092994046,3.9318256327243257,2.302585092994046,1.791759469228055,2.8903717578961645,2.1972245773362196,"set oven to 350 degrees f prepare 12 paper-lined muffin cups in a mixing bowl , cream butter and sugar add in eggs and vanilla mix well sift the dry ingredients add to creamed mixture alternately with the applesauce divide the mixture evenly into prepared muffin cups bake for 25 minutes , or until cupcakes test done cook 10 minutes before removing to wire rack","[""applesauce"", ""baking powder"", ""baking soda"", ""cinnamon"", ""clove"", ""cream cheese frosting"", ""egg"", ""nutmeg"", ""vanilla""]",9,5.0,3,4.816225869274919,4,4,1.3862943611198906,1.6094379124341003,1.6094379124341003,"[""dessert""]","[""cake_cupcake""]",[],[],2,0.76070905,35.0,4.816225869274919,"[""butter"", ""sugar"", ""egg"", ""vanilla"", ""flour"", ""baking powder"", ""baking soda"", ""salt"", ""cinnamon"", ""nutmeg"", ""clove"", ""applesauce"", ""cream cheese frosting""]","[""butter"", ""sugar"", ""egg"", ""vanilla"", ""flour"", ""baking powder"", ""baking soda"", ""salt"", ""cinnamon"", ""nutmeg"", ""clove"", ""applesauce"", ""cream cheese frosting""]","[""applesauce"", ""baking powder"", ""baking soda"", ""butter"", ""cinnamon"", ""clove"", ""cream cheese frosting"", ""egg"", ""flour"", ""nutmeg"", ""salt"", ""sugar"", ""vanilla""]",True,"[""applesauce"", ""baking powder"", ""baking soda"", ""butter"", ""cinnamon"", ""clove"", ""cream cheese frosting"", ""egg"", ""flour"", ""nutmeg"", ""vanilla""]","[""cream cheese frosting"", ""egg"", ""flour""]","[""applesauce"", ""baking powder"", ""baking soda"", ""butter"", ""cinnamon"", ""clove"", ""nutmeg"", ""vanilla""]","[""butter"", ""egg"", ""flour"", ""vanilla""]","[""applesauce"", ""baking powder"", ""baking soda"", ""cinnamon"", ""clove"", ""cream cheese frosting"", ""nutmeg""]","[""cream cheese frosting"", ""egg"", ""flour""]","[""applesauce"", ""baking powder"", ""baking soda"", ""butter"", ""cinnamon"", ""clove"", ""nutmeg"", ""vanilla""]","[""butter"", ""sugar"", ""egg"", ""vanilla"", ""flour"", ""baking_powder"", ""baking_soda"", ""salt"", ""cinnamon"", ""nutmeg"", ""clove"", ""applesauce"", ""cream_cheese_frosting""]",butter sugar egg vanilla flour baking_powder baking_soda salt cinnamon nutmeg clove applesauce cream_cheese_frosting,6,0.6403228,군집 7
passionate dark sienna cookie,453380,22,91392,2011-04-09,"['weeknight', '30-minutes-or-less', 'time-to-make', 'course', 'main-ingredient', 'cuisine', 'preparation', 'occasion', 'north-american', 'for-large-groups', 'desserts', 'easy', 'cookies-and-brownies', 'pasta-rice-and-grains', 'number-of-servings']","[92.8, 6.0, 12.0, 2.0, 3.0, 12.0, 4.0]",11,"['bake at 350 degrees , 12-15 minutes , about three dozen cookies', 'to begin this healthy cookie recipe blend the dry ingredient , blend the wet ingredient', 'combine wet and dry ingredient', 'take a full teaspoon of dough , roll into a ball in palm of hand', 'if the dough will not form a ball add two more tablespoons of molasses', 'place on aluminum foil or parchment paper about one and a half inch apart , flatten slightly , sprinkle top of cookie with water then sprinkle top with a hint of sugar', 'bake at 350 for 12-15 minutes', 'cool', 'the finished cookie is round and flattened when baked', 'the molasses makes the cookie a passionate dark sienna color and keeps the cookie soft', 'very nice with pinot noir wine']",from for her heart.org.  a heart heathy cookie.,"['flour', 'oats', 'molasses', 'butter', 'sugar', 'egg', 'cinnamon', 'ginger powder', 'salt']",9,"[""flour"", ""oats"", ""molasses"", ""butter"", ""sugar"", ""egg"", ""cinnamon"", ""ginger powder"", ""salt""]","[""weeknight"", ""30-minutes-or-less"", ""time-to-make"", ""course"", ""main-ingredient"", ""cuisine"", ""preparation"", ""occasion"", ""north-american"", ""for-large-groups"", ""desserts"", ""easy"", ""cookies-and-brownies"", ""pasta-rice-and-grains"", ""number-of-servings""]","[""bake at 350 degrees , 12-15 minutes , about three dozen cookies"", ""to begin this healthy cookie recipe blend the dry ingredient , blend the wet ingredient"", ""combine wet and dry ingredient"", ""take a full teaspoon of dough , roll into a ball in palm of hand"", ""if the dough will not form a ball add two more tablespoons of molasses"", ""place on aluminum foil or parchment paper about one and a half inch apart , flatten slightly , sprinkle top of cookie with water then sprinkle top with a hint of sugar"", ""bake at 350 for 12-15 minutes"", ""cool"", ""the finished cookie is round and flattened when baked"", ""the molasses makes the cookie a passionate dark sienna color and keeps the cookie soft"", ""very nice with pinot noir wine""]",92.8,6.0,12.0,2.0,3.0,12.0,4.0,"[""butter"", ""cinnamon"", ""egg"", ""flour"", ""ginger powder"", ""molasses"", ""oats"", ""salt"", ""sugar""]","[""butter"", ""cinnamon"", ""egg"", ""flour"", ""ginger powder"", ""molasses"", ""oats"", ""salt"", ""sugar""]",153433,3.1354942159291497,4.541164856012179,1.9459101490553132,2.5649493574615367,1.0986122886681098,1.3862943611198906,2.5649493574615367,1.6094379124341003,"bake at 350 degrees , 12-15 minutes , about three dozen cookies to begin this healthy cookie recipe blend the dry ingredient , blend the wet ingredient combine wet and dry ingredient take a full teaspoon of dough , roll into a ball in palm of hand if the dough will not form a ball add two more tablespoons of molasses place on aluminum foil or parchment paper about one and a half inch apart , flatten slightly , sprinkle top of cookie with water then sprinkle top with a hint of sugar bake at 350 for 12-15 minutes cool the finished cookie is round and flattened when baked the molasses makes the cookie a passionate dark sienna color and keeps the cookie soft very nice with pinot noir wine","[""cinnamon"", ""egg"", ""ginger powder"", ""molasses"", ""oats""]",5,4.0,1,4.360376448791532,1,1,0.6931471805599453,0.6931471805599453,0.6931471805599453,"[""dessert""]","[""cookie_brownie""]","[""grain_rice_pasta""]","[""north-american""]",2,0.7747382,22.0,4.360376448791532,"[""flour"", ""oats"", ""molasses"", ""butter"", ""sugar"", ""egg"", ""cinnamon"", ""ginger powder"", ""salt""]","[""flour"", ""oats"", ""molasses"", ""butter"", ""sugar"", ""egg"", ""cinnamon"", ""ginger powder"", ""salt""]","[""butter"", ""cinnamon"", ""egg"", ""flour"", ""ginger powder"", ""molasses"", ""oats"", ""salt"", ""sugar""]",True,"[""butter"", ""cinnamon"", ""egg"", ""flour"", ""ginger powder"", ""molasses"", ""oats""]","[""egg"", ""flour"", ""oats""]","[""butter"", ""cinnamon"", ""ginger powder"", ""molasses""]","[""butter"", ""flour"", ""molasses""]","[""cinnamon"", ""egg"", ""ginger powder"", ""oats""]","[""egg"", ""flour"", ""oats""]","[""butter"", ""cinnamon"", ""ginger powder"", ""molasses""]","[""flour"", ""oats"", ""molasses"", ""butter"", ""sugar"", ""egg"", ""cinnamon"", ""ginger_powder"", ""salt""]",flour oats molasses butter sugar egg cinnamon ginger_powder salt,6,0.64285994,군집 7
licorice cookie strips,97334,30,151133,2004-08-09,"['30-minutes-or-less', 'time-to-make', 'course', 'preparation', 'desserts', 'oven', 'candy', 'cookies-and-brownies', 'equipment']","[372.5, 24.0, 138.0, 14.0, 6.0, 49.0, 18.0]",12,"['in a mixing bowl , cream butter and sugars', 'beat in egg', 'combine dry ingredients', 'add to creamed mixture and mix well', 'divide dough into 10 portions', 'shape each into a 12 inch log', 'place 3 inches apart on ungreased baking sheets', 'flatten with a fork to 1 / 4 inch thickness', 'bake at 350 degrees for 8-10 minutes or until golden brown', 'cool for 5 minutes', 'cut diagonally into 1 inch slices', 'remove to wire racks to cool completely']",also can be made with nuts,"['butter', 'sugar', 'brown sugar', 'egg', 'flour', 'anise seed', 'baking soda', 'salt', 'cinnamon', 'nutmeg']",10,"[""butter"", ""sugar"", ""brown sugar"", ""egg"", ""flour"", ""anise seed"", ""baking soda"", ""salt"", ""cinnamon"", ""nutmeg""]","[""30-minutes-or-less"", ""time-to-make"", ""course"", ""preparation"", ""desserts"", ""oven"", ""candy"", ""cookies-and-brownies"", ""equipment""]","[""in a mixing bowl , cream butter and sugars"", ""beat in egg"", ""combine dry ingredients"", ""add to creamed mixture and mix well"", ""divide dough into 10 portions"", ""shape each into a 12 inch log"", ""place 3 inches apart on ungreased baking sheets"", ""flatten with a fork to 1 / 4 inch thickness"", ""bake at 350 degrees for 8-10 minutes or until golden brown"", ""cool for 5 minutes"", ""cut diagonally into 1 inch slices"", ""remove to wire racks to cool completely""]",372.5,24.0,138.0,14.0,6.0,49.0,18.0,"[""anise seed"", ""baking soda"", ""brown sugar"", ""butter"", ""cinnamon"", ""egg"", ""flour"", ""nutmeg"", ""salt"", ""sugar""]","[""anise seed"", ""baking soda"", ""brown sugar"", ""butter"", ""cinnamon"", ""egg"", ""flour"", ""nutmeg"", ""salt"", ""sugar""]",123476,3.4339872044851463,5.922918004572872,3.2188758248682006,4.9344739331306915,2.70805020110221,1.9459101490553132,3.912023005428146,2.9444389791664403,"in a mixing bowl , cream butter and sugars beat in egg combine dry ingredients add to creamed mixture and mix well divide dough into 10 portions shape each into a 12 inch log place 3 inches apart on ungreased baking sheets flatten with a fork to 1 / 4 inch thickness bake at 350 degrees for 8-10 minutes or until golden brown cool for 5 minutes cut diagonally into 1 inch slices remove to wire racks to cool completely","[""anise seed"", ""baking soda"", ""brown sugar"", ""cinnamon"", ""egg"", ""nutmeg""]",6,5.0,1,4.693709782124865,1,1,0.6931471805599453,0.6931471805599453,0.6931471805599453,"[""dessert""]","[""candy_fudge"", ""cookie_brownie""]",[],[],2,0.7833111,30.0,4.693709782124865,"[""butter"", ""sugar"", ""brown sugar"", ""egg"", ""flour"", ""anise seed"", ""baking soda"", ""salt"", ""cinnamon"", ""nutmeg""]","[""butter"", ""sugar"", ""brown sugar"", ""egg"", ""flour"", ""anise seed"", ""baking soda"", ""salt"", ""cinnamon"", ""nutmeg""]","[""anise seed"", ""baking soda"", ""brown sugar"", ""butter"", ""cinnamon"", ""egg"", ""flour"", ""nutmeg"", ""salt"", ""sugar""]",True,"[""anise seed"", ""baking soda"", ""brown sugar"", ""butter"", ""cinnamon"", ""egg"", ""flour"", ""nutmeg""]","[""egg"", ""flour""]","[""anise seed"", ""baking soda"", ""brown sugar"", ""butter"", ""cinnamon"", ""nutmeg""]","[""brown sugar"", ""butter"", ""egg"", ""flour""]","[""anise seed"", ""baking soda"", ""cinnamon"", ""nutmeg""]","[""egg"", ""flour""]","[""anise seed"", ""baking soda"", ""brown sugar"", ""butter"", ""cinnamon"", ""nutmeg""]","[""butter"", ""sugar"", ""brown_sugar"", ""egg"", ""flour"", ""anise_seed"", ""baking_soda"", ""salt"", ""cinnamon"", ""nutmeg""]",butter sugar brown_sugar egg flour anise_seed baking_soda salt cinnamon nutmeg,6,0.64535123,군집 7
katrina s turkey wontons,298472,52,488587,2008-04-15,"['60-minutes-or-less', 'time-to-make', 'course', 'cuisine', 'preparation', 'occasion', 'appetizers', 'asian', 'dinner-party', 'finger-food', 'holiday-event', 'novelty', 'presentation']","[411.9, 12.0, 65.0, 103.0, 45.0, 10.0, 20.0]",9,"['in one large bowl put raw turkey , and use about a half a bottle of teriyaki until meat is mushy', 'drain and then dice water chestnuts and add to bowl', 'peel and mince ginger root', 'add mixture and put inside and wrap wontons', 'i use water normally to seal , but some people use soy or teriyaki sauce', 'spray frying pan with pam , and fry wontons on medium heat for 3-4 mins on each side', 'should be crispy on the outside and cooked all the way through', 'dip in hoisin sauce', 'enjoy !']","i received this recipe from a friend after she made them for a birthday party. my bf and i couldn't wait to get our hands on the recipe. very simple; not a lot of ingredients, which i like.","['ground turkey', 'teriyaki sauce', 'water chestnuts', 'gingerroot', 'hoisin sauce', 'wonton wrappers']",6,"[""ground turkey"", ""teriyaki sauce"", ""water chestnuts"", ""gingerroot"", ""hoisin sauce"", ""wonton wrappers""]","[""60-minutes-or-less"", ""time-to-make"", ""course"", ""cuisine"", ""preparation"", ""occasion"", ""appetizers"", ""asian"", ""dinner-party"", ""finger-food"", ""holiday-event"", ""novelty"", ""presentation""]","[""in one large bowl put raw turkey , and use about a half a bottle of teriyaki until meat is mushy"", ""drain and then dice water chestnuts and add to bowl"", ""peel and mince ginger root"", ""add mixture and put inside and wrap wontons"", ""i use water normally to seal , but some people use soy or teriyaki sauce"", ""spray frying pan with pam , and fry wontons on medium heat for 3-4 mins on each side"", ""should be crispy on the outside and cooked all the way through"", ""dip in hoisin sauce"", ""enjoy !""]",411.9,12.0,65.0,103.0,45.0,10.0,20.0,"[""gingerroot"", ""ground turkey"", ""hoisin sauce"", ""teriyaki sauce"", ""water chestnuts"", ""wonton wrappers""]","[""gingerroot"", ""ground turkey"", ""hoisin sauce"", ""teriyaki sauce"", ""water chestnuts"", ""wonton wrappers""]",116758,3.970291913552122,6.023205432892045,2.5649493574615367,4.189654742026425,4.6443908991413725,3.828641396489095,2.3978952727983707,3.044522437723423,"in one large bowl put raw turkey , and use about a half a bottle of teriyaki until meat is mushy drain and then dice water chestnuts and add to bowl peel and mince ginger root add mixture and put inside and wrap wontons i use water normally to seal , but some people use soy or teriyaki sauce spray frying pan with pam , and fry wontons on medium heat for 3-4 mins on each side should be crispy on the outside and cooked all the way through dip in hoisin sauce enjoy !","[""gingerroot"", ""ground turkey"", ""hoisin sauce"", ""teriyaki sauce"", ""water chestnuts"", ""wonton wrappers""]",6,5.0,1,4.693709782124865,1,1,0.6931471805599453,0.6931471805599453,0.6931471805599453,"[""appetizer""]",[],"[""turkey""]","[""asian""]",4,0.94761074,52.0,4.693709782124865,"[""ground turkey"", ""teriyaki sauce"", ""water chestnuts"", ""gingerroot"", ""hoisin sauce"", ""wonton wrappers""]","[""ground turkey"", ""teriyaki sauce"", ""water chestnut"", ""gingerroot"", ""hoisin sauce"", ""wonton wrapper""]","[""gingerroot"", ""ground turkey"", ""hoisin sauce"", ""teriyaki sauce"", ""water chestnut"", ""wonton wrapper""]",True,"[""gingerroot"", ""ground turkey"", ""hoisin sauce"", ""teriyaki sauce"", ""water chestnut"", ""wonton wrapper""]","[""ground turkey""]","[""gingerroot"", ""hoisin sauce"", ""teriyaki sauce"", ""water chestnut"", ""wonton wrapper""]","[""gingerroot""]","[""ground turkey"", ""hoisin sauce"", ""teriyaki sauce"", ""water chestnut"", ""wonton wrapper""]","[""ground turkey""]","[""gingerroot"", ""hoisin sauce"", ""teriyaki sauce"", ""water chestnut"", ""wonton wrapper""]","[""ground_turkey"", ""teriyaki_sauce"", ""water_chestnut"", ""gingerroot"", ""hoisin_sauce"", ""wonton_wrapper""]",ground_turkey teriyaki_sauce water_chestnut gingerroot hoisin_sauce wonton_wrapper,7,0.56045187,군집 8
sticky grilled ribs,128638,25,89831,2005-07-04,"['30-minutes-or-less', 'time-to-make', 'course', 'main-ingredient', 'preparation', 'occasion', 'appetizers', 'main-dish', 'pork', 'oven', 'barbecue', 'easy', 'dinner-party', 'holiday-event', 'summer', 'broil', 'dietary', 'seasonal', 'low-carb', 'low-in-something', 'meat', 'pork-ribs', 'brunch', 'equipment', 'grilling']","[1862.5, 220.0, 116.0, 120.0, 191.0, 229.0, 13.0]",8,"['for the sauce: in a bowl , combine all sauce ingredients together', 'mix well to combine', 'to prepare the ribs: remove the skin from the underside of the ribs', 'to tenderize ribs , place in a large pot of boiling water , and boil gently for about 30 minutes', 'drain', 'generously coat the ribs with sauce on both sides', 'when ready to barbecue , spray grill with oil , and cook ribs over medium heat , basting with sauce , and turning often until well glazed', 'delicious !']","one of the most delicious recipes for pork back ribs. this very well might become your favorite grilled rib recipe, it is a big favorite of my family. the sauce should be enough for 3-4 racks of ribs, just double the sauce if you are planning to make more than 4 racks. these ribs can also be prepared under the broiler, and also served as an appetizer.","['pork spareribs', 'hoisin sauce', 'oyster sauce', 'hot chili sauce', 'liquid honey']",5,"[""pork spareribs"", ""hoisin sauce"", ""oyster sauce"", ""hot chili sauce"", ""liquid honey""]","[""30-minutes-or-less"", ""time-to-make"", ""course"", ""main-ingredient"", ""preparation"", ""occasion"", ""appetizers"", ""main-dish"", ""pork"", ""oven"", ""barbecue"", ""easy"", ""dinner-party"", ""holiday-event"", ""summer"", ""broil"", ""dietary"", ""seasonal"", ""low-carb"", ""low-in-something"", ""meat"", ""pork-ribs"", ""brunch"", ""equipment"", ""grilling""]","[""for the sauce: in a bowl , combine all sauce ingredients together"", ""mix well to combine"", ""to prepare the ribs: remove the skin from the underside of the ribs"", ""to tenderize ribs , place in a large pot of boiling water , and boil gently for about 30 minutes"", ""drain"", ""generously coat the ribs with sauce on both sides"", ""when ready to barbecue , spray grill with oil , and cook ribs over medium heat , basting with sauce , and turning often until well glazed"", ""delicious !""]",1862.5,220.0,116.0,120.0,191.0,229.0,13.0,"[""hoisin sauce"", ""hot chili sauce"", ""liquid honey"", ""oyster sauce"", ""pork spareribs""]","[""hoisin sauce"", ""hot chili sauce"", ""liquid honey"", ""oyster sauce"", ""pork spareribs""]",199799,3.258096538021482,7.530211718919313,5.3981627015177525,4.762173934797756,4.795790545596741,5.2574953720277815,5.438079308923196,2.6390573296152584,"for the sauce: in a bowl , combine all sauce ingredients together mix well to combine to prepare the ribs: remove the skin from the underside of the ribs to tenderize ribs , place in a large pot of boiling water , and boil gently for about 30 minutes drain generously coat the ribs with sauce on both sides when ready to barbecue , spray grill with oil , and cook ribs over medium heat , basting with sauce , and turning often until well glazed delicious !","[""hoisin sauce"", ""hot chili sauce"", ""liquid honey"", ""oyster sauce"", ""pork spareribs""]",5,5.0,1,4.693709782124865,1,1,0.6931471805599453,0.6931471805599453,0.6931471805599453,"[""appetizer"", ""brunch"", ""main_dish""]",[],"[""pork""]",[],4,0.974194,25.0,4.693709782124865,"[""pork spareribs"", ""hoisin sauce"", ""oyster sauce"", ""hot chili sauce"", ""liquid honey""]","[""pork spareribs"", ""hoisin sauce"", ""oyster sauce"", ""hot chili sauce"", ""liquid honey""]","[""hoisin sauce"", ""hot chili sauce"", ""liquid honey"", ""oyster sauce"", ""pork spareribs""]",True,"[""hoisin sauce"", ""hot chili sauce"", ""liquid honey"", ""oyster sauce"", ""pork spareribs""]","[""pork spareribs""]","[""hoisin sauce"", ""hot chili sauce"", ""liquid honey"", ""oyster sauce""]",[],"[""hoisin sauce"", ""hot chili sauce"", ""liquid honey"", ""oyster sauce"", ""pork spareribs""]","[""pork spareribs""]","[""hoisin sauce"", ""hot chili sauce"", ""liquid honey"", ""oyster sauce""]","[""pork_spareribs"", ""hoisin_sauce"", ""oyster_sauce"", ""hot_chili_sauce"", ""liquid_honey""]",pork_spareribs hoisin_sauce oyster_sauce hot_chili_sauce liquid_honey,7,0.5659995,군집 8
gai lan  chinese broccoli  and beef,85423,60,121985,2004-03-01,"['60-minutes-or-less', 'time-to-make', 'course', 'main-ingredient', 'cuisine', 'preparation', 'for-1-or-2', 'main-dish', 'beef', 'vegetables', 'asian', 'dietary', 'meat', 'steak', 'broccoli', 'number-of-servings']","[290.8, 41.0, 8.0, 201.0, 12.0, 19.0, 2.0]",12,"['combine sauces and oil and marinate beef in them for about 30 minutes', 'it should cover all of the beef', 'if not add more in even amounts', 'meanwhile wash gai lan well and cut into three to four inch pieces', '5-a boil a large pot of water 5-b when water boils drop pieces of gai lan into boiling water and remove when desired softness', 'heat a frying pan or wok over medium high heat', 'when pan is hot , saut garlic in about 1 tsp of oil until just lightly browned', 'be careful-- this will sizzle a lot', 'when garlic is browned dump in the beef with marinade and saut until done', 'serve over steamed rice , and chinese broccoli', 'use remaining sauce with rice and veggie', 'i suggest using a lite soy sauce instead of regular to reduce the salt content some']",my chinese roommate taught me to make this yummy dish. mostly because she got tired of making it for me as i can't get enough of it. this is so good and your house will be filled with wonderful smells. if you like garlic this is a must.,"['lean steak', 'gai lan', 'fish sauce', 'sesame oil', 'soy sauce', 'fresh garlic cloves']",6,"[""lean steak"", ""gai lan"", ""fish sauce"", ""sesame oil"", ""soy sauce"", ""fresh garlic cloves""]","[""60-minutes-or-less"", ""time-to-make"", ""course"", ""main-ingredient"", ""cuisine"", ""preparation"", ""for-1-or-2"", ""main-dish"", ""beef"", ""vegetables"", ""asian"", ""dietary"", ""meat"", ""steak"", ""broccoli"", ""number-of-servings""]","[""combine sauces and oil and marinate beef in them for about 30 minutes"", ""it should cover all of the beef"", ""if not add more in even amounts"", ""meanwhile wash gai lan well and cut into three to four inch pieces"", ""5-a boil a large pot of water 5-b when water boils drop pieces of gai lan into boiling water and remove when desired softness"", ""heat a frying pan or wok over medium high heat"", ""when pan is hot , saut garlic in about 1 tsp of oil until just lightly browned"", ""be careful-- this will sizzle a lot"", ""when garlic is browned dump in the beef with marinade and saut until done"", ""serve over steamed rice , and chinese broccoli"", ""use remaining sauce with rice and veggie"", ""i suggest using a lite soy sauce instead of regular to reduce the salt content some""]",290.8,41.0,8.0,201.0,12.0,19.0,2.0,"[""fish sauce"", ""fresh garlic cloves"", ""gai lan"", ""lean steak"", ""sesame oil"", ""soy sauce""]","[""fish sauce"", ""fresh garlic cloves"", ""gai lan"", ""lean steak"", ""sesame oil"", ""soy sauce""]",89523,4.110873864173311,5.676068636088686,3.7376696182833684,2.1972245773362196,5.308267697401205,2.5649493574615367,2.995732273553991,1.0986122886681098,"combine sauces and oil and marinate beef in them for about 30 minutes it should cover all of the beef if not add more in even amounts meanwhile wash gai lan well and cut into three to four inch pieces 5-a boil a large pot of water 5-b when water boils drop pieces of gai lan into boiling water and remove when desired softness heat a frying pan or wok over medium high heat when pan is hot , saut garlic in about 1 tsp of oil until just lightly browned be careful-- this will sizzle a lot when garlic is browned dump in the beef with marinade and saut until done serve over steamed rice , and chinese broccoli use remaining sauce with rice and veggie i suggest using a lite soy sauce instead of regular to reduce the salt content some","[""fish sauce"", ""fresh garlic cloves"", ""gai lan"", ""lean steak"", ""sesame oil"", ""soy sauce""]",6,3.5,2,4.020282336593649,2,2,1.0986122886681098,1.0986122886681098,1.0986122886681098,"[""main_dish""]",[],"[""beef"", ""vegetable""]","[""asian""]",4,0.9894222,60.0,4.020282336593649,"[""lean steak"", ""gai lan"", ""fish sauce"", ""sesame oil"", ""soy sauce"", ""fresh garlic cloves""]","[""steak"", ""gai lan"", ""fish sauce"", ""sesame oil"", ""soy sauce"", ""garlic""]","[""fish sauce"", ""gai lan"", ""garlic"", ""sesame oil"", ""soy sauce"", ""steak""]",True,"[""fish sauce"", ""gai lan"", ""garlic"", ""sesame oil"", ""steak""]","[""steak""]","[""fish sauce"", ""gai lan"", ""garlic"", ""sesame oil""]","[""fish sauce"", ""sesame oil""]","[""gai lan"", ""garlic"", ""steak""]","[""steak""]","[""fish sauce"", ""gai lan"", ""garlic"", ""sesame oil""]","[""steak"", ""gai_lan"", ""fish_sauce"", ""sesame_oil"", ""soy_sauce"", ""garlic""]",steak gai_lan fish_sauce sesame_oil soy_sauce garlic,7,0.56899583,군집 8
mango strawberry snow cones,299950,10,324390,2008-04-22,"['15-minutes-or-less', 'time-to-make', 'course', 'main-ingredient', 'preparation', 'occasion', 'low-protein', 'healthy', 'desserts', 'fruit', 'easy', 'no-cook', 'low-fat', 'spring', 'summer', 'vegan', 'vegetarian', 'frozen-desserts', 'dietary', 'low-sodium', 'low-cholesterol', 'seasonal', 'low-saturated-fat', 'low-calorie', 'low-carb', 'healthy-2', 'low-in-something', 'berries', 'strawberries', 'tropical-fruit', 'mango', 'technique']","[98.2, 0.0, 78.0, 0.0, 2.0, 0.0, 8.0]",8,"['put the mangoes and strawberries into a blender or food processor', 'squeeze in the lime juice and puree', 'crush ice in a food processor or blender until it is very fine , like snow', 'pile the crushed ice into dessert dishes', ""pour the fruit puree over until you can't see any more white"", 'alternatively , you can just blend everything up at the same time', 'garnish with lime wedges and mint', 'serve immediately']",from tyler florence- a healthy summer dessert sure to cool you down. add some splenda if you would like it sweeter.,"['mangoes', 'strawberry', 'lime, juice of', 'lime wedge', 'ice', 'mint leaf']",6,"[""mangoes"", ""strawberry"", ""lime, juice of"", ""lime wedge"", ""ice"", ""mint leaf""]","[""15-minutes-or-less"", ""time-to-make"", ""course"", ""main-ingredient"", ""preparation"", ""occasion"", ""low-protein"", ""healthy"", ""desserts"", ""fruit"", ""easy"", ""no-cook"", ""low-fat"", ""spring"", ""summer"", ""vegan"", ""vegetarian"", ""frozen-desserts"", ""dietary"", ""low-sodium"", ""low-cholesterol"", ""seasonal"", ""low-saturated-fat"", ""low-calorie"", ""low-carb"", ""healthy-2"", ""low-in-something"", ""berries"", ""strawberries"", ""tropical-fruit"", ""mango"", ""technique""]","[""put the mangoes and strawberries into a blender or food processor"", ""squeeze in the lime juice and puree"", ""crush ice in a food processor or blender until it is very fine , like snow"", ""pile the crushed ice into dessert dishes"", ""pour the fruit puree over until you can't see any more white"", ""alternatively , you can just blend everything up at the same time"", ""garnish with lime wedges and mint"", ""serve immediately""]",98.2,0.0,78.0,0.0,2.0,0.0,8.0,"[""ice"", ""lime wedge"", ""lime, juice of"", ""mangoes"", ""mint leaf"", ""strawberry""]","[""ice"", ""lime wedge"", ""lime, juice of"", ""mangoes"", ""mint leaf"", ""strawberry""]",129682,2.3978952727983707,4.597138014290827,0.0,4.3694478524670215,0.0,1.0986122886681098,0.0,2.1972245773362196,"put the mangoes and strawberries into a blender or food processor squeeze in the lime juice and puree crush ice in a food processor or blender until it is very fine , like snow pile the crushed ice into dessert dishes pour the fruit puree over until you can't see any more white alternatively , you can just blend everything up at the same time garnish with lime wedges and mint serve immediately","[""ice"", ""lime wedge"", ""lime, juice of"", ""mangoes"", ""mint leaf"", ""strawberry""]",6,5.0,1,4.693709782124865,1,1,0.6931471805599453,0.6931471805599453,0.6931471805599453,"[""dessert""]","[""frozen_dessert""]","[""fruit""]",[],0,0.51910466,10.0,4.693709782124865,"[""mangoes"", ""strawberry"", ""lime, juice of"", ""lime wedge"", ""ice"", ""mint leaf""]","[""mango"", ""strawberry"", ""lime, juice of"", ""lime wedge"", ""ice"", ""mint""]","[""ice"", ""lime wedge"", ""lime, juice of"", ""mango"", ""mint"", ""strawberry""]",True,"[""lime wedge"", ""lime, juice of"", ""mango"", ""mint"", ""strawberry""]","[""lime wedge"", ""mango"", ""strawberry""]","[""lime, juice of"", ""mint""]","[""mango""]","[""lime wedge"", ""lime, juice of"", ""mint"", ""strawberry""]","[""lime wedge"", ""mango"", ""strawberry""]","[""lime, juice of"", ""mint""]","[""mango"", ""strawberry"", ""lime_juice_of"", ""lime_wedge"", ""ice"", ""mint""]",mango strawberry lime_juice_of lime_wedge ice mint,8,0.43870035,군집 9
make your own chocolate ice cream in baggies,168991,10,51011,2006-05-22,"['15-minutes-or-less', 'time-to-make', 'course', 'main-ingredient', 'preparation', 'occasion', 'for-1-or-2', '5-ingredients-or-less', 'desserts', 'eggs-dairy', 'easy', 'kid-friendly', 'frozen-desserts', 'dietary', 'inexpensive', 'novelty', 'number-of-servings']","[207.5, 13.0, 95.0, 6.0, 15.0, 26.0, 8.0]",13,"['pour the chocolate milk into the quart sized ziploc bag', 'seal the bag securely making sure all the air is out of the bag', 'put 3 cups of ice into the gallon ziploc bag', 'add 3 / 4 cup to 1 cup salt to the bag of ice', 'place the sealed quart bag inside the gallon bag of ice and salt removing excess air from bigger bag', 'seal the gallon bag securely', 'rock and squish the gallon bag from side to side', 'do not be too rough because the bag may break', 'also , if the ourside bag springs a leak , place it inside another gallon bag , or just start over with the ice step with another bag', ""it's best to hold it by the top seal or to have gloves or a cloth between the bag and your hands because the bag will be cold enough to damage your skin"", 'continue to rock the bag for 10-15 minutes or until the contents of the quart bag have solidified into ice cream', 'if it does not harden within 15 minutes , add more ice and salt to your bag and continue mixing', 'enjoy !']","i made vanilla ice cream with my students this year, and then came across this recipe that is a bit easier to make.","['chocolate milk', 'rock salt', 'ice', 'ziploc bag']",4,"[""chocolate milk"", ""rock salt"", ""ice"", ""ziploc bag""]","[""15-minutes-or-less"", ""time-to-make"", ""course"", ""main-ingredient"", ""preparation"", ""occasion"", ""for-1-or-2"", ""5-ingredients-or-less"", ""desserts"", ""eggs-dairy"", ""easy"", ""kid-friendly"", ""frozen-desserts"", ""dietary"", ""inexpensive"", ""novelty"", ""number-of-servings""]","[""pour the chocolate milk into the quart sized ziploc bag"", ""seal the bag securely making sure all the air is out of the bag"", ""put 3 cups of ice into the gallon ziploc bag"", ""add 3 / 4 cup to 1 cup salt to the bag of ice"", ""place the sealed quart bag inside the gallon bag of ice and salt removing excess air from bigger bag"", ""seal the gallon bag securely"", ""rock and squish the gallon bag from side to side"", ""do not be too rough because the bag may break"", ""also , if the ourside bag springs a leak , place it inside another gallon bag , or just start over with the ice step with another bag"", ""it's best to hold it by the top seal or to have gloves or a cloth between the bag and your hands because the bag will be cold enough to damage your skin"", ""continue to rock the bag for 10-15 minutes or until the contents of the quart bag have solidified into ice cream"", ""if it does not harden within 15 minutes , add more ice and salt to your bag and continue mixing"", ""enjoy !""]",207.5,13.0,95.0,6.0,15.0,26.0,8.0,"[""chocolate milk"", ""ice"", ""rock salt"", ""ziploc bag""]","[""chocolate milk"", ""ice"", ""rock salt"", ""ziploc bag""]",128738,2.3978952727983707,5.339939041238856,2.6390573296152584,4.564348191467836,1.9459101490553132,2.772588722239781,3.295836866004329,2.1972245773362196,"pour the chocolate milk into the quart sized ziploc bag seal the bag securely making sure all the air is out of the bag put 3 cups of ice into the gallon ziploc bag add 3 / 4 cup to 1 cup salt to the bag of ice place the sealed quart bag inside the gallon bag of ice and salt removing excess air from bigger bag seal the gallon bag securely rock and squish the gallon bag from side to side do not be too rough because the bag may break also , if the ourside bag springs a leak , place it inside another gallon bag , or just start over with the ice step with another bag it's best to hold it by the top seal or to have gloves or a cloth between the bag and your hands because the bag will be cold enough to damage your skin continue to rock the bag for 10-15 minutes or until the contents of the quart bag have solidified into ice cream if it does not harden within 15 minutes , add more ice and salt to your bag and continue mixing enjoy !","[""chocolate milk"", ""ice"", ""rock salt"", ""ziploc bag""]",4,3.0,2,3.770282336593648,2,2,1.0986122886681098,1.0986122886681098,1.0986122886681098,"[""dessert""]","[""frozen_dessert""]","[""egg_dairy_unspecified""]",[],0,0.5338253,10.0,3.770282336593648,"[""chocolate milk"", ""rock salt"", ""ice"", ""ziploc bag""]","[""chocolate milk"", ""rock salt"", ""ice"", ""ziploc bag""]","[""chocolate milk"", ""ice"", ""rock salt"", ""ziploc bag""]",True,"[""chocolate milk"", ""rock salt"", ""ziploc bag""]","[""chocolate milk""]","[""rock salt"", ""ziploc bag""]",[],"[""chocolate milk"", ""rock salt"", ""ziploc bag""]","[""chocolate milk""]","[""rock salt"", ""ziploc bag""]","[""chocolate_milk"", ""rock_salt"", ""ice"", ""ziploc_bag""]",chocolate_milk rock_salt ice ziploc_bag,8,0.4517492,군집 9
hungry girl s cake batter shake,475553,10,383853,2012-03-04,"['15-minutes-or-less', 'time-to-make', 'course', 'preparation', 'for-1-or-2', 'desserts', 'food-processor-blender', 'equipment', 'small-appliance', 'number-of-servings']","[110.2, 9.0, 47.0, 2.0, 3.0, 21.0, 4.0]",16,"['to make the chocolatey topping , in a small bowl , combine cool whip with cocoa mix', 'stir until completely mixed', 'cover and refrigerate', 'in a tall glass , combine powdered creamer with 2 tablespoons hot water and stir to dissolve', 'add soymilk and pudding mix', 'stir until mostly dissolved', 'transfer contents of the glass to a blender', 'add ice cream and ice to the blender', 'blend at high speed until thoroughly mixed', 'if needed , remove blender from the base , stir mixture , and blend again', 'pour into the tall glass', 'gently stir in the sprinkles', 'if you want to get fancy with your chocolatey topping , spoon it into one of the bottom corners of a plastic bag', 'snip off the', 'or keep things simple and just spoon on the topping ! if you like , top with a few extra sprinkles', 'enjoy !']",a low cal version of a sweet treat.,"['cool whip free', 'powdered cocoa mix', 'powdered coffee creamer', 'light vanilla soymilk', 'sugar-free instant vanilla pudding mix', 'vanilla ice cream', 'ice', 'candy sprinkles']",8,"[""cool whip free"", ""powdered cocoa mix"", ""powdered coffee creamer"", ""light vanilla soymilk"", ""sugar-free instant vanilla pudding mix"", ""vanilla ice cream"", ""ice"", ""candy sprinkles""]","[""15-minutes-or-less"", ""time-to-make"", ""course"", ""preparation"", ""for-1-or-2"", ""desserts"", ""food-processor-blender"", ""equipment"", ""small-appliance"", ""number-of-servings""]","[""to make the chocolatey topping , in a small bowl , combine cool whip with cocoa mix"", ""stir until completely mixed"", ""cover and refrigerate"", ""in a tall glass , combine powdered creamer with 2 tablespoons hot water and stir to dissolve"", ""add soymilk and pudding mix"", ""stir until mostly dissolved"", ""transfer contents of the glass to a blender"", ""add ice cream and ice to the blender"", ""blend at high speed until thoroughly mixed"", ""if needed , remove blender from the base , stir mixture , and blend again"", ""pour into the tall glass"", ""gently stir in the sprinkles"", ""if you want to get fancy with your chocolatey topping , spoon it into one of the bottom corners of a plastic bag"", ""snip off the"", ""or keep things simple and just spoon on the topping ! if you like , top with a few extra sprinkles"", ""enjoy !""]",110.2,9.0,47.0,2.0,3.0,21.0,4.0,"[""candy sprinkles"", ""cool whip free"", ""ice"", ""light vanilla soymilk"", ""powdered cocoa mix"", ""powdered coffee creamer"", ""sugar-free instant vanilla pudding mix"", ""vanilla ice cream""]","[""candy sprinkles"", ""cool whip free"", ""ice"", ""light vanilla soymilk"", ""powdered cocoa mix"", ""powdered coffee creamer"", ""sugar-free instant vanilla pudding mix"", ""vanilla ice cream""]",110046,2.3978952727983707,4.711330381816482,2.302585092994046,3.871201010907891,1.0986122886681098,1.3862943611198906,3.091042453358316,1.6094379124341003,"to make the chocolatey topping , in a small bowl , combine cool whip with cocoa mix stir until completely mixed cover and refrigerate in a tall glass , combine powdered creamer with 2 tablespoons hot water and stir to dissolve add soymilk and pudding mix stir until mostly dissolved transfer contents of the glass to a blender add ice cream and ice to the blender blend at high speed until thoroughly mixed if needed , remove blender from the base , stir mixture , and blend again pour into the tall glass gently stir in the sprinkles if you want to get fancy with your chocolatey topping , spoon it into one of the bottom corners of a plastic bag snip off the or keep things simple and just spoon on the topping ! if you like , top with a few extra sprinkles enjoy !","[""candy sprinkles"", ""cool whip free"", ""ice"", ""light vanilla soymilk"", ""powdered cocoa mix"", ""powdered coffee creamer"", ""sugar-free instant vanilla pudding mix"", ""vanilla ice cream""]",8,5.0,1,4.693709782124865,1,1,0.6931471805599453,0.6931471805599453,0.6931471805599453,"[""dessert""]","[""frozen_dessert"", ""pudding_mousse""]","[""chocolate_cocoa"", ""fruit""]",[],0,0.5365782,10.0,4.693709782124865,"[""cool whip free"", ""powdered cocoa mix"", ""powdered coffee creamer"", ""light vanilla soymilk"", ""sugar-free instant vanilla pudding mix"", ""vanilla ice cream"", ""ice"", ""candy sprinkles""]","[""cool whip free"", ""powdered cocoa mix"", ""powdered coffee creamer"", ""light vanilla soymilk"", ""sugar-free instant vanilla pudding mix"", ""vanilla ice cream"", ""ice"", ""candy sprinkles""]","[""candy sprinkles"", ""cool whip free"", ""ice"", ""light vanilla soymilk"", ""powdered cocoa mix"", ""powdered coffee creamer"", ""sugar-free instant vanilla pudding mix"", ""vanilla ice cream""]",True,"[""candy sprinkles"", ""cool whip free"", ""light vanilla soymilk"", ""powdered cocoa mix"", ""powdered coffee creamer"", ""sugar-free instant vanilla pudding mix"", ""vanilla ice cream""]","[""vanilla ice cream""]","[""candy sprinkles"", ""cool whip free"", ""light vanilla soymilk"", ""powdered cocoa mix"", ""powdered coffee creamer"", ""sugar-free instant vanilla pudding mix""]",[],"[""candy sprinkles"", ""cool whip free"", ""light vanilla soymilk"", ""powdered cocoa mix"", ""powdered coffee creamer"", ""sugar-free instant vanilla pudding mix"", ""vanilla ice cream""]","[""vanilla ice cream""]","[""candy sprinkles"", ""cool whip free"", ""light vanilla soymilk"", ""powdered cocoa mix"", ""powdered coffee creamer"", ""sugar-free instant vanilla pudding mix""]","[""cool_whip_free"", ""powdered_cocoa_mix"", ""powdered_coffee_creamer"", ""light_vanilla_soymilk"", ""sugar-free_instant_vanilla_pudding_mix"", ""vanilla_ice_cream"", ""ice"", ""candy_sprinkles""]",cool_whip_free powdered_cocoa_mix powdered_coffee_creamer light_vanilla_soymilk sugar-free_instant_vanilla_pudding_mix vanilla_ice_cream ice candy_sprinkles,8,0.48163122,군집 9
easy  penne with chicken  spinach and tomato alfredo  soooo good,10406,25,35526,2001-07-25,"['30-minutes-or-less', 'time-to-make', 'main-ingredient', 'cuisine', 'preparation', 'eggs-dairy', 'pasta', 'poultry', 'easy', 'european', 'italian', 'cheese', 'chicken', 'stove-top', 'dietary', 'meat', 'chicken-breasts', 'pasta-rice-and-grains', 'penne', 'equipment']","[221.3, 16.0, 8.0, 4.0, 51.0, 15.0, 1.0]",15,"['thaw spinach completely in a colander lined with a few paper towels', 'this may take a few hours', 'squeeze spinach completely dry', 'set aside', 'cut up chicken into bite size pieces', 'brown in a skillet', 'keep warm', 'cook penne according to package', 'meanwhile , in a medium sauce pan , add both jars of sauce , tomato and spinach', 'bring to a simmer on low heat , stirring occasionally', 'continue simmering for 10 minutes or so', 'when pasta is done , drain and place in a large serving bowl', 'add chicken and stir', 'add alfredo mixture and stir again', 'serve right away with garlic bread']","this is my family's favorite dish that i make. and it is sooo easy! it is enough for 6 adults. or 2 adults and 2 kids, with more than enough to have for dinner the next night, and then lunch for 2 kids the next day. it's also good if you leave out the chicken.","['penne pasta', 'boneless chicken breasts', 'classico alfredo with sun dried tomatoes', 'frozen spinach', 'italian tomatoes', 'salt and pepper']",6,"[""penne pasta"", ""boneless chicken breasts"", ""classico alfredo with sun dried tomatoes"", ""frozen spinach"", ""italian tomatoes"", ""salt and pepper""]","[""30-minutes-or-less"", ""time-to-make"", ""main-ingredient"", ""cuisine"", ""preparation"", ""eggs-dairy"", ""pasta"", ""poultry"", ""easy"", ""european"", ""italian"", ""cheese"", ""chicken"", ""stove-top"", ""dietary"", ""meat"", ""chicken-breasts"", ""pasta-rice-and-grains"", ""penne"", ""equipment""]","[""thaw spinach completely in a colander lined with a few paper towels"", ""this may take a few hours"", ""squeeze spinach completely dry"", ""set aside"", ""cut up chicken into bite size pieces"", ""brown in a skillet"", ""keep warm"", ""cook penne according to package"", ""meanwhile , in a medium sauce pan , add both jars of sauce , tomato and spinach"", ""bring to a simmer on low heat , stirring occasionally"", ""continue simmering for 10 minutes or so"", ""when pasta is done , drain and place in a large serving bowl"", ""add chicken and stir"", ""add alfredo mixture and stir again"", ""serve right away with garlic bread""]",221.3,16.0,8.0,4.0,51.0,15.0,1.0,"[""boneless chicken breasts"", ""classico alfredo with sun dried tomatoes"", ""frozen spinach"", ""italian tomatoes"", ""penne pasta"", ""salt and pepper""]","[""boneless chicken breasts"", ""classico alfredo with sun dried tomatoes"", ""frozen spinach"", ""italian tomatoes"", ""penne pasta"", ""salt and pepper""]",78658,3.258096538021482,5.404027820970151,2.833213344056216,2.1972245773362196,1.6094379124341003,3.9512437185814275,2.772588722239781,0.6931471805599453,"thaw spinach completely in a colander lined with a few paper towels this may take a few hours squeeze spinach completely dry set aside cut up chicken into bite size pieces brown in a skillet keep warm cook penne according to package meanwhile , in a medium sauce pan , add both jars of sauce , tomato and spinach bring to a simmer on low heat , stirring occasionally continue simmering for 10 minutes or so when pasta is done , drain and place in a large serving bowl add chicken and stir add alfredo mixture and stir again serve right away with garlic bread","[""boneless chicken breasts"", ""classico alfredo with sun dried tomatoes"", ""frozen spinach"", ""italian tomatoes"", ""penne pasta"", ""salt and pepper""]",6,4.6231884057971016,69,4.620860976709501,73,73,4.248495242049359,4.30406509320417,4.30406509320417,[],"[""pasta_noodle""]","[""chicken"", ""dairy_cheese"", ""grain_rice_pasta""]","[""italian""]",3,0.59421974,25.0,4.620860976709501,"[""penne pasta"", ""boneless chicken breasts"", ""classico alfredo with sun dried tomatoes"", ""frozen spinach"", ""italian tomatoes"", ""salt and pepper""]","[""penne pasta"", ""chicken breast"", ""classico alfredo with sun dried tomatoes"", ""frozen spinach"", ""italian tomatoes"", ""salt and pepper""]","[""chicken breast"", ""classico alfredo with sun dried tomatoes"", ""frozen spinach"", ""italian tomatoes"", ""penne pasta"", ""salt and pepper""]",True,"[""chicken breast"", ""classico alfredo with sun dried tomatoes"", ""frozen spinach"", ""italian tomatoes"", ""penne pasta""]","[""chicken breast"", ""classico alfredo with sun dried tomatoes"", ""frozen spinach"", ""italian tomatoes"", ""penne pasta""]",[],"[""chicken breast""]","[""classico alfredo with sun dried tomatoes"", ""frozen spinach"", ""italian tomatoes"", ""penne pasta""]","[""chicken breast"", ""classico alfredo with sun dried tomatoes"", ""frozen spinach"", ""italian tomatoes"", ""penne pasta""]",[],"[""penne_pasta"", ""chicken_breast"", ""classico_alfredo_with_sun_dried_tomatoes"", ""frozen_spinach"", ""italian_tomatoes"", ""salt_and_pepper""]",penne_pasta chicken_breast classico_alfredo_with_sun_dried_tomatoes frozen_spinach italian_tomatoes salt_and_pepper,9,0.59271127,군집 10
creamy chipotle chicken with broccoli,227197,30,259064,2007-05-10,"['30-minutes-or-less', 'time-to-make', 'course', 'main-ingredient', 'preparation', 'for-1-or-2', 'main-dish', 'pasta', 'poultry', 'chicken', 'meat', 'chicken-breasts', 'pasta-rice-and-grains', 'penne', 'number-of-servings']","[820.3, 39.0, 14.0, 31.0, 117.0, 52.0, 32.0]",15,"['blend cream cheese , chipotle , and asiago in a microwave-safe dish', 'taste , and add more chipotle if needed', 'the yogurt will tame the spicyness , so you may want the cream cheese blend to be a notch higher than you would normally like', 'set aside', 'steam broccoli to desired level of doneness', 'set aside', 'prepare pasta according to package directions', 'drain', 'microwave cream cheese mixture on high for 1 minute', 'add yogurt to cream cheese mixture , stir to combine', 'reheat chicken , if necessary', 'combine broccoli and pasta', 'stir in cream cheese mixture', 'add salt and pepper if desired', 'top with grilled chicken']","after a week of grilled meat and roasted vegetables, my husband requested something creamy and cheesy.  this is what i came up with.","['boneless chicken breasts', 'broccoli florets', 'whole wheat penne', 'reduced-fat cream cheese', 'canned chipotle chile', 'asiago cheese', 'plain fat-free yogurt', 'salt and pepper']",8,"[""boneless chicken breasts"", ""broccoli florets"", ""whole wheat penne"", ""reduced-fat cream cheese"", ""canned chipotle chile"", ""asiago cheese"", ""plain fat-free yogurt"", ""salt and pepper""]","[""30-minutes-or-less"", ""time-to-make"", ""course"", ""main-ingredient"", ""preparation"", ""for-1-or-2"", ""main-dish"", ""pasta"", ""poultry"", ""chicken"", ""meat"", ""chicken-breasts"", ""pasta-rice-and-grains"", ""penne"", ""number-of-servings""]","[""blend cream cheese , chipotle , and asiago in a microwave-safe dish"", ""taste , and add more chipotle if needed"", ""the yogurt will tame the spicyness , so you may want the cream cheese blend to be a notch higher than you would normally like"", ""set aside"", ""steam broccoli to desired level of doneness"", ""set aside"", ""prepare pasta according to package directions"", ""drain"", ""microwave cream cheese mixture on high for 1 minute"", ""add yogurt to cream cheese mixture , stir to combine"", ""reheat chicken , if necessary"", ""combine broccoli and pasta"", ""stir in cream cheese mixture"", ""add salt and pepper if desired"", ""top with grilled chicken""]",820.3,39.0,14.0,31.0,117.0,52.0,32.0,"[""asiago cheese"", ""boneless chicken breasts"", ""broccoli florets"", ""canned chipotle chile"", ""plain fat-free yogurt"", ""reduced-fat cream cheese"", ""salt and pepper"", ""whole wheat penne""]","[""asiago cheese"", ""boneless chicken breasts"", ""broccoli florets"", ""canned chipotle chile"", ""plain fat-free yogurt"", ""reduced-fat cream cheese"", ""salt and pepper"", ""whole wheat penne""]",62731,3.4339872044851463,6.710888450746147,3.6888794541139363,2.70805020110221,3.4657359027997265,4.770684624465665,3.970291913552122,3.4965075614664802,"blend cream cheese , chipotle , and asiago in a microwave-safe dish taste , and add more chipotle if needed the yogurt will tame the spicyness , so you may want the cream cheese blend to be a notch higher than you would normally like set aside steam broccoli to desired level of doneness set aside prepare pasta according to package directions drain microwave cream cheese mixture on high for 1 minute add yogurt to cream cheese mixture , stir to combine reheat chicken , if necessary combine broccoli and pasta stir in cream cheese mixture add salt and pepper if desired top with grilled chicken","[""asiago cheese"", ""boneless chicken breasts"", ""broccoli florets"", ""canned chipotle chile"", ""plain fat-free yogurt"", ""reduced-fat cream cheese"", ""salt and pepper"", ""whole wheat penne""]",8,3.0,1,4.027043115458198,1,1,0.6931471805599453,0.6931471805599453,0.6931471805599453,"[""main_dish""]","[""pasta_noodle""]","[""chicken"", ""grain_rice_pasta""]",[],3,0.59555763,30.0,4.027043115458198,"[""boneless chicken breasts"", ""broccoli florets"", ""whole wheat penne"", ""reduced-fat cream cheese"", ""canned chipotle chile"", ""asiago cheese"", ""plain fat-free yogurt"", ""salt and pepper""]","[""chicken breast"", ""broccoli floret"", ""whole wheat penne"", ""reduced-fat cream cheese"", ""canned chipotle chile"", ""asiago cheese"", ""plain fat-free yogurt"", ""salt and pepper""]","[""asiago cheese"", ""broccoli floret"", ""canned chipotle chile"", ""chicken breast"", ""plain fat-free yogurt"", ""reduced-fat cream cheese"", ""salt and pepper"", ""whole wheat penne""]",True,"[""asiago cheese"", ""broccoli floret"", ""canned chipotle chile"", ""chicken breast"", ""plain fat-free yogurt"", ""reduced-fat cream cheese"", ""whole wheat penne""]","[""asiago cheese"", ""broccoli floret"", ""chicken breast"", ""plain fat-free yogurt"", ""reduced-fat cream cheese""]","[""canned chipotle chile"", ""whole wheat penne""]","[""broccoli floret"", ""chicken breast""]","[""asiago cheese"", ""canned chipotle chile"", ""plain fat-free yogurt"", ""reduced-fat cream cheese"", ""whole wheat penne""]","[""asiago cheese"", ""broccoli floret"", ""chicken breast"", ""plain fat-free yogurt"", ""reduced-fat cream cheese""]","[""canned chipotle chile"", ""whole wheat penne""]","[""chicken_breast"", ""broccoli_floret"", ""whole_wheat_penne"", ""reduced-fat_cream_cheese"", ""canned_chipotle_chile"", ""asiago_cheese"", ""plain_fat-free_yogurt"", ""salt_and_pepper""]",chicken_breast broccoli_floret whole_wheat_penne reduced-fat_cream_cheese canned_chipotle_chile asiago_cheese plain_fat-free_yogurt salt_and_pepper,9,0.5935468,군집 10
mirj s faux crab salad,17997,10,21752,2002-01-24,"['15-minutes-or-less', 'time-to-make', 'course', 'main-ingredient', 'preparation', 'occasion', 'healthy', 'appetizers', 'salads', 'beans', 'pasta', 'seafood', 'easy', 'no-cook', 'beginner-cook', 'potluck', 'dinner-party', 'holiday-event', 'kosher', 'low-fat', 'picnic', 'crab', 'fish', 'dietary', 'low-cholesterol', 'low-saturated-fat', 'chick-peas-garbanzos', 'healthy-2', 'low-in-something', 'pasta-rice-and-grains', 'shellfish', 'to-go', 'technique']","[253.1, 2.0, 8.0, 29.0, 25.0, 1.0, 15.0]",6,"['cut up the faux crab into salad size pieces', 'shred the scallions and add to the fish', 'add the cooked pasta , salsa , chickpeas and salt and pepper', 'toss to mix', 'chill for at least one hour', 'serve in a pretty glass bowl to show off the colors']","this is my version of (fake) crab salad. it's evolved over the years, and changes every time, but this is the basic recipe. i'm always asked to make it for parties.","['imitation crabmeat', 'scallion', 'pasta', 'chunky salsa', 'chickpeas', 'salt and pepper']",6,"[""imitation crabmeat"", ""scallion"", ""pasta"", ""chunky salsa"", ""chickpeas"", ""salt and pepper""]","[""15-minutes-or-less"", ""time-to-make"", ""course"", ""main-ingredient"", ""preparation"", ""occasion"", ""healthy"", ""appetizers"", ""salads"", ""beans"", ""pasta"", ""seafood"", ""easy"", ""no-cook"", ""beginner-cook"", ""potluck"", ""dinner-party"", ""holiday-event"", ""kosher"", ""low-fat"", ""picnic"", ""crab"", ""fish"", ""dietary"", ""low-cholesterol"", ""low-saturated-fat"", ""chick-peas-garbanzos"", ""healthy-2"", ""low-in-something"", ""pasta-rice-and-grains"", ""shellfish"", ""to-go"", ""technique""]","[""cut up the faux crab into salad size pieces"", ""shred the scallions and add to the fish"", ""add the cooked pasta , salsa , chickpeas and salt and pepper"", ""toss to mix"", ""chill for at least one hour"", ""serve in a pretty glass bowl to show off the colors""]",253.1,2.0,8.0,29.0,25.0,1.0,15.0,"[""chickpeas"", ""chunky salsa"", ""imitation crabmeat"", ""pasta"", ""salt and pepper"", ""scallion""]","[""chickpeas"", ""chunky salsa"", ""imitation crabmeat"", ""pasta"", ""salt and pepper"", ""scallion""]",136759,2.3978952727983707,5.537727890326118,1.0986122886681098,2.1972245773362196,3.4011973816621555,3.258096538021482,0.6931471805599453,2.772588722239781,"cut up the faux crab into salad size pieces shred the scallions and add to the fish add the cooked pasta , salsa , chickpeas and salt and pepper toss to mix chill for at least one hour serve in a pretty glass bowl to show off the colors","[""chickpeas"", ""chunky salsa"", ""imitation crabmeat"", ""pasta"", ""salt and pepper"", ""scallion""]",6,5.0,2,4.770282336593649,3,3,1.0986122886681098,1.3862943611198906,1.3862943611198906,"[""appetizer""]","[""pasta_noodle"", ""salad""]","[""fish"", ""grain_rice_pasta"", ""legume"", ""shellfish""]",[],3,0.5955641,10.0,4.770282336593649,"[""imitation crabmeat"", ""scallion"", ""pasta"", ""chunky salsa"", ""chickpeas"", ""salt and pepper""]","[""imitation crabmeat"", ""scallion"", ""pasta"", ""chunky salsa"", ""chickpeas"", ""salt and pepper""]","[""chickpeas"", ""chunky salsa"", ""imitation crabmeat"", ""pasta"", ""salt and pepper"", ""scallion""]",True,"[""chickpeas"", ""chunky salsa"", ""imitation crabmeat"", ""pasta"", ""scallion""]","[""chickpeas"", ""pasta"", ""scallion""]","[""chunky salsa"", ""imitation crabmeat""]","[""chickpeas"", ""pasta"", ""scallion""]","[""chunky salsa"", ""imitation crabmeat""]","[""chickpeas"", ""pasta"", ""scallion""]","[""chunky salsa"", ""imitation crabmeat""]","[""imitation_crabmeat"", ""scallion"", ""pasta"", ""chunky_salsa"", ""chickpeas"", ""salt_and_pepper""]",imitation_crabmeat scallion pasta chunky_salsa chickpeas salt_and_pepper,9,0.5939658,군집 10
oreo bon bons,139752,30,104588,2005-10-03,"['30-minutes-or-less', 'time-to-make', 'course', 'main-ingredient', 'cuisine', 'preparation', 'occasion', 'north-american', '5-ingredients-or-less', 'desserts', 'american', 'southern-united-states', 'easy', 'holiday-event', 'candy', 'easter', 'chocolate', 'dietary', 'christmas']","[773.2, 113.0, 45.0, 9.0, 35.0, 218.0, 17.0]",11,"['place oreos in the food processor & pulse until roughly chopped', 'add cream cheese and process until completely combined', 'line baking pan with aluminum foil', 'roll into ball and place on foil', 'place in freezer until firm', 'melt chocolate according to directions on package', 'dip balls into chocolate to cover , place back on foil', 'melt chips according to package', 'pour melted chips in ziplock bag and cut the top off one corner', 'drizzle with the melted chocolate chips as desired', 'let chocolate set and serve']","my sister, marilyn milam, who lives in kennet, missouri, sent me this recipe.  it sounds so good that i want to share it on the zaar!  you can use white or dark melting chocolate and use different color melting chips for different holidays.","['oreo cookies', 'cream cheese', 'baking chocolate', 'chocolate']",4,"[""oreo cookies"", ""cream cheese"", ""baking chocolate"", ""chocolate""]","[""30-minutes-or-less"", ""time-to-make"", ""course"", ""main-ingredient"", ""cuisine"", ""preparation"", ""occasion"", ""north-american"", ""5-ingredients-or-less"", ""desserts"", ""american"", ""southern-united-states"", ""easy"", ""holiday-event"", ""candy"", ""easter"", ""chocolate"", ""dietary"", ""christmas""]","[""place oreos in the food processor & pulse until roughly chopped"", ""add cream cheese and process until completely combined"", ""line baking pan with aluminum foil"", ""roll into ball and place on foil"", ""place in freezer until firm"", ""melt chocolate according to directions on package"", ""dip balls into chocolate to cover , place back on foil"", ""melt chips according to package"", ""pour melted chips in ziplock bag and cut the top off one corner"", ""drizzle with the melted chocolate chips as desired"", ""let chocolate set and serve""]",773.2,113.0,45.0,9.0,35.0,218.0,17.0,"[""baking chocolate"", ""chocolate"", ""cream cheese"", ""oreo cookies""]","[""baking chocolate"", ""chocolate"", ""cream cheese"", ""oreo cookies""]",149845,3.4339872044851463,6.651830238143548,4.736198448394496,3.828641396489095,2.302585092994046,3.58351893845611,5.389071729816501,2.8903717578961645,"place oreos in the food processor & pulse until roughly chopped add cream cheese and process until completely combined line baking pan with aluminum foil roll into ball and place on foil place in freezer until firm melt chocolate according to directions on package dip balls into chocolate to cover , place back on foil melt chips according to package pour melted chips in ziplock bag and cut the top off one corner drizzle with the melted chocolate chips as desired let chocolate set and serve","[""baking chocolate"", ""chocolate"", ""cream cheese"", ""oreo cookies""]",4,5.0,3,4.816225869274919,4,4,1.3862943611198906,1.6094379124341003,1.6094379124341003,"[""dessert""]","[""candy_fudge""]","[""chocolate_cocoa""]","[""southern-united-states""]",4,1.008382,30.0,4.816225869274919,"[""oreo cookies"", ""cream cheese"", ""baking chocolate"", ""chocolate""]","[""oreo cookies"", ""cream cheese"", ""baking chocolate"", ""chocolate""]","[""baking chocolate"", ""chocolate"", ""cream cheese"", ""oreo cookies""]",True,"[""baking chocolate"", ""chocolate"", ""cream cheese"", ""oreo cookies""]","[""baking chocolate"", ""chocolate"", ""cream cheese""]","[""oreo cookies""]","[""cream cheese""]","[""baking chocolate"", ""chocolate"", ""oreo cookies""]","[""baking chocolate"", ""chocolate"", ""cream cheese""]","[""oreo cookies""]","[""oreo_cookies"", ""cream_cheese"", ""baking_chocolate"", ""chocolate""]",oreo_cookies cream_cheese baking_chocolate chocolate,10,0.50749373,군집 11
what to do with graham crackers,300627,1,649263,2008-04-24,"['15-minutes-or-less', 'time-to-make', 'course', 'main-ingredient', 'preparation', 'occasion', 'for-1-or-2', '5-ingredients-or-less', 'lunch', 'snacks', 'easy', 'kid-friendly', 'chocolate', 'dietary', 'taste-mood', 'sweet', 'number-of-servings', '3-steps-or-less']","[209.9, 18.0, 58.0, 5.0, 6.0, 22.0, 7.0]",3,"['spread cream cheese on one cracker', 'spread nutella on the other', 'sandwich together and enjoy']",my husband said these should be called creamella crackers.  they were an unexpected treat after eggs for supper.,"['graham crackers', 'cream cheese', 'nutella']",3,"[""graham crackers"", ""cream cheese"", ""nutella""]","[""15-minutes-or-less"", ""time-to-make"", ""course"", ""main-ingredient"", ""preparation"", ""occasion"", ""for-1-or-2"", ""5-ingredients-or-less"", ""lunch"", ""snacks"", ""easy"", ""kid-friendly"", ""chocolate"", ""dietary"", ""taste-mood"", ""sweet"", ""number-of-servings"", ""3-steps-or-less""]","[""spread cream cheese on one cracker"", ""spread nutella on the other"", ""sandwich together and enjoy""]",209.9,18.0,58.0,5.0,6.0,22.0,7.0,"[""cream cheese"", ""graham crackers"", ""nutella""]","[""cream cheese"", ""graham crackers"", ""nutella""]",225584,0.6931471805599453,5.351384087484729,2.9444389791664403,4.07753744390572,1.791759469228055,1.9459101490553132,3.1354942159291497,2.0794415416798357,spread cream cheese on one cracker spread nutella on the other sandwich together and enjoy,"[""cream cheese"", ""graham crackers"", ""nutella""]",3,4.5,2,4.520282336593649,2,2,1.0986122886681098,1.0986122886681098,1.0986122886681098,"[""lunch"", ""snack""]",[],"[""chocolate_cocoa""]",[],4,1.0074651,1.0,4.520282336593649,"[""graham crackers"", ""cream cheese"", ""nutella""]","[""graham cracker"", ""cream cheese"", ""nutella""]","[""cream cheese"", ""graham cracker"", ""nutella""]",True,"[""cream cheese"", ""graham cracker"", ""nutella""]","[""cream cheese""]","[""graham cracker"", ""nutella""]","[""cream cheese""]","[""graham cracker"", ""nutella""]","[""cream cheese""]","[""graham cracker"", ""nutella""]","[""graham_cracker"", ""cream_cheese"", ""nutella""]",graham_cracker cream_cheese nutella,10,0.5081145,군집 11
easy oreo truffles,334023,40,385857,2008-10-29,"['60-minutes-or-less', 'time-to-make', 'course', 'preparation', 'for-large-groups', '5-ingredients-or-less', 'desserts', 'easy', 'dietary', 'number-of-servings']","[63.4, 5.0, 17.0, 2.0, 1.0, 7.0, 2.0]",37,"['completely grind entire package of oreo cookies', 'i find that the easiest and fastest way to do this is with a large capacity food processor , but a blender or a plastic bag and mallet will work fine', 'set aside a small amount for dusting later', 'combine oreo cookie grounds and softened cream cheese into a mixer bowl , and blend on low until integrated and then increase speed to medium until mixture is well combined', 'it should look like dark mud', 'set aside', 'make some temporary space in your freezer', 'you will need some room to chill your truffle ball mixture', 'spread a sheet of wax paper onto a large cookie sheet', 'with clean dry hands , begin rolling oreo / cream cheese mixture into 1 in round balls', 'set formed balls in rows on the cookie sheet', 'you can wear gloves for this step , but it really isnt necessary , it isnt a very messy process', 'place cookie sheet in freezer for about 20 minutes', 'i always use this time to clean up and prepare for the next step in the recipe', 'take one tray from the log house candiquik melting chocolate and melt in the microwave', 'i have used chocolate bars and chocolate chips , and the log house stuff is much easier to use', 'however , it is very important that you follow the heating instructions to a t', 'heat it for 1 minute , and only in 15 second increments after that , and that is only if there are still solid chunks of chocolate after you have stirred', 'believe me , the chocolate will look like it is not melting , but it is ! just stir it a little and it will become more liquid', 'i made the mistake of overcooking the chocolate , which makes it hard and powdery and unusable', 'the good thing is that the log house package comes with two trays , so if you mess up , you have a backup ! the log house chocolate is available online and at sams club , where i bought mine', 'remove the chilled balls from the freezer', 'notice that each ball has hardened nicely , and that the bottom is now flat', 'one ball at a time , insert the pointed end of the toothpick / turkey lacer pin into the flattened bottom of the ball (i have found that the turkey lacer pin makes it easier because of the length', 'do not pierce all the way through', 'dip the ball into the melted chocolate and swirl it around', 'you dont need to coat the bottom', 'once the ball is evenly covered , hold it upside down until most of the excess has dribbled off', 'now , hold the ball upright and using a fork underneath , slowly lift the ball off of the pin and place on the cookie sheet', 'dust a pinch of the leftover cookie grounds over the truffle ball before the chocolate dries', 'do this for each ball', 'storage: truffles can be left at room temperature for a time while being served , but because of the perishable nature of the cream cheese , long term storage should happen in a refrigerator or freezer', 'you can even reverse the order by rolling the balls in vanilla and drizzling with chocolate ! you can even do half and half !', 'try mint oreos for a minty taste , or chocolate oreos for a richer chocolate flavor', 'i have even seen red crme oreos ! im sure you could even mix up the flavor of cream cheese or use golden oreos , but i havent ventured into that yet', ') the possibilities are endless with this recipe', 'have fun with it !']","this recipe is as easy as it gets (there are only 3 ingredients!), and i see it repeated all over the place, and why not! it's delicious! this recipe has more to do with technique than ingredients, so your truffles come out looking as good as they taste! **the picture is not mine, it's from somewhere online, but my truffles look just as good!","['oreo cookies', 'cream cheese', 'chocolate', 'wax paper', 'toothpick']",5,"[""oreo cookies"", ""cream cheese"", ""chocolate"", ""wax paper"", ""toothpick""]","[""60-minutes-or-less"", ""time-to-make"", ""course"", ""preparation"", ""for-large-groups"", ""5-ingredients-or-less"", ""desserts"", ""easy"", ""dietary"", ""number-of-servings""]","[""completely grind entire package of oreo cookies"", ""i find that the easiest and fastest way to do this is with a large capacity food processor , but a blender or a plastic bag and mallet will work fine"", ""set aside a small amount for dusting later"", ""combine oreo cookie grounds and softened cream cheese into a mixer bowl , and blend on low until integrated and then increase speed to medium until mixture is well combined"", ""it should look like dark mud"", ""set aside"", ""make some temporary space in your freezer"", ""you will need some room to chill your truffle ball mixture"", ""spread a sheet of wax paper onto a large cookie sheet"", ""with clean dry hands , begin rolling oreo / cream cheese mixture into 1 in round balls"", ""set formed balls in rows on the cookie sheet"", ""you can wear gloves for this step , but it really isnt necessary , it isnt a very messy process"", ""place cookie sheet in freezer for about 20 minutes"", ""i always use this time to clean up and prepare for the next step in the recipe"", ""take one tray from the log house candiquik melting chocolate and melt in the microwave"", ""i have used chocolate bars and chocolate chips , and the log house stuff is much easier to use"", ""however , it is very important that you follow the heating instructions to a t"", ""heat it for 1 minute , and only in 15 second increments after that , and that is only if there are still solid chunks of chocolate after you have stirred"", ""believe me , the chocolate will look like it is not melting , but it is ! just stir it a little and it will become more liquid"", ""i made the mistake of overcooking the chocolate , which makes it hard and powdery and unusable"", ""the good thing is that the log house package comes with two trays , so if you mess up , you have a backup ! the log house chocolate is available online and at sams club , where i bought mine"", ""remove the chilled balls from the freezer"", ""notice that each ball has hardened nicely , and that the bottom is now flat"", ""one ball at a time , insert the pointed end of the toothpick / turkey lacer pin into the flattened bottom of the ball (i have found that the turkey lacer pin makes it easier because of the length"", ""do not pierce all the way through"", ""dip the ball into the melted chocolate and swirl it around"", ""you dont need to coat the bottom"", ""once the ball is evenly covered , hold it upside down until most of the excess has dribbled off"", ""now , hold the ball upright and using a fork underneath , slowly lift the ball off of the pin and place on the cookie sheet"", ""dust a pinch of the leftover cookie grounds over the truffle ball before the chocolate dries"", ""do this for each ball"", ""storage: truffles can be left at room temperature for a time while being served , but because of the perishable nature of the cream cheese , long term storage should happen in a refrigerator or freezer"", ""you can even reverse the order by rolling the balls in vanilla and drizzling with chocolate ! you can even do half and half !"", ""try mint oreos for a minty taste , or chocolate oreos for a richer chocolate flavor"", ""i have even seen red crme oreos ! im sure you could even mix up the flavor of cream cheese or use golden oreos , but i havent ventured into that yet"", "") the possibilities are endless with this recipe"", ""have fun with it !""]",63.4,5.0,17.0,2.0,1.0,7.0,2.0,"[""chocolate"", ""cream cheese"", ""oreo cookies"", ""toothpick"", ""wax paper""]","[""chocolate"", ""cream cheese"", ""oreo cookies"", ""toothpick"", ""wax paper""]",77371,3.713572066704308,4.165113633110308,1.791759469228055,2.8903717578961645,1.0986122886681098,0.6931471805599453,2.0794415416798357,1.0986122886681098,"completely grind entire package of oreo cookies i find that the easiest and fastest way to do this is with a large capacity food processor , but a blender or a plastic bag and mallet will work fine set aside a small amount for dusting later combine oreo cookie grounds and softened cream cheese into a mixer bowl , and blend on low until integrated and then increase speed to medium until mixture is well combined it should look like dark mud set aside make some temporary space in your freezer you will need some room to chill your truffle ball mixture spread a sheet of wax paper onto a large cookie sheet with clean dry hands , begin rolling oreo / cream cheese mixture into 1 in round balls set formed balls in rows on the cookie sheet you can wear gloves for this step , but it really isnt necessary , it isnt a very messy process place cookie sheet in freezer for about 20 minutes i always use this time to clean up and prepare for the next step in the recipe take one tray from the log house candiquik melting chocolate and melt in the microwave i have used chocolate bars and chocolate chips , and the log house stuff is much easier to use however , it is very important that you follow the heating instructions to a t heat it for 1 minute , and only in 15 second increments after that , and that is only if there are still solid chunks of chocolate after you have stirred believe me , the chocolate will look like it is not melting , but it is ! just stir it a little and it will become more liquid i made the mistake of overcooking the chocolate , which makes it hard and powdery and unusable the good thing is that the log house package comes with two trays , so if you mess up , you have a backup ! the log house chocolate is available online and at sams club , where i bought mine remove the chilled balls from the freezer notice that each ball has hardened nicely , and that the bottom is now flat one ball at a time , insert the pointed end of the toothpick / turkey lacer pin into the flattened bottom of the ball (i have found that the turkey lacer pin makes it easier because of the length do not pierce all the way through dip the ball into the melted chocolate and swirl it around you dont need to coat the bottom once the ball is evenly covered , hold it upside down until most of the excess has dribbled off now , hold the ball upright and using a fork underneath , slowly lift the ball off of the pin and place on the cookie sheet dust a pinch of the leftover cookie grounds over the truffle ball before the chocolate dries do this for each ball storage: truffles can be left at room temperature for a time while being served , but because of the perishable nature of the cream cheese , long term storage should happen in a refrigerator or freezer you can even reverse the order by rolling the balls in vanilla and drizzling with chocolate ! you can even do half and half ! try mint oreos for a minty taste , or chocolate oreos for a richer chocolate flavor i have even seen red crme oreos ! im sure you could even mix up the flavor of cream cheese or use golden oreos , but i havent ventured into that yet ) the possibilities are endless with this recipe have fun with it !","[""chocolate"", ""cream cheese"", ""oreo cookies"", ""toothpick"", ""wax paper""]",5,3.75,4,4.013521557729099,5,5,1.6094379124341003,1.791759469228055,1.791759469228055,"[""dessert""]",[],[],[],4,1.0074806,40.0,4.013521557729099,"[""oreo cookies"", ""cream cheese"", ""chocolate"", ""wax paper"", ""toothpick""]","[""oreo cookies"", ""cream cheese"", ""chocolate"", ""wax paper"", ""toothpick""]","[""chocolate"", ""cream cheese"", ""oreo cookies"", ""toothpick"", ""wax paper""]",True,"[""chocolate"", ""cream cheese"", ""oreo cookies"", ""toothpick"", ""wax paper""]","[""chocolate"", ""cream cheese""]","[""oreo cookies"", ""toothpick"", ""wax paper""]","[""cream cheese""]","[""chocolate"", ""oreo cookies"", ""toothpick"", ""wax paper""]","[""chocolate"", ""cream cheese""]","[""oreo cookies"", ""toothpick"", ""wax paper""]","[""oreo_cookies"", ""cream_cheese"", ""chocolate"", ""wax_paper"", ""toothpick""]",oreo_cookies cream_cheese chocolate wax_paper toothpick,10,0.5082549,군집 11
polish egg   ham rollups jaja w szynce   roladke,170084,30,210188,2006-05-29,"['ham', '30-minutes-or-less', 'time-to-make', 'course', 'main-ingredient', 'cuisine', 'preparation', 'occasion', 'very-low-carbs', 'appetizers', 'lunch', 'eggs-dairy', 'pork', 'easy', 'european', 'beginner-cook', 'diabetic', 'dinner-party', 'finger-food', 'holiday-event', 'polish', 'eggs', 'dietary', 'gifts', 'low-calorie', 'low-carb', 'inexpensive', 'low-in-something', 'meat', 'to-go', 'presentation']","[247.3, 19.0, 4.0, 74.0, 60.0, 20.0, 0.0]",6,"['cut hard-boiled eggs into quarters lengthwise', 'spread thinly sliced boiled ham strips with a thin layer of prepared horseradish and a thicker layer of mayonnaise', 'place egg quarter at end of each strip and roll up', 'line the roll-ups down the center of a narrow platter', 'decorate one side of platter with lettuce leaves and sliced radishes , the other side with tomato and lemon wedges', 'sprinkle all with chopped chives']",here is another polish-style canape.,"['hard-boiled eggs', 'boiled ham', 'prepared horseradish', 'mayonnaise', 'lettuce leaf', 'chopped tomato', 'lemon wedge', 'radish', 'chives']",9,"[""hard-boiled eggs"", ""boiled ham"", ""prepared horseradish"", ""mayonnaise"", ""lettuce leaf"", ""chopped tomato"", ""lemon wedge"", ""radish"", ""chives""]","[""ham"", ""30-minutes-or-less"", ""time-to-make"", ""course"", ""main-ingredient"", ""cuisine"", ""preparation"", ""occasion"", ""very-low-carbs"", ""appetizers"", ""lunch"", ""eggs-dairy"", ""pork"", ""easy"", ""european"", ""beginner-cook"", ""diabetic"", ""dinner-party"", ""finger-food"", ""holiday-event"", ""polish"", ""eggs"", ""dietary"", ""gifts"", ""low-calorie"", ""low-carb"", ""inexpensive"", ""low-in-something"", ""meat"", ""to-go"", ""presentation""]","[""cut hard-boiled eggs into quarters lengthwise"", ""spread thinly sliced boiled ham strips with a thin layer of prepared horseradish and a thicker layer of mayonnaise"", ""place egg quarter at end of each strip and roll up"", ""line the roll-ups down the center of a narrow platter"", ""decorate one side of platter with lettuce leaves and sliced radishes , the other side with tomato and lemon wedges"", ""sprinkle all with chopped chives""]",247.3,19.0,4.0,74.0,60.0,20.0,0.0,"[""boiled ham"", ""chives"", ""chopped tomato"", ""hard-boiled eggs"", ""lemon wedge"", ""lettuce leaf"", ""mayonnaise"", ""prepared horseradish"", ""radish""]","[""boiled ham"", ""chives"", ""chopped tomato"", ""hard-boiled eggs"", ""lemon wedge"", ""lettuce leaf"", ""mayonnaise"", ""prepared horseradish"", ""radish""]",162011,3.4339872044851463,5.514637692514121,2.995732273553991,1.6094379124341003,4.31748811353631,4.110873864173311,3.044522437723423,0.0,"cut hard-boiled eggs into quarters lengthwise spread thinly sliced boiled ham strips with a thin layer of prepared horseradish and a thicker layer of mayonnaise place egg quarter at end of each strip and roll up line the roll-ups down the center of a narrow platter decorate one side of platter with lettuce leaves and sliced radishes , the other side with tomato and lemon wedges sprinkle all with chopped chives","[""boiled ham"", ""chives"", ""chopped tomato"", ""hard-boiled eggs"", ""lemon wedge"", ""lettuce leaf"", ""mayonnaise"", ""prepared horseradish"", ""radish""]",9,5.0,1,4.693709782124865,2,2,0.6931471805599453,1.0986122886681098,1.0986122886681098,"[""appetizer"", ""lunch""]",[],"[""egg"", ""pork""]","[""european"", ""polish""]",4,0.97533405,30.0,4.693709782124865,"[""hard-boiled eggs"", ""boiled ham"", ""prepared horseradish"", ""mayonnaise"", ""lettuce leaf"", ""chopped tomato"", ""lemon wedge"", ""radish"", ""chives""]","[""hard-boiled egg"", ""boiled ham"", ""prepared horseradish"", ""mayonnaise"", ""lettuce"", ""chopped tomato"", ""lemon wedge"", ""radish"", ""chives""]","[""boiled ham"", ""chives"", ""chopped tomato"", ""hard-boiled egg"", ""lemon wedge"", ""lettuce"", ""mayonnaise"", ""prepared horseradish"", ""radish""]",True,"[""boiled ham"", ""chives"", ""chopped tomato"", ""hard-boiled egg"", ""lemon wedge"", ""lettuce"", ""mayonnaise"", ""prepared horseradish"", ""radish""]","[""boiled ham"", ""chopped tomato"", ""hard-boiled egg"", ""lemon wedge"", ""lettuce""]","[""chives"", ""mayonnaise"", ""prepared horseradish"", ""radish""]","[""hard-boiled egg"", ""lettuce"", ""mayonnaise""]","[""boiled ham"", ""chives"", ""chopped tomato"", ""lemon wedge"", ""prepared horseradish"", ""radish""]","[""boiled ham"", ""chopped tomato"", ""hard-boiled egg"", ""lemon wedge"", ""lettuce""]","[""chives"", ""mayonnaise"", ""prepared horseradish"", ""radish""]","[""hard-boiled_egg"", ""boiled_ham"", ""prepared_horseradish"", ""mayonnaise"", ""lettuce"", ""chopped_tomato"", ""lemon_wedge"", ""radish"", ""chives""]",hard-boiled_egg boiled_ham prepared_horseradish mayonnaise lettuce chopped_tomato lemon_wedge radish chives,11,0.5053416,군집 12
turkey cucumber dill sandwiches,308858,15,535633,2008-06-12,"['15-minutes-or-less', 'time-to-make', 'course', 'preparation', 'lunch', 'easy', 'dietary', 'sandwiches', '3-steps-or-less']","[405.6, 28.0, 20.0, 26.0, 58.0, 37.0, 10.0]",4,"['in a small bowl , mix mayonnaise and dell weed', 'srpead on 1 side of each bread slice', 'top 4 bread slices with turkey , cheese , cucumber and lettuce', 'top with remaining bread']",these are great to take on a picnic!  i love these.  i found the recipe in an old cookbook and tried it.  we love these.,"['mayonnaise', 'dried dill weed', 'whole wheat bread', 'cooked turkey', 'muenster cheese', 'cucumbers', 'lettuce leaves']",7,"[""mayonnaise"", ""dried dill weed"", ""whole wheat bread"", ""cooked turkey"", ""muenster cheese"", ""cucumbers"", ""lettuce leaves""]","[""15-minutes-or-less"", ""time-to-make"", ""course"", ""preparation"", ""lunch"", ""easy"", ""dietary"", ""sandwiches"", ""3-steps-or-less""]","[""in a small bowl , mix mayonnaise and dell weed"", ""srpead on 1 side of each bread slice"", ""top 4 bread slices with turkey , cheese , cucumber and lettuce"", ""top with remaining bread""]",405.6,28.0,20.0,26.0,58.0,37.0,10.0,"[""cooked turkey"", ""cucumbers"", ""dried dill weed"", ""lettuce leaves"", ""mayonnaise"", ""muenster cheese"", ""whole wheat bread""]","[""cooked turkey"", ""cucumbers"", ""dried dill weed"", ""lettuce leaves"", ""mayonnaise"", ""muenster cheese"", ""whole wheat bread""]",218453,2.772588722239781,6.007829901194246,3.367295829986474,3.044522437723423,3.295836866004329,4.07753744390572,3.6375861597263857,2.3978952727983707,"in a small bowl , mix mayonnaise and dell weed srpead on 1 side of each bread slice top 4 bread slices with turkey , cheese , cucumber and lettuce top with remaining bread","[""cooked turkey"", ""cucumbers"", ""dried dill weed"", ""lettuce leaves"", ""mayonnaise"", ""muenster cheese"", ""whole wheat bread""]",7,5.0,1,4.693709782124865,1,1,0.6931471805599453,0.6931471805599453,0.6931471805599453,"[""lunch""]","[""sandwich_burger""]",[],[],4,0.9797803,15.0,4.693709782124865,"[""mayonnaise"", ""dried dill weed"", ""whole wheat bread"", ""cooked turkey"", ""muenster cheese"", ""cucumbers"", ""lettuce leaves""]","[""mayonnaise"", ""dried dill weed"", ""whole wheat bread"", ""turkey"", ""muenster cheese"", ""cucumber"", ""lettuce""]","[""cucumber"", ""dried dill weed"", ""lettuce"", ""mayonnaise"", ""muenster cheese"", ""turkey"", ""whole wheat bread""]",True,"[""cucumber"", ""dried dill weed"", ""lettuce"", ""mayonnaise"", ""muenster cheese"", ""turkey"", ""whole wheat bread""]","[""cucumber"", ""lettuce"", ""muenster cheese"", ""turkey"", ""whole wheat bread""]","[""dried dill weed"", ""mayonnaise""]","[""mayonnaise""]","[""cucumber"", ""dried dill weed"", ""lettuce"", ""muenster cheese"", ""turkey"", ""whole wheat bread""]","[""cucumber"", ""lettuce"", ""muenster cheese"", ""turkey"", ""whole wheat bread""]","[""dried dill weed"", ""mayonnaise""]","[""mayonnaise"", ""dried_dill_weed"", ""whole_wheat_bread"", ""turkey"", ""muenster_cheese"", ""cucumber"", ""lettuce""]",mayonnaise dried_dill_weed whole_wheat_bread turkey muenster_cheese cucumber lettuce,11,0.5135544,군집 12
mom s broccoli   green olive salad,31379,35,41578,2002-06-17,"['60-minutes-or-less', 'time-to-make', 'course', 'main-ingredient', 'preparation', '5-ingredients-or-less', 'salads', 'eggs-dairy', 'vegetables', 'easy', 'eggs', 'dietary', 'broccoli']","[151.4, 14.0, 6.0, 5.0, 24.0, 14.0, 1.0]",4,"['mix broccoli , bacon and green olives together', 'mix in enough mayo to hold the above ingredients together', 'gently mix in the eggs , adding more mayo to hold all ingredients together', 'we serve this on lettuce leaves']","mom has made this for years. we love olives and this gives the salad a zip. of course, adjusting the amounts of each ingredient is a personal choice, if you like more bacon or more olives, etc.","['fresh broccoli', 'cooked bacon', 'green olives', 'mayonnaise', 'hard-boiled eggs']",5,"[""fresh broccoli"", ""cooked bacon"", ""green olives"", ""mayonnaise"", ""hard-boiled eggs""]","[""60-minutes-or-less"", ""time-to-make"", ""course"", ""main-ingredient"", ""preparation"", ""5-ingredients-or-less"", ""salads"", ""eggs-dairy"", ""vegetables"", ""easy"", ""eggs"", ""dietary"", ""broccoli""]","[""mix broccoli , bacon and green olives together"", ""mix in enough mayo to hold the above ingredients together"", ""gently mix in the eggs , adding more mayo to hold all ingredients together"", ""we serve this on lettuce leaves""]",151.4,14.0,6.0,5.0,24.0,14.0,1.0,"[""cooked bacon"", ""fresh broccoli"", ""green olives"", ""hard-boiled eggs"", ""mayonnaise""]","[""cooked bacon"", ""fresh broccoli"", ""green olives"", ""hard-boiled eggs"", ""mayonnaise""]",138070,3.58351893845611,5.026508643252546,2.70805020110221,1.9459101490553132,1.791759469228055,3.2188758248682006,2.70805020110221,0.6931471805599453,"mix broccoli , bacon and green olives together mix in enough mayo to hold the above ingredients together gently mix in the eggs , adding more mayo to hold all ingredients together we serve this on lettuce leaves","[""cooked bacon"", ""fresh broccoli"", ""green olives"", ""hard-boiled eggs"", ""mayonnaise""]",5,5.0,6,4.885141168296824,6,6,1.9459101490553132,1.9459101490553132,1.9459101490553132,[],"[""salad""]","[""egg"", ""vegetable""]",[],4,0.9851483,35.0,4.885141168296824,"[""fresh broccoli"", ""cooked bacon"", ""green olives"", ""mayonnaise"", ""hard-boiled eggs""]","[""broccoli"", ""bacon"", ""green olives"", ""mayonnaise"", ""hard-boiled egg""]","[""bacon"", ""broccoli"", ""green olives"", ""hard-boiled egg"", ""mayonnaise""]",True,"[""bacon"", ""broccoli"", ""green olives"", ""hard-boiled egg"", ""mayonnaise""]","[""bacon"", ""broccoli"", ""hard-boiled egg""]","[""green olives"", ""mayonnaise""]","[""bacon"", ""broccoli"", ""hard-boiled egg"", ""mayonnaise""]","[""green olives""]","[""bacon"", ""broccoli"", ""hard-boiled egg""]","[""green olives"", ""mayonnaise""]","[""broccoli"", ""bacon"", ""green_olives"", ""mayonnaise"", ""hard-boiled_egg""]",broccoli bacon green_olives mayonnaise hard-boiled_egg,11,0.51828796,군집 12
spiced grape and yogurt salad,141148,35,222696,2005-10-12,"['60-minutes-or-less', 'time-to-make', 'course', 'main-ingredient', 'preparation', 'for-1-or-2', 'low-protein', 'healthy', '5-ingredients-or-less', 'breakfast', 'desserts', 'fruit', 'easy', 'no-cook', 'beginner-cook', 'low-fat', 'vegetarian', 'dietary', 'low-sodium', 'low-cholesterol', 'low-saturated-fat', 'low-calorie', 'healthy-2', 'low-in-something', 'berries', 'grapes', 'number-of-servings', '3-steps-or-less', 'technique']","[274.4, 2.0, 231.0, 1.0, 10.0, 3.0, 22.0]",3,"['combine first 3 ingredients in a large bowl and mix well', 'add grapes and stir gently until well coated', 'cover and refrigerate until chilled']","this makes a delicious, lowfat (or fat-free, if you use fat-free yogurt) breakfast salad or light dessert. yum! ""cook"" time is refrigeration time, which is an estimate.","['low-fat vanilla yogurt', 'ground cinnamon', 'ground cardamom', 'green seedless grape', 'red seedless grapes']",5,"[""low-fat vanilla yogurt"", ""ground cinnamon"", ""ground cardamom"", ""green seedless grape"", ""red seedless grapes""]","[""60-minutes-or-less"", ""time-to-make"", ""course"", ""main-ingredient"", ""preparation"", ""for-1-or-2"", ""low-protein"", ""healthy"", ""5-ingredients-or-less"", ""breakfast"", ""desserts"", ""fruit"", ""easy"", ""no-cook"", ""beginner-cook"", ""low-fat"", ""vegetarian"", ""dietary"", ""low-sodium"", ""low-cholesterol"", ""low-saturated-fat"", ""low-calorie"", ""healthy-2"", ""low-in-something"", ""berries"", ""grapes"", ""number-of-servings"", ""3-steps-or-less"", ""technique""]","[""combine first 3 ingredients in a large bowl and mix well"", ""add grapes and stir gently until well coated"", ""cover and refrigerate until chilled""]",274.4,2.0,231.0,1.0,10.0,3.0,22.0,"[""green seedless grape"", ""ground cardamom"", ""ground cinnamon"", ""low-fat vanilla yogurt"", ""red seedless grapes""]","[""green seedless grape"", ""ground cardamom"", ""ground cinnamon"", ""low-fat vanilla yogurt"", ""red seedless grapes""]",194779,3.58351893845611,5.618224586294555,1.0986122886681098,5.44673737166631,0.6931471805599453,2.3978952727983707,1.3862943611198906,3.1354942159291497,combine first 3 ingredients in a large bowl and mix well add grapes and stir gently until well coated cover and refrigerate until chilled,"[""green seedless grape"", ""ground cardamom"", ""ground cinnamon"", ""low-fat vanilla yogurt"", ""red seedless grapes""]",5,4.4,5,4.440161335196371,5,5,1.791759469228055,1.791759469228055,1.791759469228055,"[""breakfast"", ""dessert""]",[],"[""fruit""]",[],4,1.0229172,35.0,4.440161335196371,"[""low-fat vanilla yogurt"", ""ground cinnamon"", ""ground cardamom"", ""green seedless grape"", ""red seedless grapes""]","[""low-fat vanilla yogurt"", ""ground cinnamon"", ""ground cardamom"", ""green seedless grape"", ""red seedless grapes""]","[""green seedless grape"", ""ground cardamom"", ""ground cinnamon"", ""low-fat vanilla yogurt"", ""red seedless grapes""]",True,"[""green seedless grape"", ""ground cardamom"", ""ground cinnamon"", ""low-fat vanilla yogurt"", ""red seedless grapes""]","[""green seedless grape"", ""low-fat vanilla yogurt"", ""red seedless grapes""]","[""ground cardamom"", ""ground cinnamon""]","[""ground cinnamon""]","[""green seedless grape"", ""ground cardamom"", ""low-fat vanilla yogurt"", ""red seedless grapes""]","[""green seedless grape"", ""low-fat vanilla yogurt"", ""red seedless grapes""]","[""ground cardamom"", ""ground cinnamon""]","[""low-fat_vanilla_yogurt"", ""ground_cinnamon"", ""ground_cardamom"", ""green_seedless_grape"", ""red_seedless_grapes""]",low-fat_vanilla_yogurt ground_cinnamon ground_cardamom green_seedless_grape red_seedless_grapes,12,0.5822702,군집 13
peach crumb bake,63513,20,64934,2003-06-02,"['30-minutes-or-less', 'time-to-make', 'course', 'main-ingredient', 'preparation', 'low-protein', 'healthy', '5-ingredients-or-less', 'desserts', 'fruit', 'oven', 'easy', 'low-fat', 'dietary', 'low-sodium', 'low-cholesterol', 'low-saturated-fat', 'low-calorie', 'healthy-2', 'low-in-something', 'pitted-fruit', 'peaches', 'equipment']","[70.0, 2.0, 41.0, 1.0, 2.0, 1.0, 4.0]",5,"['preheat oven to 350', 'layer peaches in bottom of 8"" square baking dish', 'mix remaining ingredients and sprinkle mixture over peach slices', 'bake 15 minutes', 'serve warm or chilled']","another weight watcher's dessert, and each portion is only one point. this recipe makes 3 servings.","['peaches', 'graham cracker crumbs', 'ground cinnamon', 'ground nutmeg', 'reduced-calorie margarine']",5,"[""peaches"", ""graham cracker crumbs"", ""ground cinnamon"", ""ground nutmeg"", ""reduced-calorie margarine""]","[""30-minutes-or-less"", ""time-to-make"", ""course"", ""main-ingredient"", ""preparation"", ""low-protein"", ""healthy"", ""5-ingredients-or-less"", ""desserts"", ""fruit"", ""oven"", ""easy"", ""low-fat"", ""dietary"", ""low-sodium"", ""low-cholesterol"", ""low-saturated-fat"", ""low-calorie"", ""healthy-2"", ""low-in-something"", ""pitted-fruit"", ""peaches"", ""equipment""]","[""preheat oven to 350"", ""layer peaches in bottom of 8\"" square baking dish"", ""mix remaining ingredients and sprinkle mixture over peach slices"", ""bake 15 minutes"", ""serve warm or chilled""]",70.0,2.0,41.0,1.0,2.0,1.0,4.0,"[""graham cracker crumbs"", ""ground cinnamon"", ""ground nutmeg"", ""peaches"", ""reduced-calorie margarine""]","[""graham cracker crumbs"", ""ground cinnamon"", ""ground nutmeg"", ""peaches"", ""reduced-calorie margarine""]",155112,3.044522437723423,4.2626798770413155,1.0986122886681098,3.7376696182833684,0.6931471805599453,1.0986122886681098,0.6931471805599453,1.6094379124341003,"preheat oven to 350 layer peaches in bottom of 8"" square baking dish mix remaining ingredients and sprinkle mixture over peach slices bake 15 minutes serve warm or chilled","[""graham cracker crumbs"", ""ground cinnamon"", ""ground nutmeg"", ""peaches"", ""reduced-calorie margarine""]",5,4.4,5,4.440161335196371,5,5,1.791759469228055,1.791759469228055,1.791759469228055,"[""dessert""]",[],"[""fruit""]",[],4,1.020414,20.0,4.440161335196371,"[""peaches"", ""graham cracker crumbs"", ""ground cinnamon"", ""ground nutmeg"", ""reduced-calorie margarine""]","[""peach"", ""graham cracker crumbs"", ""ground cinnamon"", ""ground nutmeg"", ""reduced-calorie margarine""]","[""graham cracker crumbs"", ""ground cinnamon"", ""ground nutmeg"", ""peach"", ""reduced-calorie margarine""]",True,"[""graham cracker crumbs"", ""ground cinnamon"", ""ground nutmeg"", ""peach"", ""reduced-calorie margarine""]","[""peach""]","[""graham cracker crumbs"", ""ground cinnamon"", ""ground nutmeg"", ""reduced-calorie margarine""]","[""ground cinnamon"", ""ground nutmeg"", ""peach""]","[""graham cracker crumbs"", ""reduced-calorie margarine""]","[""peach""]","[""graham cracker crumbs"", ""ground cinnamon"", ""ground nutmeg"", ""reduced-calorie margarine""]","[""peach"", ""graham_cracker_crumbs"", ""ground_cinnamon"", ""ground_nutmeg"", ""reduced-calorie_margarine""]",peach graham_cracker_crumbs ground_cinnamon ground_nutmeg reduced-calorie_margarine,12,0.58565927,군집 13
toast less french toast    south beach phase 1,410418,9,1532737,2010-01-26,"['15-minutes-or-less', 'time-to-make', 'course', 'main-ingredient', 'preparation', 'occasion', 'for-1-or-2', 'omelets-and-frittatas', 'pancakes-and-waffles', 'breakfast', 'eggs-dairy', 'eggs', 'brunch', 'number-of-servings']","[148.4, 15.0, 3.0, 5.0, 25.0, 15.0, 0.0]",7,"['warm a small frying pan over medium heat with 1 tbs of butter or spread', 'if using unsalted spread , i recommend adding the tiniest bit of sea salt - it gives the outside a nice complimenting flavor', 'combine egg , clove , nutmeg , cinnamon , and vanilla extract in a bowl - use a fork to whip together', 'once butter or spread starts to bubble , pour in the egg mixture', 'once the egg is mostly cooked on the bottom , use your chef skills to flip it out of the pan and over', ""if you aren't a chef do your best to get it over in one piece"", 'once firm , it is done']","i invented this in my kitchen at the end of the first week of phase 1 out of desperation for a sweet instead of savory breakfast. enjoy plain, or with sugar free syrup, or jam. for phase 2 i would recommend fresh fruit (like berries), and fat-free no sugar added whipped cream; or you could core and slice some apples and saute in margarine before adding the egg mixture. this is also good with some yogurt on the side - try plain with fruit infused stevia (apricot is excellent!) this saved me from falling off the wagon and i hope it works for you too.","['eggs', 'ground cloves', 'ground nutmeg', 'ground cinnamon', 'pure vanilla extract', 'salted butter']",6,"[""eggs"", ""ground cloves"", ""ground nutmeg"", ""ground cinnamon"", ""pure vanilla extract"", ""salted butter""]","[""15-minutes-or-less"", ""time-to-make"", ""course"", ""main-ingredient"", ""preparation"", ""occasion"", ""for-1-or-2"", ""omelets-and-frittatas"", ""pancakes-and-waffles"", ""breakfast"", ""eggs-dairy"", ""eggs"", ""brunch"", ""number-of-servings""]","[""warm a small frying pan over medium heat with 1 tbs of butter or spread"", ""if using unsalted spread , i recommend adding the tiniest bit of sea salt - it gives the outside a nice complimenting flavor"", ""combine egg , clove , nutmeg , cinnamon , and vanilla extract in a bowl - use a fork to whip together"", ""once butter or spread starts to bubble , pour in the egg mixture"", ""once the egg is mostly cooked on the bottom , use your chef skills to flip it out of the pan and over"", ""if you aren't a chef do your best to get it over in one piece"", ""once firm , it is done""]",148.4,15.0,3.0,5.0,25.0,15.0,0.0,"[""egg"", ""ground cinnamon"", ""ground cloves"", ""ground nutmeg"", ""pure vanilla extract"", ""salted butter""]","[""egg"", ""ground cinnamon"", ""ground cloves"", ""ground nutmeg"", ""pure vanilla extract"", ""salted butter""]",213880,2.302585092994046,5.006627272698717,2.772588722239781,1.3862943611198906,1.791759469228055,3.258096538021482,2.772588722239781,0.0,"warm a small frying pan over medium heat with 1 tbs of butter or spread if using unsalted spread , i recommend adding the tiniest bit of sea salt - it gives the outside a nice complimenting flavor combine egg , clove , nutmeg , cinnamon , and vanilla extract in a bowl - use a fork to whip together once butter or spread starts to bubble , pour in the egg mixture once the egg is mostly cooked on the bottom , use your chef skills to flip it out of the pan and over if you aren't a chef do your best to get it over in one piece once firm , it is done","[""egg"", ""ground cinnamon"", ""ground cloves"", ""ground nutmeg"", ""pure vanilla extract"", ""salted butter""]",6,4.666666666666667,3,4.616225869274919,4,4,1.3862943611198906,1.6094379124341003,1.6094379124341003,"[""breakfast"", ""brunch""]","[""egg_dish"", ""pancake_waffle""]","[""egg""]",[],2,0.9916403,9.0,4.616225869274919,"[""egg"", ""ground cloves"", ""ground nutmeg"", ""ground cinnamon"", ""pure vanilla extract"", ""salted butter""]","[""egg"", ""ground cloves"", ""ground nutmeg"", ""ground cinnamon"", ""pure vanilla extract"", ""salted butter""]","[""egg"", ""ground cinnamon"", ""ground cloves"", ""ground nutmeg"", ""pure vanilla extract"", ""salted butter""]",True,"[""egg"", ""ground cinnamon"", ""ground cloves"", ""ground nutmeg"", ""pure vanilla extract"", ""salted butter""]","[""egg""]","[""ground cinnamon"", ""ground cloves"", ""ground nutmeg"", ""pure vanilla extract"", ""salted butter""]","[""egg"", ""ground cinnamon"", ""ground cloves"", ""ground nutmeg"", ""pure vanilla extract""]","[""salted butter""]","[""egg""]","[""ground cinnamon"", ""ground cloves"", ""ground nutmeg"", ""pure vanilla extract"", ""salted butter""]","[""egg"", ""ground_cloves"", ""ground_nutmeg"", ""ground_cinnamon"", ""pure_vanilla_extract"", ""salted_butter""]",egg ground_cloves ground_nutmeg ground_cinnamon pure_vanilla_extract salted_butter,12,0.5862886,군집 13
marbled orange julius fudge,453924,30,1366254,2011-04-18,"['30-minutes-or-less', 'time-to-make', 'course', 'cuisine', 'preparation', 'occasion', 'north-american', 'for-large-groups', 'low-protein', 'fudge', 'desserts', 'snacks', 'american', 'easy', 'refrigerator', 'beginner-cook', 'potluck', 'dinner-party', 'heirloom-historical', 'kid-friendly', 'candy', 'stove-top', 'dietary', 'low-sodium', 'oamc-freezer-make-ahead', 'low-in-something', 'taste-mood', 'sweet', 'to-go', 'equipment', 'number-of-servings']","[346.2, 16.0, 229.0, 1.0, 2.0, 33.0, 20.0]",8,"['grease 13x9 inch pan', 'in a heavy saucepan combine sgar , cream and butter cook and stor 4 minutes', 'remove from heat and stir in chips and marshemellow cream', 'remove 1 cup and step aside', 'add orange extract and food coloring', 'stir until blended and pour in pan', 'drop in remaining marshmellow mixture and swirl with a knife', 'cover and chill until set']",this is a taste of home treasure that tastes like the old orange julius drinks,"['butter', 'sugar', 'heavy whipping cream', 'white chocolate chips', 'marshmallow cream', 'orange extract', 'yellow food coloring', 'red food coloring']",8,"[""butter"", ""sugar"", ""heavy whipping cream"", ""white chocolate chips"", ""marshmallow cream"", ""orange extract"", ""yellow food coloring"", ""red food coloring""]","[""30-minutes-or-less"", ""time-to-make"", ""course"", ""cuisine"", ""preparation"", ""occasion"", ""north-american"", ""for-large-groups"", ""low-protein"", ""fudge"", ""desserts"", ""snacks"", ""american"", ""easy"", ""refrigerator"", ""beginner-cook"", ""potluck"", ""dinner-party"", ""heirloom-historical"", ""kid-friendly"", ""candy"", ""stove-top"", ""dietary"", ""low-sodium"", ""oamc-freezer-make-ahead"", ""low-in-something"", ""taste-mood"", ""sweet"", ""to-go"", ""equipment"", ""number-of-servings""]","[""grease 13x9 inch pan"", ""in a heavy saucepan combine sgar , cream and butter cook and stor 4 minutes"", ""remove from heat and stir in chips and marshemellow cream"", ""remove 1 cup and step aside"", ""add orange extract and food coloring"", ""stir until blended and pour in pan"", ""drop in remaining marshmellow mixture and swirl with a knife"", ""cover and chill until set""]",346.2,16.0,229.0,1.0,2.0,33.0,20.0,"[""butter"", ""heavy whipping cream"", ""marshmallow cream"", ""orange extract"", ""red food coloring"", ""sugar"", ""white chocolate chips"", ""yellow food coloring""]","[""butter"", ""heavy whipping cream"", ""marshmallow cream"", ""orange extract"", ""red food coloring"", ""sugar"", ""white chocolate chips"", ""yellow food coloring""]",130491,3.4339872044851463,5.849900982786195,2.833213344056216,5.438079308923196,0.6931471805599453,1.0986122886681098,3.5263605246161616,3.044522437723423,"grease 13x9 inch pan in a heavy saucepan combine sgar , cream and butter cook and stor 4 minutes remove from heat and stir in chips and marshemellow cream remove 1 cup and step aside add orange extract and food coloring stir until blended and pour in pan drop in remaining marshmellow mixture and swirl with a knife cover and chill until set","[""heavy whipping cream"", ""marshmallow cream"", ""orange extract"", ""red food coloring"", ""white chocolate chips"", ""yellow food coloring""]",6,5.0,1,4.693709782124865,1,1,0.6931471805599453,0.6931471805599453,0.6931471805599453,"[""dessert"", ""snack""]","[""candy_fudge""]",[],"[""american""]",2,0.8380802,30.0,4.693709782124865,"[""butter"", ""sugar"", ""heavy whipping cream"", ""white chocolate chips"", ""marshmallow cream"", ""orange extract"", ""yellow food coloring"", ""red food coloring""]","[""butter"", ""sugar"", ""heavy whipping cream"", ""white chocolate chips"", ""marshmallow cream"", ""orange extract"", ""yellow food coloring"", ""red food coloring""]","[""butter"", ""heavy whipping cream"", ""marshmallow cream"", ""orange extract"", ""red food coloring"", ""sugar"", ""white chocolate chips"", ""yellow food coloring""]",True,"[""butter"", ""heavy whipping cream"", ""marshmallow cream"", ""orange extract"", ""red food coloring"", ""white chocolate chips"", ""yellow food coloring""]","[""heavy whipping cream"", ""marshmallow cream"", ""white chocolate chips""]","[""butter"", ""orange extract"", ""red food coloring"", ""yellow food coloring""]","[""butter""]","[""heavy whipping cream"", ""marshmallow cream"", ""orange extract"", ""red food coloring"", ""white chocolate chips"", ""yellow food coloring""]","[""heavy whipping cream"", ""marshmallow cream"", ""white chocolate chips""]","[""butter"", ""orange extract"", ""red food coloring"", ""yellow food coloring""]","[""butter"", ""sugar"", ""heavy_whipping_cream"", ""white_chocolate_chips"", ""marshmallow_cream"", ""orange_extract"", ""yellow_food_coloring"", ""red_food_coloring""]",butter sugar heavy_whipping_cream white_chocolate_chips marshmallow_cream orange_extract yellow_food_coloring red_food_coloring,13,0.7602858,군집 14
swedish chocolate balls ii,231080,15,162826,2007-05-29,"['15-minutes-or-less', 'time-to-make', 'course', 'main-ingredient', 'cuisine', 'preparation', 'occasion', 'hand-formed-cookies', 'desserts', 'scandinavian', 'easy', 'european', 'beginner-cook', 'finger-food', 'holiday-event', 'cookies-and-brownies', 'swedish', 'chocolate', 'christmas', 'presentation', '3-steps-or-less']","[107.4, 8.0, 20.0, 1.0, 4.0, 15.0, 4.0]",3,"['mix first 6 ingredients thoroughly', 'shape into balls and roll in coconut', 'keep in freezer until ready to serve']",this recipe came from a friend's swedish granny...authentic swedish cookies.,"['butter', 'sugar', 'oats', 'cocoa powder', 'strong coffee', 'vanilla sugar', 'coconut']",7,"[""butter"", ""sugar"", ""oats"", ""cocoa powder"", ""strong coffee"", ""vanilla sugar"", ""coconut""]","[""15-minutes-or-less"", ""time-to-make"", ""course"", ""main-ingredient"", ""cuisine"", ""preparation"", ""occasion"", ""hand-formed-cookies"", ""desserts"", ""scandinavian"", ""easy"", ""european"", ""beginner-cook"", ""finger-food"", ""holiday-event"", ""cookies-and-brownies"", ""swedish"", ""chocolate"", ""christmas"", ""presentation"", ""3-steps-or-less""]","[""mix first 6 ingredients thoroughly"", ""shape into balls and roll in coconut"", ""keep in freezer until ready to serve""]",107.4,8.0,20.0,1.0,4.0,15.0,4.0,"[""butter"", ""cocoa powder"", ""coconut"", ""oats"", ""strong coffee"", ""sugar"", ""vanilla sugar""]","[""butter"", ""cocoa powder"", ""coconut"", ""oats"", ""strong coffee"", ""sugar"", ""vanilla sugar""]",204935,2.772588722239781,4.685828089005546,2.1972245773362196,3.044522437723423,0.6931471805599453,1.6094379124341003,2.772588722239781,1.6094379124341003,mix first 6 ingredients thoroughly shape into balls and roll in coconut keep in freezer until ready to serve,"[""cocoa powder"", ""coconut"", ""oats"", ""strong coffee"", ""vanilla sugar""]",5,4.0,1,4.360376448791532,1,1,0.6931471805599453,0.6931471805599453,0.6931471805599453,"[""dessert""]","[""cookie_brownie""]","[""chocolate_cocoa""]","[""scandinavian"", ""swedish""]",2,0.8350363,15.0,4.360376448791532,"[""butter"", ""sugar"", ""oats"", ""cocoa powder"", ""strong coffee"", ""vanilla sugar"", ""coconut""]","[""butter"", ""sugar"", ""oats"", ""cocoa powder"", ""strong coffee"", ""vanilla sugar"", ""coconut""]","[""butter"", ""cocoa powder"", ""coconut"", ""oats"", ""strong coffee"", ""sugar"", ""vanilla sugar""]",True,"[""butter"", ""cocoa powder"", ""coconut"", ""oats"", ""strong coffee"", ""vanilla sugar""]","[""oats""]","[""butter"", ""cocoa powder"", ""coconut"", ""strong coffee"", ""vanilla sugar""]","[""butter"", ""cocoa powder""]","[""coconut"", ""oats"", ""strong coffee"", ""vanilla sugar""]","[""oats""]","[""butter"", ""cocoa powder"", ""coconut"", ""strong coffee"", ""vanilla sugar""]","[""butter"", ""sugar"", ""oats"", ""cocoa_powder"", ""strong_coffee"", ""vanilla_sugar"", ""coconut""]",butter sugar oats cocoa_powder strong_coffee vanilla_sugar coconut,13,0.76458675,군집 14
lemonade chex mix,176131,20,17803,2006-07-04,"['30-minutes-or-less', 'time-to-make', 'course', 'main-ingredient', 'cuisine', 'preparation', 'occasion', 'north-american', 'for-large-groups', 'appetizers', 'lunch', 'snacks', 'fruit', 'american', 'easy', 'microwave', 'finger-food', 'holiday-event', 'gifts', 'inexpensive', 'citrus', 'lemon', 'equipment', 'number-of-servings', 'presentation']","[109.5, 7.0, 22.0, 5.0, 4.0, 8.0, 5.0]",6,"['in a large microwave bowl , mix cereals and almonds', 'microwave butter , sugar and lemonade concentrate uncovered on high 30 seconds then stir', 'pour over cereal mixture , stirring until evenly coated', 'microwave uncovered on high about 5 minutes , stirring every 2 minutes , until mixture begins to brown', 'spread on waxed paper to cool then store in airtight container', 'pump up the flavor by mixing in 1 / 2 to 1 cup dried cranberries , yogurt-covered raisins , dried tropical fruit bits or flaked coconut after microwave time , just before spreading to cool']",found on the side of the chex cereal box.,"['corn chex', 'rice chex', 'wheat chex', 'sliced almonds', 'butter', 'sugar', 'frozen lemonade concentrate', 'dried cranberries', 'yogurt-covered raisins', 'dried tropical fruit', 'flaked coconut']",11,"[""corn chex"", ""rice chex"", ""wheat chex"", ""sliced almonds"", ""butter"", ""sugar"", ""frozen lemonade concentrate"", ""dried cranberries"", ""yogurt-covered raisins"", ""dried tropical fruit"", ""flaked coconut""]","[""30-minutes-or-less"", ""time-to-make"", ""course"", ""main-ingredient"", ""cuisine"", ""preparation"", ""occasion"", ""north-american"", ""for-large-groups"", ""appetizers"", ""lunch"", ""snacks"", ""fruit"", ""american"", ""easy"", ""microwave"", ""finger-food"", ""holiday-event"", ""gifts"", ""inexpensive"", ""citrus"", ""lemon"", ""equipment"", ""number-of-servings"", ""presentation""]","[""in a large microwave bowl , mix cereals and almonds"", ""microwave butter , sugar and lemonade concentrate uncovered on high 30 seconds then stir"", ""pour over cereal mixture , stirring until evenly coated"", ""microwave uncovered on high about 5 minutes , stirring every 2 minutes , until mixture begins to brown"", ""spread on waxed paper to cool then store in airtight container"", ""pump up the flavor by mixing in 1 / 2 to 1 cup dried cranberries , yogurt-covered raisins , dried tropical fruit bits or flaked coconut after microwave time , just before spreading to cool""]",109.5,7.0,22.0,5.0,4.0,8.0,5.0,"[""butter"", ""corn chex"", ""dried cranberries"", ""dried tropical fruit"", ""flaked coconut"", ""frozen lemonade concentrate"", ""rice chex"", ""sliced almonds"", ""sugar"", ""wheat chex"", ""yogurt-covered raisins""]","[""butter"", ""corn chex"", ""dried cranberries"", ""dried tropical fruit"", ""flaked coconut"", ""frozen lemonade concentrate"", ""rice chex"", ""sliced almonds"", ""sugar"", ""wheat chex"", ""yogurt-covered raisins""]",122748,3.044522437723423,4.705015520957808,2.0794415416798357,3.1354942159291497,1.791759469228055,1.6094379124341003,2.1972245773362196,1.791759469228055,"in a large microwave bowl , mix cereals and almonds microwave butter , sugar and lemonade concentrate uncovered on high 30 seconds then stir pour over cereal mixture , stirring until evenly coated microwave uncovered on high about 5 minutes , stirring every 2 minutes , until mixture begins to brown spread on waxed paper to cool then store in airtight container pump up the flavor by mixing in 1 / 2 to 1 cup dried cranberries , yogurt-covered raisins , dried tropical fruit bits or flaked coconut after microwave time , just before spreading to cool","[""corn chex"", ""dried cranberries"", ""dried tropical fruit"", ""flaked coconut"", ""frozen lemonade concentrate"", ""rice chex"", ""sliced almonds"", ""wheat chex"", ""yogurt-covered raisins""]",9,3.333333333333333,3,3.816225869274919,3,3,1.3862943611198906,1.3862943611198906,1.3862943611198906,"[""appetizer"", ""lunch"", ""snack""]",[],"[""fruit""]","[""american""]",2,0.8473166,20.0,3.816225869274919,"[""corn chex"", ""rice chex"", ""wheat chex"", ""sliced almonds"", ""butter"", ""sugar"", ""frozen lemonade concentrate"", ""dried cranberries"", ""yogurt-covered raisins"", ""dried tropical fruit"", ""flaked coconut""]","[""corn chex"", ""rice chex"", ""wheat chex"", ""almonds"", ""butter"", ""sugar"", ""frozen lemonade concentrate"", ""dried cranberries"", ""yogurt-covered raisins"", ""dried tropical fruit"", ""flaked coconut""]","[""almonds"", ""butter"", ""corn chex"", ""dried cranberries"", ""dried tropical fruit"", ""flaked coconut"", ""frozen lemonade concentrate"", ""rice chex"", ""sugar"", ""wheat chex"", ""yogurt-covered raisins""]",True,"[""almonds"", ""butter"", ""corn chex"", ""dried cranberries"", ""dried tropical fruit"", ""flaked coconut"", ""frozen lemonade concentrate"", ""rice chex"", ""wheat chex"", ""yogurt-covered raisins""]","[""almonds"", ""corn chex"", ""rice chex"", ""yogurt-covered raisins""]","[""butter"", ""dried cranberries"", ""dried tropical fruit"", ""flaked coconut"", ""frozen lemonade concentrate"", ""wheat chex""]","[""almonds"", ""butter""]","[""corn chex"", ""dried cranberries"", ""dried tropical fruit"", ""flaked coconut"", ""frozen lemonade concentrate"", ""rice chex"", ""wheat chex"", ""yogurt-covered raisins""]","[""almonds"", ""corn chex"", ""rice chex"", ""yogurt-covered raisins""]","[""butter"", ""dried cranberries"", ""dried tropical fruit"", ""flaked coconut"", ""frozen lemonade concentrate"", ""wheat chex""]","[""corn_chex"", ""rice_chex"", ""wheat_chex"", ""almonds"", ""butter"", ""sugar"", ""frozen_lemonade_concentrate"", ""dried_cranberries"", ""yogurt-covered_raisins"", ""dried_tropical_fruit"", ""flaked_coconut""]",corn_chex rice_chex wheat_chex almonds butter sugar frozen_lemonade_concentrate dried_cranberries yogurt-covered_raisins dried_tropical_fruit flaked_coconut,13,0.7662463,군집 14
apple  orange  and yogurt delight,382754,5,886603,2009-07-24,"['weeknight', '15-minutes-or-less', 'time-to-make', 'course', 'main-ingredient', 'preparation', 'occasion', 'for-1-or-2', '5-ingredients-or-less', 'breakfast', 'lunch', 'snacks', 'eggs-dairy', 'fruit', 'easy', 'no-cook', 'beginner-cook', 'kid-friendly', 'dietary', 'inexpensive', 'toddler-friendly', 'apples', 'citrus', 'oranges', 'number-of-servings', 'technique']","[243.1, 5.0, 117.0, 0.0, 16.0, 2.0, 16.0]",8,"['mix the partially drained mandarin oranges and the chunked apple together', 'here is where you can add half a banana too', 'if you like more juice , spoon some of the reserved juice into the mixture to make sure the apple is coated', 'this acid stops the apple from turning brown overnight', 'divide the fruit mixture into 2 containers', 'top each container with 1 / 2 cup of vanilla yogurt', 'if you are going to enjoy this the next day , cover at this step and put in the fridge', 'top one container with 1 / 4 cup wheat germ and 1 teaspoon of honey before enjoying !']","i make these the night before for my husband and i to grab and go the next day.  the acid in the mandarin oranges keeps the apples from turning brown.  sometimes, i'll add half a banana to each one for more fruit.  i either use nonfat vanilla yogurt or plain nonfat greek yogurt with a little vanilla extract mixed in. and i don't peel the apples for the extra fiber. it's so simple to make....if you can cut up fruit, then you can have this simple recipe!","['mandarin oranges', 'granny smith apple', 'nonfat vanilla yogurt', 'wheat germ', 'honey']",5,"[""mandarin oranges"", ""granny smith apple"", ""nonfat vanilla yogurt"", ""wheat germ"", ""honey""]","[""weeknight"", ""15-minutes-or-less"", ""time-to-make"", ""course"", ""main-ingredient"", ""preparation"", ""occasion"", ""for-1-or-2"", ""5-ingredients-or-less"", ""breakfast"", ""lunch"", ""snacks"", ""eggs-dairy"", ""fruit"", ""easy"", ""no-cook"", ""beginner-cook"", ""kid-friendly"", ""dietary"", ""inexpensive"", ""toddler-friendly"", ""apples"", ""citrus"", ""oranges"", ""number-of-servings"", ""technique""]","[""mix the partially drained mandarin oranges and the chunked apple together"", ""here is where you can add half a banana too"", ""if you like more juice , spoon some of the reserved juice into the mixture to make sure the apple is coated"", ""this acid stops the apple from turning brown overnight"", ""divide the fruit mixture into 2 containers"", ""top each container with 1 / 2 cup of vanilla yogurt"", ""if you are going to enjoy this the next day , cover at this step and put in the fridge"", ""top one container with 1 / 4 cup wheat germ and 1 teaspoon of honey before enjoying !""]",243.1,5.0,117.0,0.0,16.0,2.0,16.0,"[""granny smith apple"", ""honey"", ""mandarin oranges"", ""nonfat vanilla yogurt"", ""wheat germ""]","[""granny smith apple"", ""honey"", ""mandarin oranges"", ""nonfat vanilla yogurt"", ""wheat germ""]",7499,1.791759469228055,5.497577977398914,1.791759469228055,4.770684624465665,0.0,2.833213344056216,1.0986122886681098,2.833213344056216,"mix the partially drained mandarin oranges and the chunked apple together here is where you can add half a banana too if you like more juice , spoon some of the reserved juice into the mixture to make sure the apple is coated this acid stops the apple from turning brown overnight divide the fruit mixture into 2 containers top each container with 1 / 2 cup of vanilla yogurt if you are going to enjoy this the next day , cover at this step and put in the fridge top one container with 1 / 4 cup wheat germ and 1 teaspoon of honey before enjoying !","[""granny smith apple"", ""honey"", ""mandarin oranges"", ""nonfat vanilla yogurt"", ""wheat germ""]",5,5.0,2,4.770282336593649,2,2,1.0986122886681098,1.0986122886681098,1.0986122886681098,"[""breakfast"", ""lunch"", ""snack""]",[],"[""egg_dairy_unspecified"", ""fruit""]",[],4,1.0039476,5.0,4.770282336593649,"[""mandarin oranges"", ""granny smith apple"", ""nonfat vanilla yogurt"", ""wheat germ"", ""honey""]","[""mandarin orange"", ""granny smith apple"", ""nonfat vanilla yogurt"", ""wheat germ"", ""honey""]","[""granny smith apple"", ""honey"", ""mandarin orange"", ""nonfat vanilla yogurt"", ""wheat germ""]",True,"[""granny smith apple"", ""honey"", ""mandarin orange"", ""nonfat vanilla yogurt"", ""wheat germ""]","[""granny smith apple"", ""mandarin orange"", ""nonfat vanilla yogurt""]","[""honey"", ""wheat germ""]","[""honey""]","[""granny smith apple"", ""mandarin orange"", ""nonfat vanilla yogurt"", ""wheat germ""]","[""granny smith apple"", ""mandarin orange"", ""nonfat vanilla yogurt""]","[""honey"", ""wheat germ""]","[""mandarin_orange"", ""granny_smith_apple"", ""nonfat_vanilla_yogurt"", ""wheat_germ"", ""honey""]",mandarin_orange granny_smith_apple nonfat_vanilla_yogurt wheat_germ honey,14,0.48737386,군집 15
salad with lemonade honey dressing,22496,15,1533,2002-03-14,"['15-minutes-or-less', 'time-to-make', 'course', 'main-ingredient', 'preparation', 'low-protein', 'healthy', 'salads', 'side-dishes', 'fruit', 'easy', 'refrigerator', 'low-fat', 'dietary', 'low-sodium', 'low-cholesterol', 'low-saturated-fat', 'low-calorie', 'healthy-2', 'low-in-something', 'melons', 'equipment', '3-steps-or-less']","[255.4, 1.0, 225.0, 0.0, 4.0, 0.0, 22.0]",5,"['in small jar with tight-fitting lid , combine all dressing ingredients', 'shake well', 'in large bowl , combine all salad ingredients', 'pour dressing over salad', 'toss gently to coat']",,"['frozen lemonade concentrate', 'honey', 'poppy seed', 'red seedless grapes', 'watermelon', 'nectarines', 'pears']",7,"[""frozen lemonade concentrate"", ""honey"", ""poppy seed"", ""red seedless grapes"", ""watermelon"", ""nectarines"", ""pears""]","[""15-minutes-or-less"", ""time-to-make"", ""course"", ""main-ingredient"", ""preparation"", ""low-protein"", ""healthy"", ""salads"", ""side-dishes"", ""fruit"", ""easy"", ""refrigerator"", ""low-fat"", ""dietary"", ""low-sodium"", ""low-cholesterol"", ""low-saturated-fat"", ""low-calorie"", ""healthy-2"", ""low-in-something"", ""melons"", ""equipment"", ""3-steps-or-less""]","[""in small jar with tight-fitting lid , combine all dressing ingredients"", ""shake well"", ""in large bowl , combine all salad ingredients"", ""pour dressing over salad"", ""toss gently to coat""]",255.4,1.0,225.0,0.0,4.0,0.0,22.0,"[""frozen lemonade concentrate"", ""honey"", ""nectarines"", ""pears"", ""poppy seed"", ""red seedless grapes"", ""watermelon""]","[""frozen lemonade concentrate"", ""honey"", ""nectarines"", ""pears"", ""poppy seed"", ""red seedless grapes"", ""watermelon""]",178645,2.772588722239781,5.546738725046515,0.6931471805599453,5.420534999272286,0.0,1.6094379124341003,0.0,3.1354942159291497,"in small jar with tight-fitting lid , combine all dressing ingredients shake well in large bowl , combine all salad ingredients pour dressing over salad toss gently to coat","[""frozen lemonade concentrate"", ""honey"", ""nectarines"", ""pears"", ""poppy seed"", ""red seedless grapes"", ""watermelon""]",7,4.0,1,4.360376448791532,1,1,0.6931471805599453,0.6931471805599453,0.6931471805599453,"[""side_dish""]","[""salad""]","[""fruit""]",[],4,1.0037892,15.0,4.360376448791532,"[""frozen lemonade concentrate"", ""honey"", ""poppy seed"", ""red seedless grapes"", ""watermelon"", ""nectarines"", ""pears""]","[""frozen lemonade concentrate"", ""honey"", ""poppy seed"", ""red seedless grapes"", ""watermelon"", ""nectarine"", ""pear""]","[""frozen lemonade concentrate"", ""honey"", ""nectarine"", ""pear"", ""poppy seed"", ""red seedless grapes"", ""watermelon""]",True,"[""frozen lemonade concentrate"", ""honey"", ""nectarine"", ""pear"", ""poppy seed"", ""red seedless grapes"", ""watermelon""]","[""pear"", ""red seedless grapes""]","[""frozen lemonade concentrate"", ""honey"", ""nectarine"", ""poppy seed"", ""watermelon""]","[""honey""]","[""frozen lemonade concentrate"", ""nectarine"", ""pear"", ""poppy seed"", ""red seedless grapes"", ""watermelon""]","[""pear"", ""red seedless grapes""]","[""frozen lemonade concentrate"", ""honey"", ""nectarine"", ""poppy seed"", ""watermelon""]","[""frozen_lemonade_concentrate"", ""honey"", ""poppy_seed"", ""red_seedless_grapes"", ""watermelon"", ""nectarine"", ""pear""]",frozen_lemonade_concentrate honey poppy_seed red_seedless_grapes watermelon nectarine pear,14,0.48882386,군집 15
honey  walnut  and dried fruit topping  gift in a jar,198142,5,37449,2006-11-28,"['15-minutes-or-less', 'time-to-make', 'course', 'main-ingredient', 'cuisine', 'preparation', 'occasion', 'north-american', 'healthy', '5-ingredients-or-less', 'breakfast', 'fruit', 'american', 'canadian', 'easy', 'european', 'kid-friendly', 'nuts', 'dietary', 'gifts', 'low-sodium', 'low-cholesterol', 'healthy-2', 'northeastern-united-states', 'low-in-something', '3-steps-or-less']","[987.1, 58.0, 636.0, 0.0, 21.0, 17.0, 56.0]",5,"['stir together nuts and fruit', 'transfer to a 6-ounce jar', 'top with honey', 'topping can be refrigerated in jar up to 1 month', 'to serve , bring to room temperature']","this makes a great gift, needs to be refrigerated. give in a jar with a pretty spoon tied onto it.  serve over oatmeal, yogurt or toast! adapted from marthastewart living magazine. catagories: usa, canada, africa, australia","['walnut halves', 'dried cranberries', 'dried apricot', 'honey']",4,"[""walnut halves"", ""dried cranberries"", ""dried apricot"", ""honey""]","[""15-minutes-or-less"", ""time-to-make"", ""course"", ""main-ingredient"", ""cuisine"", ""preparation"", ""occasion"", ""north-american"", ""healthy"", ""5-ingredients-or-less"", ""breakfast"", ""fruit"", ""american"", ""canadian"", ""easy"", ""european"", ""kid-friendly"", ""nuts"", ""dietary"", ""gifts"", ""low-sodium"", ""low-cholesterol"", ""healthy-2"", ""northeastern-united-states"", ""low-in-something"", ""3-steps-or-less""]","[""stir together nuts and fruit"", ""transfer to a 6-ounce jar"", ""top with honey"", ""topping can be refrigerated in jar up to 1 month"", ""to serve , bring to room temperature""]",987.1,58.0,636.0,0.0,21.0,17.0,56.0,"[""dried apricot"", ""dried cranberries"", ""honey"", ""walnut halves""]","[""dried apricot"", ""dried cranberries"", ""honey"", ""walnut halves""]",107955,1.791759469228055,6.895783907200917,4.07753744390572,6.456769655572163,0.0,3.091042453358316,2.8903717578961645,4.04305126783455,"stir together nuts and fruit transfer to a 6-ounce jar top with honey topping can be refrigerated in jar up to 1 month to serve , bring to room temperature","[""dried apricot"", ""dried cranberries"", ""honey"", ""walnut halves""]",4,4.6,5,4.583018478053513,5,5,1.791759469228055,1.791759469228055,1.791759469228055,"[""breakfast""]",[],"[""fruit"", ""nuts_seeds""]","[""canadian"", ""european"", ""northeastern-united-states""]",4,1.0037392,5.0,4.583018478053513,"[""walnut halves"", ""dried cranberries"", ""dried apricot"", ""honey""]","[""walnut halves"", ""dried cranberries"", ""dried apricot"", ""honey""]","[""dried apricot"", ""dried cranberries"", ""honey"", ""walnut halves""]",True,"[""dried apricot"", ""dried cranberries"", ""honey"", ""walnut halves""]","[""walnut halves""]","[""dried apricot"", ""dried cranberries"", ""honey""]","[""dried cranberries"", ""honey""]","[""dried apricot"", ""walnut halves""]","[""walnut halves""]","[""dried apricot"", ""dried cranberries"", ""honey""]","[""walnut_halves"", ""dried_cranberries"", ""dried_apricot"", ""honey""]",walnut_halves dried_cranberries dried_apricot honey,14,0.4907571,군집 15
quick and easy sweet and sour shrimp,222772,17,207176,2007-04-16,"['30-minutes-or-less', 'time-to-make', 'course', 'main-ingredient', 'cuisine', 'preparation', 'occasion', 'main-dish', 'seafood', 'vegetables', 'asian', 'chinese', 'easy', 'beginner-cook', 'dinner-party', 'holiday-event', 'kid-friendly', 'shrimp', 'stove-top', 'dietary', 'one-dish-meal', 'shellfish', 'broccoli', 'onions', 'equipment']","[729.2, 10.0, 82.0, 35.0, 102.0, 6.0, 37.0]",8,"['bring a large pot of lightly salted water to a boil', 'add the pasta and cook as per package directions and drain', 'meanwhile , heat 2 tablespoons oil in a 12 inch skillet , over medium-high heat , add onions and cook 2 minutes then add broccoli and continue to cook , stirring , an additional 5 minutes', 'add shrimp', 'season with salt and pepper and cook , stirring , for 3-5 minutes until shrimp are no longer pink', 'stir in sweet and sour sauce and the pasta too , tossing with tongs so that ingredients are well blended', 'remove from heat', 'divide onto plates and serve immedietly']",this uses prepared sweet and sour sauce for those nights when you don't feel like cooking. from family circle magazine.,"['spaghetti', 'onion', 'broccoli florets', 'medium shrimp', 'sweet and sour sauce', 'salt', 'pepper']",7,"[""spaghetti"", ""onion"", ""broccoli florets"", ""medium shrimp"", ""sweet and sour sauce"", ""salt"", ""pepper""]","[""30-minutes-or-less"", ""time-to-make"", ""course"", ""main-ingredient"", ""cuisine"", ""preparation"", ""occasion"", ""main-dish"", ""seafood"", ""vegetables"", ""asian"", ""chinese"", ""easy"", ""beginner-cook"", ""dinner-party"", ""holiday-event"", ""kid-friendly"", ""shrimp"", ""stove-top"", ""dietary"", ""one-dish-meal"", ""shellfish"", ""broccoli"", ""onions"", ""equipment""]","[""bring a large pot of lightly salted water to a boil"", ""add the pasta and cook as per package directions and drain"", ""meanwhile , heat 2 tablespoons oil in a 12 inch skillet , over medium-high heat , add onions and cook 2 minutes then add broccoli and continue to cook , stirring , an additional 5 minutes"", ""add shrimp"", ""season with salt and pepper and cook , stirring , for 3-5 minutes until shrimp are no longer pink"", ""stir in sweet and sour sauce and the pasta too , tossing with tongs so that ingredients are well blended"", ""remove from heat"", ""divide onto plates and serve immedietly""]",729.2,10.0,82.0,35.0,102.0,6.0,37.0,"[""broccoli florets"", ""medium shrimp"", ""onion"", ""pepper"", ""salt"", ""spaghetti"", ""sweet and sour sauce""]","[""broccoli florets"", ""medium shrimp"", ""onion"", ""pepper"", ""salt"", ""spaghetti"", ""sweet and sour sauce""]",168472,2.8903717578961645,6.593318469221536,2.3978952727983707,4.418840607796598,3.58351893845611,4.634728988229636,1.9459101490553132,3.6375861597263857,"bring a large pot of lightly salted water to a boil add the pasta and cook as per package directions and drain meanwhile , heat 2 tablespoons oil in a 12 inch skillet , over medium-high heat , add onions and cook 2 minutes then add broccoli and continue to cook , stirring , an additional 5 minutes add shrimp season with salt and pepper and cook , stirring , for 3-5 minutes until shrimp are no longer pink stir in sweet and sour sauce and the pasta too , tossing with tongs so that ingredients are well blended remove from heat divide onto plates and serve immedietly","[""broccoli florets"", ""medium shrimp"", ""pepper"", ""spaghetti"", ""sweet and sour sauce""]",5,4.0,2,4.270282336593649,2,2,1.0986122886681098,1.0986122886681098,1.0986122886681098,"[""main_dish""]",[],"[""shellfish"", ""vegetable""]","[""chinese""]",4,0.8870822,17.0,4.270282336593649,"[""spaghetti"", ""onion"", ""broccoli florets"", ""medium shrimp"", ""sweet and sour sauce"", ""salt"", ""pepper""]","[""spaghetti"", ""onion"", ""broccoli floret"", ""shrimp"", ""sweet and sour sauce"", ""salt"", ""pepper""]","[""broccoli floret"", ""onion"", ""pepper"", ""salt"", ""shrimp"", ""spaghetti"", ""sweet and sour sauce""]",True,"[""broccoli floret"", ""onion"", ""shrimp"", ""spaghetti"", ""sweet and sour sauce""]","[""broccoli floret"", ""onion"", ""shrimp"", ""spaghetti""]","[""sweet and sour sauce""]","[""broccoli floret"", ""onion"", ""shrimp"", ""spaghetti""]","[""sweet and sour sauce""]","[""broccoli floret"", ""onion"", ""shrimp"", ""spaghetti""]","[""sweet and sour sauce""]","[""spaghetti"", ""onion"", ""broccoli_floret"", ""shrimp"", ""sweet_and_sour_sauce"", ""salt"", ""pepper""]",spaghetti onion broccoli_floret shrimp sweet_and_sour_sauce salt pepper,15,0.5957514,군집 16
sausage corn skillet,165191,40,268908,2006-04-21,"['60-minutes-or-less', 'time-to-make', 'course', 'main-ingredient', 'cuisine', 'preparation', 'north-american', 'main-dish', 'pork', 'american', 'easy', 'one-dish-meal', 'midwestern', 'meat', 'pork-sausage', '3-steps-or-less']","[564.9, 39.0, 20.0, 42.0, 46.0, 41.0, 20.0]",10,"['cook egg noodles according to directions on package', 'while noodles are cooking , fry pork sausage in a skillet , drain grease , add onions to pork and cook about 5 mins', 'or until tender', 'add the creamed corn let simmer until heated through', 'add egg noodles , mix well but gently', 'serve', 'this is the basic recipe', 'add as you like --', 'mushrooms , green or red pepper , anything you feel like', ""also you can double the creamed corn or sausage to fit your family's preference""]",simple and quick comfort food.there's a hint of sweetness from the creamed corn. great served with warm biscuits and a green salad.,"['pork sausage', 'creamed corn', 'egg noodles', 'onion', 'pepper', 'salt']",6,"[""pork sausage"", ""creamed corn"", ""egg noodles"", ""onion"", ""pepper"", ""salt""]","[""60-minutes-or-less"", ""time-to-make"", ""course"", ""main-ingredient"", ""cuisine"", ""preparation"", ""north-american"", ""main-dish"", ""pork"", ""american"", ""easy"", ""one-dish-meal"", ""midwestern"", ""meat"", ""pork-sausage"", ""3-steps-or-less""]","[""cook egg noodles according to directions on package"", ""while noodles are cooking , fry pork sausage in a skillet , drain grease , add onions to pork and cook about 5 mins"", ""or until tender"", ""add the creamed corn let simmer until heated through"", ""add egg noodles , mix well but gently"", ""serve"", ""this is the basic recipe"", ""add as you like --"", ""mushrooms , green or red pepper , anything you feel like"", ""also you can double the creamed corn or sausage to fit your family's preference""]",564.9,39.0,20.0,42.0,46.0,41.0,20.0,"[""creamed corn"", ""egg noodles"", ""onion"", ""pepper"", ""pork sausage"", ""salt""]","[""creamed corn"", ""egg noodles"", ""onion"", ""pepper"", ""pork sausage"", ""salt""]",180963,3.713572066704308,6.338417384148478,3.6888794541139363,3.044522437723423,3.7612001156935624,3.8501476017100584,3.7376696182833684,3.044522437723423,"cook egg noodles according to directions on package while noodles are cooking , fry pork sausage in a skillet , drain grease , add onions to pork and cook about 5 mins or until tender add the creamed corn let simmer until heated through add egg noodles , mix well but gently serve this is the basic recipe add as you like -- mushrooms , green or red pepper , anything you feel like also you can double the creamed corn or sausage to fit your family's preference","[""creamed corn"", ""egg noodles"", ""pepper"", ""pork sausage""]",4,4.25,4,4.346854891062432,4,4,1.6094379124341003,1.6094379124341003,1.6094379124341003,"[""main_dish""]",[],"[""pork""]","[""midwestern""]",4,0.89542055,40.0,4.346854891062432,"[""pork sausage"", ""creamed corn"", ""egg noodles"", ""onion"", ""pepper"", ""salt""]","[""pork sausage"", ""creamed corn"", ""egg noodles"", ""onion"", ""pepper"", ""salt""]","[""creamed corn"", ""egg noodles"", ""onion"", ""pepper"", ""pork sausage"", ""salt""]",True,"[""creamed corn"", ""egg noodles"", ""onion"", ""pork sausage""]","[""creamed corn"", ""egg noodles"", ""onion"", ""pork sausage""]",[],"[""onion""]","[""creamed corn"", ""egg noodles"", ""pork sausage""]","[""creamed corn"", ""egg noodles"", ""onion"", ""pork sausage""]",[],"[""pork_sausage"", ""creamed_corn"", ""egg_noodles"", ""onion"", ""pepper"", ""salt""]",pork_sausage creamed_corn egg_noodles onion pepper salt,15,0.59996635,군집 16
cran turkey salad,147055,15,260289,2005-12-02,"['15-minutes-or-less', 'time-to-make', 'course', 'preparation', 'lunch', 'salads', 'easy', 'dietary', 'sandwiches', '3-steps-or-less']","[182.3, 8.0, 18.0, 3.0, 53.0, 8.0, 1.0]",3,"['mix all ingredients together', 'chill for 1 hour', 'enjoy by itself , in a tortilla , or your favorite bread']",a different way to eat left over turkey.  light and delicious.,"['cooked turkey', 'light mayonnaise', 'cranberry sauce', 'onion', 'salt', 'pepper']",6,"[""cooked turkey"", ""light mayonnaise"", ""cranberry sauce"", ""onion"", ""salt"", ""pepper""]","[""15-minutes-or-less"", ""time-to-make"", ""course"", ""preparation"", ""lunch"", ""salads"", ""easy"", ""dietary"", ""sandwiches"", ""3-steps-or-less""]","[""mix all ingredients together"", ""chill for 1 hour"", ""enjoy by itself , in a tortilla , or your favorite bread""]",182.3,8.0,18.0,3.0,53.0,8.0,1.0,"[""cooked turkey"", ""cranberry sauce"", ""light mayonnaise"", ""onion"", ""pepper"", ""salt""]","[""cooked turkey"", ""cranberry sauce"", ""light mayonnaise"", ""onion"", ""pepper"", ""salt""]",60206,2.772588722239781,5.21112415484566,2.1972245773362196,2.9444389791664403,1.3862943611198906,3.9889840465642745,2.1972245773362196,0.6931471805599453,"mix all ingredients together chill for 1 hour enjoy by itself , in a tortilla , or your favorite bread","[""cooked turkey"", ""cranberry sauce"", ""light mayonnaise"", ""pepper""]",4,5.0,2,4.770282336593649,2,2,1.0986122886681098,1.0986122886681098,1.0986122886681098,"[""lunch""]","[""salad"", ""sandwich_burger""]",[],[],4,0.89615095,15.0,4.770282336593649,"[""cooked turkey"", ""light mayonnaise"", ""cranberry sauce"", ""onion"", ""salt"", ""pepper""]","[""turkey"", ""light mayonnaise"", ""cranberry sauce"", ""onion"", ""salt"", ""pepper""]","[""cranberry sauce"", ""light mayonnaise"", ""onion"", ""pepper"", ""salt"", ""turkey""]",True,"[""cranberry sauce"", ""light mayonnaise"", ""onion"", ""turkey""]","[""onion"", ""turkey""]","[""cranberry sauce"", ""light mayonnaise""]","[""onion""]","[""cranberry sauce"", ""light mayonnaise"", ""turkey""]","[""onion"", ""turkey""]","[""cranberry sauce"", ""light mayonnaise""]","[""turkey"", ""light_mayonnaise"", ""cranberry_sauce"", ""onion"", ""salt"", ""pepper""]",turkey light_mayonnaise cranberry_sauce onion salt pepper,15,0.60121435,군집 16
