text,cluster
more peanut butter.,2
"these whoopee pies' taste are indescribable - and their a lot healthier than normal whoopee pies.  i got them at a baseball game from a man named dave guimond and have made them ever since.  they are a family favorite.  hope you enjoy!  i did have some extra filling, but i just used it for the next time i made it.",2
here's a wholesome and satisfying make-ahead meal that kids will love: salami and cream cheese sandwiches.  recipe is from martha stewart.,6
summer is almost over here in montreal so this soup will be great soon.  this is from ricardo.  and the good thing about this recipe is that it uses only 1 saucepan.  nothing more.,3
recipe by giada delaurentis. a quick and easy dish - great after a tough day at work.,4
"this was soooo yummy!  ina does not claim that it is authentic irish soda bread but says it is delicious and we agree!  next time i'll make it into two smaller loaves since it's pretty big for the two of us.  we had it for breakfast hot out of the oven yesterday and this morning we toasted it and just loved it!  it took more than the 4 cups of flour called for but we had to sift a huge restaurant sack of flour that looked more like plaster of paris, so it could have been because of the double sifting.  try this if you like soda bread!",2
"super easy & quick version of ""chicken a la king"" using ingredients you most likely have on hand.  kid friendly, too.",1
"this was presented at a taste of home cooking school, and is a delectable twist on the classic ",6
"this elegant-looking dessert is easy to make, and the cute wonton ""cups"" can be made in advance. they're a different way to present fresh strawberries when entertaining. the recipe is easy to double, too.",5
"from la to ok she is one amazing woman, and she is a fabulous cook! 
see her website @ www.thepioneerwoman.com",0
"the secret to fluffy pancakes is letting the batter rest and mixing with a light hand. if you have time, make the batter the night before and let it rest in the refrigerator overnight. allow batter to come to room temperature before cooking pancakes. make sure kids don't over-mix when whisking the wet ingredients into the dry.  from the lcbo magazine.",2
"yummy zucchini casserole with no ""cream of anything"" soups.  found this in a newspaper clipping, originally credited to phyllis ambrose.",6
geelrys is one of many south african dishes with roots in the dutch east indies. this sunny yellow side dish is the traditional accompaniment to recipe #456518. enjoy!,0
another healthy dressing.,7
from licence to grill rob rainford.  it was very good.,0
"this is a fantastic recipe that you can prep ahead! i've served these taquitos, sliced in half, as appetizers. the chorizo gives them a nice zing. you may serve these with sour cream and/or guacamole on the side. this is a sandra lee recipe. delish!  **note: the last time i made these, i could only find a 12 oz package of chorizo. i still kept the cheese and salsa amounts the same and it worked out fine.**",3
from the texan restaurant.,0
a quick and easy snack to make in a hurry. i like to add cayenne pepper for some kick.,6
these are made with cranberry orange relish--yum!  they are nice and moist and taste delicious.  if you want to make the relish see my recipe for recipe #202126.,5
this recipe came to me via cafemom newsletter,4
"i found this at allrecipes.com and have made it a bunch of times this summer with beautiful green beans. even my bf who doesn't care for green beans will eat this! the recipe says you can also try it with broccoli instead of the beans. (sometimes i use more chicken broth, just depends on how fast you want them done, and more or less flavor.)",1
squat little biscuits but none the less delicious. serve these for breakfast or anytime you want some comfort. from ina garten,2
a different dessert! great for one of the most healthful fruits!,5
another great recipe from pillsbury,4
"some days the only thing i want to do is let my fingers do the walking and call for take out!  with todays economy, i set the urge aside and find quick and easy meals that are satisfying and delicious.",6
"this appears in the complete book of raw food; placing here for safekeeping. its not loaded with nuts, like most raw recipes, so thats a big plus for me!",4
it's true!  the recipe is off the back of the goya can,4
from 125 best cupcakes recipes.,2
"this is an easy to-the-table meal for two or four. add a salad or an antipasti plate  of olives, mushrooms, and peppers and you have a feast.",7
"i purchased from world market a 16.5 oz. bottle of pumpkin spice syrup by torani with the inscription ""authentic coffehouse flavor"" for $5.99.  according to the ingredient list, it was basically caramel sauce with nutmeg.  that's it...caramel sauce and one spice with no pumpkin whatsoever and expensive.  though it was tasty, in order to get a good infusion of the spice, quite a bit needed to be added to each serving.  the recipe below is basic.  vanilla may be added and can imagine pumpkin puree or caramel sauce being a good addition, as well.",5
a simple fruit and yougurt smoothie.,5
one pan! quick prep! don't remember where it came from but it really is great!,2
recipe courtesy giada de laurentiis,4
"this is a favorite in our home. i believe i got this from 'food & wine""",0
"our friend dennis gave us this recipe, we had it at his house a few times.
his mother would make scones like this because she didn't like the waste when u use a cookie cutter.
points 3.",4
"these little delights are easy and out of this world delicious!  the pita pocket makes a lovely, crispy crust.  i make one of these and pop it into my toaster oven and in about ten minutes have a ""gourmet-style"" lunch.  fantastic for cutting into quarters and serving as party appetizers too.  note:  the tomato, pesto and feta cheese amounts are approximate - put on as much or little of each as you want.",6
"this is a great after-work recipe when things are running late. it takes just 15 minutes from beginning to end if you get your water boiling for the pasta as soon as you walk in the door. this makes enough sauce for about 1 pound of pasta, the variety is up to you! i serve this with crusty bread and a quickly tossed green salad.",3
"another recipe from lindsay, the healthy herbivore.",4
this is a super easy and wonderful mexican rice that can be adjusted for a vegan-friendly side dish as well. great for oamc as it freezes well in ziploc bags for future use. serve it with recipe #299032 299032 and recipe #461100 for a perfect mexican supper.,1
"the restaurant northwoods inn or clearmans serves this slaw.  i normally do not like cabbage, but this salad is delish!",7
this has been part of my oamc rotation for a long time. this recipe easily doubles or triples. make one now and one for later.,4
from an old betty crocker booklet.  great way to use leftover cooked chicken for next day sandwiches.,0
a ton of cookies with varations using one dough recipe.,2
"this is from the river cafe (london), my favorite restaurant! totally rich and sinful.",0
"easy easy easy.  tropical taste with no work, and kid friendly too.",5
try any kind of bean you like!,5
these are very moist and good-don't let the soy or bran scare you off! i had the neighborhood kids eat a whole batch in one day.,2
dbmnmr,0
"this is an easy chimichanga, great for a busy day. i like to cook the chicken ahead, so that dinner can be ready in under 30 minutes. one chimi is good for smaller eaters, two for those hearty appetites. this is a mild dish, unless you add lots of cumin, which makes it great for kids. if you like spicy add a few dashes of hot sauce or a diced jalapeño. after reading a couple of reviews i realized that i too was increasing the sour cream without paying exact attention to the recipe this adapted from. i don't always start with the same amount of chicken so, you want the mix to be slightly wet and gooshy without being drippy, it should cling together.  i sometimes add 1/2 cup of shredded cheese to the mix, but you can leave it out to avoid the extra fat.   serve with your favorite side dishes, i like spanish rice and fruit with this.",1
"no mezi, or hors-d'oeuvre, platter is complete without a dip, and this simple one is intensely flavourful. serve with pitas, flatbreads or crisp vegetables.",6
"(it's the season in middle georgia)
love it because it is simple.
from patti.",0
"i got this recipe from a cookie magazine. they are quick and easy and have been a hit every time. i have made them with almond butter to replace the peanut butter and they were just as good. the dough is a bit crumbly but they seem turn out. they don't seem to last very long, posting it here so i can find it",2
"this chicken is very moist. i usually use club crackers for this and love the buttery flavor in the coating. leftovers (if there are any) reheat well on a baking stone in the oven. i sometimes make another version of the gravy and don't always use the soup. but, the flavor of this compliments the chicken well and is very easy to prepare. the complete meal is served with mashed potatoes, biscuits, corn and a tossed salad....dessert is usually pie!",1
"chicken is marinated in a tropical blend of citrus, rum and spice before being grilled to crispy golden perfection. try this recipe at your next cook-out.  from allrecipes.com",1
"this is from the latest cooking light, i am dying to make it but haven't had a chance yet; want it here so i can get the ingredients after work.",4
this is a recipe i make quite often to bring to parties. very easy and yummy.,4
"back in the 1960's there were the old ben franklin five and dime stores and most of them had a lunch counter with swiveling stools. they also had a might fine little sloppy joe type sandwich which they sold for 23 1/2 cents. one day i asked the girl behind the counter how she made the great little sandwiches and she told me, so i wrote it on one of the napkins. i found the old napkin last week as i was looking through some old files. the little hamburgers were really a treat and the place was usually packed with customers enjoying them.  so here is that special recipe, just as the girl told me back in the 1960's. i adjusted the amounts down to a smaller size, but that is the only change i made.",6
"great appetizer for parties, or after school snack.",5
"my family adores these!  i call them easy because i make the filling in the food processor and use wonton wrappers in place of the homemade dough.  i am including dough recipe for those who want to try it.  you can freeze these before cooking for later use.  you can substitute chicken or shrimp with equally good results. you can steam them or deep fry them, if desired.",2
"the amount of ritz crackers to use is one sleeve, but the recipezaar brain doesn't understand that measurement. it comes out to about a cup when i crush them up using my cuisinart.",2
"i love eating ground beef in my spaghetti sauce. here's another recipe i made up, this time with leftovers i had in the fridge and also what i had on hand in the pantry. we were on a tight budget at the time, so i just threw a bunch of stuff together and it came out quite good and my husband enjoyed it too again, my measurements are all estimated, i apologize.",3
savory yet bright side dish.,6
most of the time broccoli is cooked or steamed. i've seldom been offered this extremely nutritious vegetable as a salad. this one is brimming with goodness!,7
"easy and pretty, not to mention delicious! adapted from an avocado website.",6
tasty and a quick clean-up.  what more could you ask for?,6
"this is a common grilled/skewered chicken in japan, but also officially is considered any type of skewered food in general.  this is the recipe that i found in my ""weber's charcoal grilling - the art of cooking with live fire"".",1
"this is a quick, easy appetizer that you probably already have the ingredients on hand. this comes from an old (circa 1972) sunset cook book of favorite recipes.",4
i got this particular recipe from kid cooking- a very slightly messy manual (kidz klutz press). it's a doozy. i've had people tell me they'd go into a diabetic coma for just one more. they're good. they're easy.,4
this is my favorite way to make oatmeal.  i'm sure you could vary the fruit to get different versions to try.,5
"when in a hurry, this can be a solution. it's tasty, quick and filling.",5
sound a bit odd but quite tasty just be careful how much lemon pepper you put in but it is to your liking,3
"i needed a graham cracker crust so i started with the recipe on the back of the nabisco graham cracker crumbs box & did some embellishing. i also cut the sugar in half.  baking for just 5 minutes 'sets' the crust and when i baked the pie, it did not burn/overcook.  the results were ooh la la.",2
i love flavoured oils but they can be so expensive so these 3 recipes from super food ideas i think will come in very handy.  each recipe makes 1/3 cup and i have put the quantities and times as if making all 3.,4
recipe from kraft.,4
like a thai pizza,6
"another from atco blue flame kitchen.  i never have luck with pies and this looks like something that can be successful for me!  posted it for the strawberry swap, so i hope someone tries it because i already have a huge list of recipes that have been tagged!",2
"this is a quick and wonderful meal great for weeknights and to serve for company.  it is a very flavorful dish that imparts an almost fruity taste due to the combination of the wines and balsamic vinegar.  when i make it, it reminds me of my father-in-law because out of all the dishes i made, this was one of his favorites.  enjoy!",6
meatiness without the meat!,1
"this was wonderful.  it used up the leftover pesto i had, and the partial bags of frozen spinach and tri-colored bell peppers, and the mushrooms that would have gone bad.  i love dinners that use up what i already have.

it is easy to prepare, you just have to give it time to cook, which can be agonizing when you are home from a long day of work and are starving. but i think it was worth it.",6
"low gi, this dish can be served warm with lamb, chicken or fish such as mackerel and swordfish or served cold as a salad. gi news blog.",1
"light & fluffy scrambled eggs, perfect every time!",2
"these are ""adult"" chocolate chip cookies.",2
a refreshing and different melon salad for the 'big kids' in the family. serve as a salad or a healthy dessert. only 85 calories per 1 cup serving!  cooking time equals minimum time for chilling.,7
from norpro where i buy my cooking utensils.,0
"i read some smoothie recipes here, and then modified it to something that i really like (my first try didn't work so well, but this is so healthy and it's like 5 servings of fruit for the day)!",5
a lady in our church choir made these a few times for some of our functions. my mom got the recipe from her. they are super easy and very delicious. we usually use pepperidge farms cinnamon swirl raisin bread for these. good for brunch or just snacking.,4
gotten from allrecipes website,0
this recipe is from the book ,4
this is an old recipe that i have ,4
a delicious gravy that really adds flavour to dishes. it is particularly good for vegetable based dishes. it can be made ahead and stored overnight.,6
"yummy! slurp, slurp.",5
"i was making shrimp scampi on evening and forgot about a side dish. i raided the cabinet and refrigerator and this is the result. it was a big hit. we really like garlic, so you may want to back off on it.",3
"this is how we do butter in texas! you just can’t have too much onion, and the cinnamon works with that sweet onion flavor so well. i created this for my website, smoked 'n grilled.",3
too many cucumbers in your garden this year -- this is a delicious change from the usual use of garden cucumbers. recipe source: local newspaper,7
diabetic friendly,5
"a delicious twist on a philly cheesesteak.  much better for you than the original but still packed with flavor.  although i don't to save time, you can warm the turkey in the pan with peppers and onions before assembling sandwiches.",6
"another winning low carb entree! this calls for bone in chicken breasts with skin, which keeps the meat exceptionally juicy. you could sub skinless, boneless breasts, but make sure to adjust cooking time and temp so the meat does not dry out. from gourmet magazine.",1
"never ate this before i came to the netherlands. it is mostly served as a starter.
originally it is served with little bits of crispy baked bacon but since i do not eat bacon i can not vouch for how the soup tastes when you use it. it is delicious without bacon too!",3
warm steak on cool salad.  vietnamese style.,7
i found this recipe on a pack of mushrooms.  i haven't tried yet but sounds great.,4
"i got the inspiration for this sandwich from recipe #152596 from pets'r'us, but this is a more ""low fat"" rendition of it.
i find also if you heat the bottom of a medium sized skillet, place it on top of the sandwich, and place a tin foil wrapped brick in the pan on top, it will press it just as well as a george foreman grill.",6
greek version of the cuba deliciousness!  posted for zwt #6...,3
"if you can use the microwave then you can make this pie.
refrigeration time not included.",2
this not only looks good it tastes wonderful. great if having company. i have prepared it ahead of time and warmed it in a low oven when my guests arrive,6
this is a very easy and quick dip to make and it's a hit at parties. i make this all the time!you'll love it too.,5
"this is a simple salad to put together but big on flavor! --- you can also make this using salad greens mixed with fresh spinach, i just purchase a smaller bag of prewashed spinach for this, prep time does not include washing and drying the fresh spinach, all salad ingredients may be adjusted to taste --- you will love this salad!",7
"my husband grew up on this and it is my daughter's favorite. it quick, cheap and easy.",0
ragú® recipe contest entry.,4
wonderful on chocolate cake.,2
cooking time is marinating time. if you want the potatoes warm you need to start with hot potatoes and only marinate about 15-20 minutes.,1
"this is a quick & easy, last minute appetizer.  adapted from a recipe i found in one of last year's editions of 'taste of home'.",4
a little like carpetbag steak with a different suprise in the middle to oysters! this is obviously quite hot but you could replace the wasabi paste with a mild mustard if you must. the quantitity shown is enough for two small streaks or one large one. this is how i cooked mine but unless you have a very sharp knife you may find it easier to cut the pocket before marination and possibly while the steak is still partially frozen.,3
i got this recipe from a neighbor years ago. makes a good side dish.,4
"flautas means ""little flutes"" in spanish and refers to the shape of these crispy filled tortillas. the chicken in flavored with chiles, onion, and tomato. at first i was a bit worried about the chicken being too spicy, but once it was cooked with the tortilla wrapped around it the heat was just perfect for us. you might consider using less chiles. from williams sonoma mexican",1
"this glaze came about when the ham my friend bought for easter dinner didn't have the typical glaze packet included.  together we hit on this concoction that everyone at dinner thought was yummy!  we wanted to make enough glaze that we could serve it at the table for individual slices - this way, the person who gets the end of the ham doesn't get all of the glaze and if you get a regular slice you only get a little on the outside.  everyone is able to have glaze with their ham.",2
these are the original bran buds cereal muffins that my auntie anne made for me years ago and are now known by all as auntie anne's muffins.  she has standing orders to have to have the stack of recipes waiting by the door whenever we eat there b/c i'll be asking for every single recipe.  she is that good of a chef.  batter keeps up to 6 weeks in the fridge!  just the right balance of healthy vs. yummo!,2
from the food section of my local newspaper.,0
"wonderful, versatile broccoli. change the cheese and spices as you wish, try basil and mozzarella, parmesan or asiago.",3
"this is based on a recipe from a gourmet magazine pamphlet titled ""every day meals"". the intro to the recipe states, ""if you have regular broccoli on  hand, you could use the florets as a substitute for the broccolini (a cross between broccoli and chinese kale), though the flavor will be somewhat different. round out this stir-fry with cooked white rice.""",1
one of my favorite mollie katzen recipes.,4
"rutagabas are a root vegetable, right? so why not make fries out of them too.
note: these will not be crispy.",7
"this is a wonderful infusion of sweet sun-dried tomatoes, garlic, shallots and fresh herbs and cheese with wonderful orzo, baked to perfection with a simple parmesan/bread crumb topping. i saw a version of this on the food netwook, and adapted it to suit what i had in my pantry and it turned out very flavorful.",3
"yet more quick, easy, and cheap college student food. i picked this one up from my roommate in chicago.",6
i found this one while wandering the website of the australian vegetarian society's website.  it really reflects how modern aussie cuisine has been influenced by other regions of the globe.  plan to try this soon but posting it untried for the zaar world tour. as presented it uses the original ingredients with my interpretation of how to prepare the dish. cooking time is estimated.,1
"good served either hot or chilled. a flavorful french classic (known to the julia child's fans as potage parmentier), commonly seen on the french dinner table between october and march. look for leek that are slim and long (the fatter they are, the stronger and more bitter they taste).",6
"the frugal gourmet cooks with wine – jeff smith – copyright 1986
serve as a vegetable dish with any red meat course",6
kids love these kid-sized tostadas and so do adults that want small portions. they are best eaten on a plate with a knife and fork. serve with a salad side if you want.,6
"i have seen a couple of recipes for taco soup, but this is different. i received it from my ww leader. it is very much like a chili and is so easy.  my family loves it and i love it topped with 1 tbsp low fat sour cream.",3
my grandpa made us kids pancakes and waffles whenever we'd visit.  and he'd serve this apple sauce on the side - we'd eat it as is or top our waffles.  good!,2
i don't remember where i got this recipe. it's simple and good.,4
fantastic flavor. my dh loved this!,5
"great marinade could be used on beef, chicken or turkey. a combination of 2 recipes that i found at porkandhealth.org. bbqing give it a great smokey flavor.",1
this is my variation on plain granola bars.  i threw them together today for a camping trip and the kids loved them.,2
traditional norwegian christmas cookie,2
"a co-worker gave this recipe to me over 40 years ago. anyone that has tasted this bread has always asked for the recipe.  it not only freezes well, but it makes a large batch that will keep for 6 weeks refrigerated.",4
"i saw this recipe by chef steve chiapetti of viand restaurant in chicago on the today show this morning.  i knew that sometime in the future i would love to try this recipe.  i have not tried this as of yet but i am posting for safe keeping.  if anyone chooses to try these please leave some feedback!  i tried to edit slightly as some details were left out from the printed recipe vs demonstration.  there is no mention of servings so i will just use a guesstimate of 24.  cook time is also unknown, a guesstimate as well.  he also mentioned that these could be filled with anything.",4
this is another easy mid-week meal. love 'em!,6
"i found this wonderful recipe in the chicago tribune years ago but it's actually a winning recipe in the 'jones dairy farm annual best recipes of america's bed and breakfast inns roundup. the contestant was the shore house at lake tahoe in tahoe vista, california. serve these with fresh fruit.",4
"this was a super bowl recipe that came from the ny times, so it's suitable for a bunch of hungry guys:)  adapted from waldy malouf of the beacon restaurant.  you can either microwave this in about 30 minutes or bake it in about 60 minutes.  i microwaved and used my favorite brown mustard, koskiusko.  outside was tasty and crispy and inside was nice and soft.  careful lest your smoke detector goes off.  makes a great snack/appetizer though!",6
"this is easy! cut, blend and pour!",5
great served with white rice,6
"this is a favorite of one of my friends. she keeps a pitcher in the refrigerator for drop-in company. it's a pretty bright blue - just like windex. we usually just add a smidge of lime juice, otherwise we think it is too tart.",5
this is a recipe i modified from one i found online.  the muffins are good.,2
"this makes one quart. great for when you want to put together some jalapenos out of season. i don't use a water bath on this, since it's just one jar, but you could if you wished.",5
these are very yummy and simple to make.,2
"this is a wonderful recipe that allows me to get my chimichanga fix without all the fat of a deep fried restaurant chimichanga.  i team it up with a salad and some rice for a delicious, speedy go-to meal that's fit for company.",1
"the english influence on quebec cuisine can be seen in the name of this recipe. ""pouding"" comes from the english word pudding, but quebec poudings are baked rather than steamed and so they resemble cakes more than english puddings.  posted for zaar world tour ii.",2
"make a single serving cookie in the microwave.  quick, easy and still stay on your diet!!!",2
"i originally got this recipe 30 years ago from my argentine hairdresser. it has evolved somewhat over the years but is basically still the same. they are delicious and worth the effort.
the chimichurry sauce can be made a day ahead to allow the flavors to meld.",3
"i love kale and this is how i like to  make it almost every time.  i'm a hot pepper flake chick, but if that's too much for you, just leave it out!  great as a side dish, but i can eat this as my main meal, maybe just add some chickpeas or cannelini beans in at the end, amazing!",3
"this is a really quick, simple, and flavorful sauté from the victory garden cookbook. it can be served hot or cold, and reheats well.",6
i found this recipe in the november/ december 2007 eating well magazine. cranberries may help arteries remain healthfully elastic and may prevent unnecessary clotting. cranberries can also promote a healthy urinary tract and may inhibit dental plaque.,5
a great alternative to plain old mashed potatoes.,6
from the oct/nov 2007 issue of donna hay magazine.,0
i am a beginning cook. i found this reciipe on the internet. it was delicious and very simple.,4
"called 'em bounty burgers because of their size and all the good stuff on them, *and* i think my husband would put a price on the head of anyone who ate the last one (that's his for the next day) we don't even try to force these into a bun, just serve with fries and a side salad. good for outdoor grilling, or can be done indoors (broil/saute)",6
reminds me of the promise of spring.,0
"this is a warming, rich, sweet and spicy side dish. you can make a meal out of this by serving over rice. top with fried onions.",3
"from sunset ""cookies"" book (1985). the preparation time calculations do not include the minimum 2 hour resting period for the dough.",2
this is a great pick-me-up after school snack/drink for kids. my 16 yo daughter is a smoothie freak and she loves this one. adapted from a recipe from allrecipes.com,5
from kraft.,0
this is wonderful drizzled over steamed vegetables or seafood. can also be used for salads.,7
"i find that this dish needs a few herbs added i usually will try italian herbs, or oregano, or coriander - i leave it up to you or have it plain as is",3
"i've been making this for years without a recipe, so when dale! asked me for the recipe, i had to stop and think. i also use the same mix (less lemon juice) for a pineapple cheesecake. you can add sugar, but i love the tart lemon flavour. if you like your base right up the side of the cheesecake, double the base mixture-i like more cake, less crumbs!",2
"update: this recipe was created by todd wilbur for his cookbook ""top secret recipes unlocked"" (penguin random house 2009). www.topsecretrecipes.com.

a very simple and easy way to make burger king onion rings at home. it does take a little getting used to, but once you get the hang of it, it's pretty easy.  vegetable shortening is best, but you may use vegetable oil if desired.  cooking times and servings are a guess.",1
this looks fantastic. an epicurious.com find--i have been looking for good healthy (and creative) lunch bag stuff when classes start up again....this will keep for up to one week in the fridge if covered well.,7
"we love authentic mexican grilled corn, which calls for crema and queso fresco.when i don't have time to go to the mexican food store, i use this almost authentic recipe using things i have at home.  courtesy of cooks illustrated who tell us that the recipe is close to what is sold by mexican street vendors with more common ingredients -- spicy sweet, smoky and charred!.  (i am giving directions for both charcoal and gas grills.)  note:  if you do have queso fresco or cotija, use either in place of the romano cheese.",3
"delicious, nutritious, and economical. try this on fall harvest feast tables or as a one dish dinner.",6
nummy quick supper from cooking light.,6
mmmmm....pearl onions glazed with orange marmalade. from bhg.,3
i'm adding this dish in response to the eater's digest article on 5 ingredients or less. this is so simple it doesn't seem to really be a recipe. it's also the only way my dh wants pork chops.,4
"this is a family favorite.  it is a great simple recipe, and very delicious.  the better the ingredients, the better the taste, ie don't use margarine!",4
my mum got this recipe off a friend of hers years ago.  they are really nice and easy to make.  i'm not sure where the recipe came from originally.,4
"from ""the florida keys cookbook"", i thought this sounded like a wonderful combination of flavors and textures. sounds great to go with grilled mahi or a tangy island chicken dish.",1
"these are the lightest, and most delicious melt in your mouth pancakes/waffles ever! serve them with maple syrup or any other topping you enjoy. this is one of my mom's recipes. she also looked for recipes that were healthy and tasty.",2
this recipe came from my mil. good for luncheons and brunches. needs to freeze for 4 hours.,4
this is a topping rather than a batter.  it was  a recipe from the savings pack in with my taste of home magazine.  ,2
"i found this recipe in a pampered chef cookbook called, ""it's good for you!""   this light version of a normally high fat entree is creamy and delicious and doesn't taste like ""diet food"".  give it a try, you will be glad you did.
* according to the cookbook it has 300 calories and 8 g. of fat per serving.",4
good old southern side dish. my granny made this one.,6
lovely,0
quick and easy.,0
"a perfect, thrifty way to use up that dab of leftover baked beans.  from the new england chapter of the united states regional cookbook, culinary arts institute of chicago, 1947",4
this is a great breakfast that is truly yummy. the kids will love how it puffs up in the oven. pour syrup over them or use canned apple pie filling that has been heated up.,2
this warm yummy drink is perfect for a winters night.,5
"i cannot remember where i first got this recipe, but it has been a favorite of ours for many years. we like to eat it with fresh bread or rolls on the side.",4
my kids made this at their after-school care and brought the recipe home. they just love this stuff. i think it originated from pillsbury.,4
a great recipe from green living,4
"great for christmas gifts, or just to have around for quick dinner side dishes. posted in reply to a request.",6
these taste much better and are much more healthy than those store bought things. easy and quick to make.  you will never buy another protein bar again!,2
this is a hungarian recipe from epicurious.com.  this is posted for zwt4.,4
a magazine find that i haven't tried yet. i love the ingredients though and plan to try it soon.,5
"in medieval times, a baked dessert like this would have been sunk in the embers of a log fire with a cauldron or pot upturned over it to form a lid.",2
"i am always looking for a new way to cook chicken and this is one of my new favorites.  the chicken stays moist and fall-apart tender and the cheese is yummy, yummy!!  enjoy!",1
"this is as the name says...simple.
have fun gardening or marketing and pick the tenderest swiss chard or endive you can find.  enjoy the freshness of the food.",6
this tastes great on a spinach salad.  would also be good on a cold pasta salad,7
a quick & tasty meal that the whole family should like.,6
"this is my version of sweet & sour shrimp. i've tried and tried to find the exact recipe i was looking for but never found it, so i just made my own! i hope you enjoy it :) i like to use fresh pineapple, but if you cant thats fine. the chunks are optional... i use them sometimes, and othertimes i just leave them out. dont use a lot of pineapple chunks, because its too overwhelming! :)",4
"this sauce is very versatile. you can use it with pasta, chicken, fish, steak, as a dipping sauce for egg or spring rolls, etc... it can also be used as a marinade. get creative!",3
"from nigella lawson's ""nigella express"" episode ""on the run""",0
a nice quick meal.  you can prepare it as written or substitute any other white fish and sauteed asparagus for the snow peas.,6
"the complete book of oriental cooking,  myra waldo, 1963.",0
coffee warmer,0
try something new next chanukah!,5
"this recipe uses that amazing beef you buy precooked in a tub of barbecue sauce in the meat section of your grocery.  it's usually pretty expensive, so this is a nice stretcher.  add whatever toppings you want, like shredded lettuce, tomatoes, guacamole or sour cream.",1
from 1001 low fat recipes,4
"this is from a publix sales flyer. i made it for breakfast, i know i am weird and it was so easy to make and so delicious. try it for yourself, perhaps for dinner. uses supermarket items.",4
"this recipe comes from the 2000 cookbook, ultimate smoothies.",4
a wonderful salad loaded with flavor.,7
"my version of  the pioneer woman's crash hot potatoes. she is not shy about using lots of oil. i am trying to keep things a bit lighter, being a city dweller and all.",0
"yes, i know there are other tomato sausage pasta recipes here, but this one is a bit different and by far my favourite! the semi sundried tomatoes and sage add a lot of flavour; any pasta can be used. this is based on a recipe from ",3
"in '1,000 vegetarian recipes' by carol gelles",4
"this is a wonderful punch to make during the holidays. it is so fragrant it will make everyone in the home come running for a glass! it is not only a great smelling beverage, but it also looks so nice in a punch bowl. perfect for holiday dinners or just sitting around a cozy fire.",5
"whenever i serve this recipe at parties, my guests love them. they are good warm or cold (as leftovers, on the off chance there are actually any left over)",6
"i roasted some duck last night with a blackberry wine marinade and glaze. i went down to the organic market and picked up some yams, acorn squash and turnips. i decided to add bacon and mushrooms and it turned out so good! goes great on a chilly autumn day as a savory rich side dish.",1
"taken from the ottawa citizen on march 14, 2007. this recipe was posted as something kids can make (obviously parents help with cutting and the oven). because they are oven baked and not fried, they are a great healthy snack! i made these tonight. very good but a few tips. make sure you cut to 1/4 inch; i cut mine thinner and about 1/2 burned. cook them in the middle of your oven; i had my rack too low and that's probably another reason they burned.",2
"this is another old family recipe that i grew up eating and love to cook now.  i began working at a grocery store when i was 16 (many, many years ago :-) ) that was the first that i ever knew you could buy noodles!  my mom had always made them from scratch! these are a great side dish simply cooked in the boullion or broth or a great meal when cooked with cooked chicken, turkey, or beef.  (note: preparation time does not include drying time).",1
"these are so good. you will love this drink. they go down so quick and easy. you can substitute with your favorite cherry liquer.  i recommend, creme de cerise, marishino cherry liquer or wild cherry liquer.",5
"this is a delightful salad, often asked for at potlucks and family gatherings. even the children love it. we usually double or triple the recipe.",7
"this is one of my family's favorite chicken recipes (i have many posted on this site!) --- to save time you may coat with the breading mixture, roll up the breasts and refrigerate until ready to bake --- the subtle lemon flavor gives the chicken it a really nice kick  --- there is no need to pound the breasts thin just roll them up as tightly as you can they will stay together during and after baking, also i have even topped them with sliced mozzarella cheese :)",1
recipe taken from the trim & terrific cookbook.  the author recommends having french bread handy to dip in the delicious sauce.,4
these are simply scrumptious!,0
"the best, richest alfredo sauce that we have ever tasted. if possible please use the real parmigiano reggiano, but if you can not, then the grated parmesan that you get from your deli will do fine!",3
"this recipe comes from the moosewood restaurant. it is a great dip for grilled, roasted, and deep-fried vegetables, as well as strips of roasted chicken. great for parties and snacking! it stores well, up to 2-3 weeks in the fridge, just reheat and serve!",4
absolutely fantastic pasta dish. this dish is always a hit. i've been making it for about 10 years and i still get lots of requests for it. it is based on a recipe i found in ,3
this recipe came to me from my mom in law. it is very easy and adaptable. it is so much cheaper then buying those pickled sausages in the store. i keep a jar of these in the refrigarator all the time.,4
"contentmail struck again when they provided this appealing salad option as their e-mail recipe of the day for 8/29/2001! they acknowledged elvee o. who said ""this salad takes no more than 10 min to prepare. it's very simple, but that's the beauty of it. you don't need to add much to fresh asparagus & tomato to make them taste fantastic!"" i think most of us would agree. (time does not include time to cook & cool fresh asparagus)",7
"elegant, yet simple meal. restaurant fare at home. a perfect summer entree, no cook bruschetta and grilled scallops. very low in fat, but big on flavor. can also serve one scallop per person for an appetizer. serving size based on hearty eaters for this one dish meal.",6
"like soup?
want a winter warmer?
comfort food that is quick easy and filling?
love the taste of the good ole underated parsnip?
if you answered yes to all 4 questions...... then this is the soup for you!",6
"i found this recipe in a weekend magazine. it makes for such a great brunch or lunch. simple, quick and tasty.",4
genuine new england seafood chowder with a taste of grandma's special love!,6
from a toh pasta magazine.,0
"a yummy version of friend catfish with a bit more zip than the typical recipes. if you like fried catfish, i think you'll like this.",1
"this spectacular summer salad comes from ingrid hoffman, of the food network's ""simply delicioso"".  it's wonderful as a side dish for grilled chicken, fish, or shrimp.",7
russian heritage cookbook,0
this just hits the spot on a hot sunny summer day! most punches are very sweet . this one is tart with just a touch of sweetness from the crystallized ginger and the ginger ale. adapted from penzeys spices.,5
i found a recipe on cdkithen.com and adapted it to meet my tastes and this is the end result.  my family no longer uses bottled italian dressing anymore.,3
"i got this off of those free recipe cards they send you to try and get you to order.  i had no need to order, as i've got the zaar :)  if you're short on time, substitute refrigerated biscuit dough for the 'homemade' cobbler top.",2
"a longtime family favorite my grandmother's made for years and passed down. very easy, very very rich -- like a wonderfully fudgier brownie, kind of. great with a cup of coffee!",0
"this recipe is very easy, and super delicious! this dish will definately disappear in a matter of minutes, everyone who tastes this dish, asks me for the recipe.",4
this is a macaroni and cheese with an extra twist.,3
"this is a hearty sandwich that was given to us by some good friends a while back.  they are spicy, but men of all ages seem to love them.  they go together quickly.",6
"another comfort food recipe using three favorites, kielbasa, garlic mashed potatoes and sauerkraut. i used a 4 oz. pkg. of potatoes and it was plenty. i also think i would use cheddar next time as the mozzarella vanished. found this on allrecipes website.",3
"great tossed with greens, tomatoes, corn, avacado, and black beans.",7
this is for one glass of sangria.  i tried it and i really loved it.  comes from hpnotiq website.,0
from rachel ray.  something old is new again!,0
"this recipe was given to me from my supervisor at work (rick rossi). i have not tried it yet, but i promise i will and put in my review!",4
this is great with berries.,5
this is one of our family traditions that has been passed down from generation to generation.  my cousin tammy and her mom have made the best for years so no one has really attempted it - until the family gatherings slowed down and i found the recipe.  guess i may have to try my hand at it -these really are to die for!!  **crust prep time not included in this protion of recipe*** tammy's fried pie pastry recipe #214569 or traditional fried pie pastry recipe #214575 preferred,2
"high protein, low carb and low fat greek chicken salad recipe! i'm currently on a high protein muscle building diet and this is perfect to get my protein and veg intake up",7
"i found the original recipe on betterbatter.org/egg-yolk-subs
titute-vegan and modified it based on what i had on hand - namely a blend of chickpea and all-purpose flour (i was using it in shortbreads anyway which used regular flour so they didn't need to be gf). i was shocked at how wonderfully this worked, once i realized that an electric mixer (hand or stand) is not optional for proper consistency!",4
"my most favorite ""show off"" desert for a small dinner party. a very simple version of the italian classic. no raw eggs, cream cheese as an easier to find substitute for mascarpone and chocolate chip cookies which add more flavor and texture than the traditional lady fingers. i make this the day before using stemmed water goblets for a stunning presentation. prep time does not include chilling 6 hours or overnight.",6
"spicy, smoky and sweet--it's almost summer and time to start those grills!  this recipe comes from bon appetit, august 2006.",3
"from chef2chef.com; no i don't know if this is really aaron tippin's recipe, but it tastes wonderful.",4
"this is a simple, yet delicious salad recipe. i have no idea where this recipe is from, but i have been making it for years. i hope you enjoy it as much as we do.",7
from www.crookandchase.com!!,0
"delightful citrus and spicy grilled chops. from a latin american web site; posted for zwt3.
note: prep time does not include marinate time.",3
"the chicken gets it's flavor from charmoula, a versatile marinade. you can make extra for a dip.  recipe is from sunset magazine. prep time does not include marinating time.",1
"use left over chicken to save time. if you are counting net carbs, the soup has 12.5 per can. add 3 carbs per serving to what is listed on this recipe.",1
"this is posted for the world tour 2005 recipezaar event.  i haven't tried it yet, but oh my, does it ever look good!
the source is lidia's italian-american kitchen by lidia matticchio bastianich.",3
perfect for a spring dessert!,5
island flavors in an easy and healthy casserole.  you can just hear the steel drums play...,6
"i got this recipe out of a kraft magazine.  i've tried a lot of lo mein recipes, but this has been my favorite out of all of them.",4
"i love homemade eats, cottage cheese, and saving money while eating well.  this recipe satisfies all those wants.  also, making my own cottage cheese results in whey, which i can save to add to other things.  whey is highly nutritious and helps regulate blood sugar levels.  i only add salt and milk or cream if i'm not using the cottage cheese in cooking or baking.",5
a warm filling tasty soup that's easy to make. healthy with a protein boost from canned beans (i use black eyed peas) and lots of fiber. reheats wonderfully.,7
"original ancient recipe named after gaius matius, a friend of julius caesar. 
""modernized"" recipe from ""the philosopher's kitchen"" by francine segan.",4
"this makes a nice luch or dinner, these are the veggies i like, use your favorite.
points 4.",6
"another last minute creation! sometimes people call mashed potatoes ""smashed"" but these are really smashed! you can make this in the oven or on the bbq. use whichever spices you want and your favourite kind of cheese. very easy and very tasty. enjoy!",6
this recipe is from the mai-kai polynesian restaurant. this restaurant is magnificent! prep time is estimated and does not include time for marinating.,1
"this is a tasty snack that even your kids can prepare. i am guessing on measurements. basically, slice off bite sized pieces of pepper jack cheese and melt on triscuit crackers.",6
"ready, set, cook! special edition contest entry: my family loves the idea of sushi- but raw fish not so much. this idea gave them the illusion or fusion of the idea with foods they love!",1
inspired by a risotto from london restaurant ooze.,0
"is it a vegetable side dish or is it corn bread?  this recipe comes from the new american diet cookbook and is credited to having originated in eastern oregon.  it is deliciously different and goes well with stews, bean soup or chili.",6
a great substitution for mashed potatoes - this cheesy combination is delicious!  recipe by rachael ray.,4
used to eat it when i was a wee lad. it puts hairs on yer chest!!!,5
"you could vary the flavor of this with different flavors of gelatin if you wanted to.  3 points per slice.  sorry, this recipe isn't core.",4
from epicurious. a meatless yet rich dish that would make a perfect appetizer for st. patrick's day dinner.  [note: sharp white cheddar is a great substitute for the irish cheddar].,6
created this recipe for father's day.  smells really great cooking on the grill.  try to use longer rosemary sprigs for skewering. you could use wooden or metal skewers if you like.,3
"carrot and green pepper add color and crunch to these tasty stuffed mushrooms.  great appetizer for any occasion.
from land-o-lakes cookbook.",7
"a blend of zucchini, corn and tomatoes. great side dish",6
"incredibly flavorful and filling, my whole family loved it, and none of us thought we would like lentils!
for the vinegar, we used red wine vinegar.
if desired, add spicy smoked sausage or left-over ham to this soup. we cut up some cocktail smoked sausages and added it to the soup, which was a nice and spicy bonus.
for the 1 1/2 cups of chopped tomatoes, you'll need  2 medium tomatoes, or just use a can of chopped tomatoes like i did.",3
"i'm on an oatmeal and peanut butter fix right now, and this hits the spot. i love how the peanut butter gets all melty. you can also add milk if you want your oatmeal thinner.",2
my mother made the best soft oatmeal cookies.,2
"i make this allllll the time. everyone raves over it! it's so delicious it's sinful. i hope you guys love it as much as me and my family do!

i have done this dish with shrimp and then on several occasions fixed it with chicken.",1
the 'new' taco.,6
this recipe is from '12 best foods cookbook' by dana jacobi. i made it to have with roasted salmon out of the same book. this is delicious!,4
"unknown where this came from, probably the tabasco sauce website since it uses their 7 spice brand of tomatoes.",3
"not your standard toasted nuts; sweet, yet slightly salty, with a flash of smokey fire. goes great in soups (especially sweet potato or pumpkin) and salads or delicious on their own as a snack or party appetizer.",6
i really like this tasty side dish with ham.  the flavors go so well together.  it's very easy to put together and kids seem to like this alot because it's creamy and cheesy.,6
great and easy side!,0
also from betty crocker -- what can i say she is my hero! :),0
"my family has made this for generations.  it's great for a tight budget because potatoes are cheap and you don't need much ham [although more never hurts = )].  we always serve this with peas - sometimes on the side, sometimes all mixed together.",6
"the chicory coffee sets this apart from the usual cafe au lait/latte.  you can buy it in larger supermarkets in cans (ground).  brew your favorite way.  prep time does not include brewing time.  add your favorite sweetener, if desired.",5
"just another one i found in an old cookbook ! the reviewer of this recipe was very dossapointed. i have not tried this one myself, but i took the liberty of changing the salt content. this is a recipe that i ran across in an old old cookbook. i suggest anyone trying it just do a little experimenting.
my apoligies.",4
southwestern style salmon cooked in foil packets. can be cooked on the bbq or in the oven.,1
"wondering what is this? it's a very popular dessert in my country. i used to buy it but then i found this recipe on local newspaper. the ingredients are so simple and inexpensive. really easy to do. you just need 1 or 2 bucks to do this. the filling will simply melt in your mouth. trust me, children and adult will love it!!",2
the most popular salad at every bbq. i am always asked to bring this along when we have parties. so easy and tasty.,7
from chatelaine magazine. perfect for a hot summer evening!  could use orange pekoe tea or your favorite tea instead of green tea!,5
"bethenny frankel is from the real housewives of new york city. she is also a natural food chef and cooks for many celebrities. bethenny is very well known for this recipe and you can easily adapt this to suit your tastes. if you don't want to turn the oven on, put a lid on your pan and turn the heat to low after adding the cheese. it will cook through but will not brown on top. enjoy!",0
this is a moist delicious cake that is perfect for almost any occasion.,2
"from nov 27, 2008 jerusalem post",0
"posted for a request, i haven't tried this. recipe is from 'the german cookbook' by mimi sheraton",4
a rachel ray recipe.,4
fast and easy appetizers.,6
"my 7 yr old came home from a friend's house raving about dinner and saying i *had* to call and get the recipe. i was surprised when she said it was fish, as she is not the biggest fan. when i asked if she knew what kind of fish it was, she nodded enthusiastically and said it was 'caught fish.' i made a phone call to check it out...here for you is my friend's recipe for super easy 'cod fish.' ;o) btw, she said bags of frozen cod fillets were readily available at the local sam's warehouse but had been hard to find at the groceries.",6
a relatively quick way to have a flavorful vegetarian dinner.  this dish is a meal within itself.  this recipe is adapted from favorite brand name fresh foods cookbook.,1
found on the crockpot site.  i'm going to try it using my double dipper unit.,0
this is an old recipe and posted in request. they make a lot of cookies and they are really good. i leave out the cardamom or nutmeg. i like mine all sugar.,2
prepare for the summer with this beach-time classic!,0
i found this recipe in chatelaine magazine.  i haven't tried it yet but it sounds good.  you could substitute chopped cashews or pecans for a cup of chocolate chips.,2
posted in response to a request for crispy oatmeal cookies. they are from better homes and gardens.,2
this was made for my sil's birthday dinner.  one of the best mac and cheese i have had.,6
"this came from a year of slow cooking. i have not tried this, just posting for safe keeping.",1
"if you really like bakery flavors this is the flavor for you. it tastes almost like the birthday cake icecream at cold stone creamery. note : large tapioca can be purchased at asian grocery stores. bubble tea straws can be purchased inexpensively here, www.bubbleteacanada.com",5
this is a recipe for a healthy version of chocolate cake.,2
"my aunt cathy has been making caramel candies for us for christmas for 25 years. i have never tasted caramels as good as hers. they are always soft and creamy with a wonderful flavor. with this recipe you can make your caramel as soft or as hard as you want to. because confection recipes are always easily affected by altitude, my aunt, who lives at a much lower elevation than me, suggested i use the drop test method instead of a candy thermometer for figuring out how hard or soft my caramel is going to turn out. i went along with her suggestion because, for one i didn't want to spring for a candy thermometer, and also because the temperature i would need to cook it to would differ for me from what she would cook it to and so she couldn't tell me what that temperature would be.  (she says she cooks it to approx. 248 degrees f). so, instead of going through the trouble of trial and error, i have always used the drop test method, and it has worked for me every time. i will explain this method for those who don't know it in the directions.",5
"i got this recipe from the rachel ray show.  i make it with recipe #195552 - a great combination that my family loved - my almost 14 year old daughter actually ate everything on her plate!!  ;)   love or hate rr, don't knock it till you try it.",4
"i know this is not the best written compared to most of the other entries, but i'm a 22 year old guy, so please forgive me. this is a great, easy to make meal  that we make sometimes when we have company over, or if we are low on groceries because we almost always have this stuff around. enjoy.",4
"this is a fun meal from moosewood's lowfat favorites.  the cookbook says this makes a lower fat substitute for felafel (which i love) - i don't know about replacing felafel, but these are good for their own sake.  i added a bit more spice to the mix than the recipe called for - more cumin and a touch of cayenne - and next time i'll probably add even more - so feel free to season them however your family will like it best!  prep time does not include cooking brown rice.",1
"what a delight!!  very tasty, and so simple to make -",4
"this is inspired from a recipe posted on turnersouth.com. i wasn't sure about it, but dh really wanted to try it. it is the best piece of pork i've ever eaten and am putting it here so that i never ever lose the recipe!
it's so simple that even the most tender chef can't make a mistake on this one.
p.s.
it may seem like a lot of pepper, but when it's cracked instead of ground the flavor is completely different. i actually hate pepper on my meat, so trust me, it's not too much. 
*recipe update august 2006*
in a march 2006 ""cook's illustrated"" magazine gave a great way to reduce the ""heat"" when using peppercorns. i haven't tried it, but put the method here for safe-keeping and future use in this recipe. i've made a few tiny changes.

***reducing heat in peppercorn recipes*** to do this take equal amounts of peppercorns and olive oil, (they used 5t each) plus 1.5 tsp additional olive oil and 2 teaspoons kosher salt. then heat peppercorns and oil in small saucepan over very low heat until faint bubbles appear. continue to cook at bare simmer, swirling pan occasionally, until pepper is fragrant, 7 to 10 minutes. remove from heat and set aside to cool. if you prefer an even lower heat, milder pepper flavor, drain the cooled peppercorns in a fine-mesh strainer and then toss them with 5 tablespoons of fresh olive oil.",3
this is equally good for breakfast or dinner.  good way to use up leftover ham.,6
these are some very tasty baked beans.  i do these once in a while for a switch from the meatless ones. prep time includes browning the meat.,1
super simple chilean sea bass recipe.  i defrosted some frozen chilean sea bass steaks that i found in chinatown.,3
yummy!,5
"with this lemonade syrup in the refrigerator, it's a breeze to stir up a thirst-quenching pitcher of fresh lemonade. recipe by kathy kittell of kansas came from quick cooking. it can be made with sugar or splenda for baking. if you like, substitute some fresh lime juice for the lemon juice.",5
"when i lived in new york city, i used to go to a bakery that served these, hope you like it. i thought this would be great as an appetizer if you replaced regular-sized bagels for the minis.",2
"shaker tavern is the hotel built in logan co., kentucky near the shaker settlement here.  when the shakers were here in kentucky, they ran the tavern as a moneymaking establishment.  their cuisine was top notch.  this dish is still served at the tavern and is absolutely over the top.",0
this is from my 365 one dish meals cookbook,4
i haven't actually tried this recipe yet.  found it on the taste of home website.  hunting season is fast approaching and i need to find new ways to fix venison.,4
"this is a traditional food from northeast area of brazil, it is mainly served at dinner time or late supper, but you can eat whenever you feel like!",6
"whole foods had fresh chanterelle mushrooms today!  you don't see them that often because they only grow wild.  because of this, people have to hunt for them and that makes them pretty expensive.  this recipe will let you try them and get the true, nutty flavor before you experiment with them in your cooking!",3
"i haven't made these yet, but i'm interested in how they will turn out...",0
this cake was the winner of the 2002 tulsa state fair baking competition.,2
looking for the perfect thing to fix for my daughter amber's baby shower.  i found these wonderful little cakes in cuisine at home.  they were easy to make and looked absolutely perfect on the table.,2
a classic.  our whole family will eat fish this way!  i like to serve it with steak-cut french fries.,6
from southern living. marinate 2 hours.,0
i found this recipe many years ago in a magazine. the page is so worn that i thought i had better post it here so i can preserve it. it's worth the effort. a special summer drink that i think you will enjoy. company perfect!,4
"while i was recovering from surgery, a friend brought this over for dinner for us. we all enjoyed it but the kids really loved it. they bugged me until i got the recipe!",4
an alternative to straight peanut butter.  has more protein and less fat.  great for those on weight watchers.  each tablespoon is 1 pt.,2
"my daughter won't eat this (seafood is ""icky"" to her), but my husband and i will eat her portion :)  this makes a simple (yet rich) dish!  came from bertolli (as they make the pasta sauce).",3
"it is an easy dish to make, that is also tasty. even picky kids will love it.",6
a little bit of southern cooking for those of us who miss the food back home.,6
"black bean chicken is, perhaps, my favorite stir fry dish!  the black beans give the chicken a wonderful nutty taste.  fast and easy to make, this can also be made with firm tofu so it's a delicious vegetarian dish.  :)  you can get fermented chinese black beans in either sauce or whole bean form.  this is an adapted recipe from cooking light, january 2004.",1
this uses the small oval baker and suggests serving with baked pita chips. i didn't include thaw time in the prep time.,2
thanks to the can opener gourmet for this one!,0
this is a recipe passed down from my mother. i make these everytime my dh's company has a cook-out and always get request for the recipe. you can double and triple this recipe without any problems. it also freezes well.,4
"these cookies melt in you mouth, they are so good, a wonderful cookie recipe and a favorite in our house especially around the holiday season! bake less time for a softer cookie, also, plan ahead, these cookies need to chill one or more hours in the fridge.",2
"quick, easy and tasty.",6
"yup, right from sicily! she didn't (rest her soul) speak a word of english and my mom wanted her mil's recipe soooooo she followed her around the kitchen with a pen and paper and here's what she wrote down. note: i guessed at the equivalents of the dried, i read somewhere that 1 tbsp of fresh = 1 tsp of dried ... this is a nice base sauce for adding your favorite meats and veggies to.",3
"this tasty pancake recipe was created for rsc 16. i hope that you will enjoy this dish. the syrup is pretty versatile and will store in the refrigerator for 1 week. please, do not over stir the batter it will result in denser bread like pancakes. you may use fresh or frozen rhubarb.  freshly grinding the spices, will result in a more mellow flavor.",2
this simple seafood dish goes well with risotto and seared sesame asparagus... altered from original 'simply shrimp salmon and (fish) steaks'.,1
"i make this often for our football sunday snack time.  this dip is so easy to make, and it's always so good! one word of warning, though:  if you don't like spicy-hot flavors, back off on the jalapenos a bit.",3
i adapted this recipe over the years to please my husband's friends on game day. it is very filling and people can't seem to get enough of it.,4
"i loved it when mom used to make this for us! i have no idea if she originally made it for dad, who had been in the army, or if she just liked it because it tasted good and was a budget stretcher. a traditional favorite, good ol' sos.  note: the title of this recipe specifies that it is made ground beef, rather than chipped beef; ""authentic"" sos is generally made with chipped beef, however many folks also refer to the ground beef version by the same name.",6
i got this one from my mom:),0
"i learned this from a friend at work, leo, whose wife made this fresh every week. this is for the true chile head. a good taste, you don't need a lot of this to set your tongue on fire.",3
"well i love potatoes and am always looking for different ways of preparing them.i hope you enjoy them.my measurments may be a little off ,i dont ussually measure while preparing these.please give me feed back!!!",2
a recipe from coup de pouce.  posted for zwt - na*me it can be use with recipe#428711,4
"way back when, in the depths of college days history when overindulgent weekend drinking was just a 20-something no big deal, my then-husband husband gene and i watched a movie called ""moon over parador"" and thought it was one of the funniest things we'd ever seen. of course, i believe we'd been imbibing quite a bit o' beer so our judgment might've been a little off. (i still think the movie is pretty funny, though.) in the movie, the dictator of a tiny little country called parador indulges in a drink called a ""puna,"" which is never really described. ""too many damn punas,"" and the dictator kicks the bucket, and richard dreyfus' character, an actor who does too good an impression of the departed, has to take his place while the corrupt political cronies figure out what to do next. anyhow, we thought it'd be fun to create the puna. what we came up with was pretty darn tasty, and was a hit on those binge weekends of old. i don't remember the exact recipe, and we made it in volume, but here's an approximate single serving.  delicious!  :)",5
"yes,..it's just as good as it sounds!",5
no pit?  try browning stovetop then completing the cook process in the oven.,0
"adapted from cooking light, this is great on a cool autumn evening.",6
"looking for something different, delicious, and a little exotic?  its not everyday you hear people say ""last night i had a moroccan style sandwich"".  this recipe is a combo of the usual suspects such as chicken, plums, pita bread, hummus, and some popular spices.  an interesting but surprising combo that i know you will love if you give it a chance!  this recipe really doesn't require measurments.  (no one uses measurements when making a sandwich.)  you can put out all of the ingredients buffet style and people can make them up how they like.  as far as the veggies (and plums) go, you can either choose to serve them fresh or cooked by sauteing in olive oil.",3
"from cooking light, september 2007.  chicken or turkey breast can be subbed for the pork, if you prefer.",1
"so easy, but so nice.  from cookinglight",0
the crabcakeguy.com website (www.crabcakeguy.com) received several questions on where to find a crab cake friendly recipe for those inflicted with diabetes. here is an easy to prepare and healthy recipe for crabs cakes.,2
"this recipe is very similar to the czech angel biscuits, but you can add sausage in the filling if you like additional flavor. enjoy them.",3
"crisp buttery popcorn, peanuts, candy corn and crispy chow mein ""worms"" will appeal to spooks and goblins everywhere!  i always told my kids that the little chow mein noodles were halloween ""worms"", and they looked forward to this treat every year.  you'll love the ease of making this caramel corn.  the key is the use of an ordinary grocery bag, which becomes your giant mixing bowl.  clean-up is a snap.",6
"an italian friend of mine had just made his yearly trip back home, and along with a bottle of wine, shared this recipe with me. i was skeptical at first, wondering how such a mild vegetable like turnips could make an interesting soup. i have since made it 5 times in a 2 week time span...this should let you know how astonishing it turned out! i even made this for a dear friend who suffers from massive food allergies, using strictly olive oil to saute the turnips and no parmesan cheese stirred directly into the soup; she raved about it so much that she demanded the recipe before i left her house. if you chose to make this vegan, it takes twice as long for the turnips to brown, and the flavour isn't as deep, but it is still a wonderful soup! try it today and amaze your friends with it's complex nature yet simple ingredients!",3
i found this recipe on all recipes site.  it's an easy make ahead punch which is delicious. i made it for my daughters baby shower.   everyone raved over it.  i've decreased the amount of sugar from the original recipe.,4
"i adapted this recipe from a recipe i copied from a cookbook a while ago.
it's pretty simple to make and tastes really fresh and different from most other roast pork recipes.
i serve it with rice and beans and a tomato salad.",1
"although pork tenderloin is an expensive cut of meat, it cooks quickly and has great flavor. buy a 1- to 2-pound section, cut it up and store it in the freezer and thaw a piece when you want to make a quick stew.",1
"this is a great and delicious way to use summer squash.  makes a nice presentation, especially if you top it with a small amount of chopped green onions (green part only), or a little sprinkling of sweet paprika. it is also a prep-ahead dish, if you wish, which makes it so convenient. it is so good -- hope you like it as much as our family does.",7
i love these muffins and when i found this copykat.com recipe for them i knew i had to post this for safe keeping.,2
"this combination of carrots and lentils is so tasty and the spices give just a hint of zing to this delicious thick ""stick to your ribs"" soup

its so easy to make and freezes well",1
"a new twist to ginger-glazed mahi-mahi. i made it based on suggestions to add mango, and i used an old recipe and kicked it up a notch. crowd- pleaser! mahi mahi fillets cook 4-8 minutes, when seared. thick cuts take at least 6 minutes over nedium heat.",1
"this recipe was given to me by my friend's italian grandmother about 35 years  ago in tannersville, ny.  i have been making them exactly like this ever since and everyone who loves canoli loves these!  my friend, sal, made me some mini forms by going to home depot and buying an aluminum pipe and cutting it to around 5 inches each.  optional additions to filling are 1/2 cup chopped candied fruit found in baking aisle (such as citron and candied cherries and orange peel).",4
my favorite sugar cookie recipe! i used 1/2 tsp. almond extract and spooned the dough out using a small cookie scoop. these are delectable!,2
"this is our family recipe for brioche. i make it in a cake tin so we can tear of individual pieces...have a look at the photos to see what i mean ;) this recipe is very easy to make & only has a few ingredients!  if you don't have any vanilla sugar, put 1 or 2 vanilla pods in an airtight container with a bag of granulated sugar. i also have a chocolate tear & share brioche recipe.....",2
"“try cutting the cauliflower into thin slices and pan-frying after dusting with spices,” says tom filippou, executive chef for president's choice cooking school. “you can serve this recipe as a first course garnished with a dollop of yogurt or as a main with chickpea salad and flatbread.”",7
"these are delicous pancakes. the recipe was in our local food store ad. remember to soak the oats in buttermilk overnight, i didn't include this overnight step in the time.",2
"papaya's are rich in antioxidants. contains many minerals a good source of potassium & magnesium. when they are green they contain a good source of papain a protein-digesting enzyme similar to bromelain. which is used in meat tenderizers. 
berries are a good source of anticancer compound ellagic acid. studies have shown those that ate strawberries were 3 times less likely to develop cancer then those that didn't eat them.",5
"flavored with chilies, goat cheese and sour cream, delish. another favorite from my jr. league of phoenix cookbook. anaheim chiles are the long green chilies about 6"" long (sometimes with another name), if they are not available in your area, you can substitute with whole canned green chiles.",3
these are tex mex style.,0
"i found this recipe online:
swimming in coconut milk and red chili sauce, these are packed with chicken, shredded cabbage, carrots and onions, and a hefty handful of crushed peanuts and cilantro. i think the whole addition of peanuts is one of my favorite things about thai food, and they take these to the next level. feel free to add in any other favorite flavors of your choice, but these are packed with a sweet, tangy and slightly spicy punch.",1
recipe courtesy rachael ray; 30 minute meals,4
may sub for chicken or shrimp,1
"this recipe comes from copeland marks' book sephardic cooking. he attributes the recipe to the calcutta area of india. he says that almost all the women there knew how to make them and that they are a popular snack to be served with coffee or tea. the authentic version uses a home-made type of string cheese, but you can substitute the kashkaval, mozzarella or cheddar listed below. i have made these several times, with different cheeses and they are quite good. if you use kashkaval, i suggest french feta. if you use a less strongly flavored cheese, i suggest bulgarian feta. i freeze them and keep them on hand for unexpected guests. you just thaw them for an hour on a cookie sheet and then reheat them at 350 degrees for 10 minutes. prep and cooking time does not include one hour of refrigeration needed before assembling and baking.",3
"i received this recipe in on of my daily recipes from ""peak of the market"", our local produce company. they have such a yummy flavor because of the ranch dressing.",4
a yummy and good for you soup.,6
"this was posted about 10?15? years ago in a ladies magazine and i kept all of the frugal gourmet's recipes. jeff smith aka the frugal gourmet recently died. he had his own cooking show on pbs and his recipes were fantastic! hearty meatloaf with a creamy gravy that is fantastic over the loaf and of course the mashed potatoes! freezes well and is great the next day! *my notes: i find using 1/3 beef, 1/3 ground turkey & 1/3 ground pork works really well here too **",6
"this is a vegetarian dish. if you love spicy dishes like my family, then you will love this! the red curry paste is very hot so you might want to adjust the amount starting at 1 tablespoon, for our tastes i use about 2 tablespoons, the hotter the better lol! you can find red curry paste in the asian section of your supermarket or in any asian grocery store, i use it in many dishes! the complete recipe is made on top of the stove in very little time, but has tons of flavor!",1
"....perfect, healthy side dish, along with a slice of the diva diabetic's tex-mex turkey meatloaf! :)",6
great to take out to  a party as it makes about 3 cups.,5
a side for your chinese dinner.  from my chinese cookbook.,6
"this is a recipe i found in ww magazine.  this is a high fiber, fat free sub for mayo, and is delish on sandwiches or wraps, especially veggie!  1/4 cup = 1 point",4
this recipe came from my dad's grandmother who was from arkansas. we put the chocolate gravy over southern buttermilk biscuits and we loved this as a saturday morning breakfast!,2
i adopted this recipe and am not sure what to do with the salsa and ranch dressing.....mix it together? if anyone tries this let me know and i will edit...,3
chicken is a popular main dish served mainly at the dinner table.  i have developed a quick baked chicken recipe that can be prepared in about 60 minutes and it is fabulous and quite tasty.,1
"a traditional pasta filling with feta and farmer cheese. great the way it is or treat it as a good basic recipe to take off on, adding what appeals to you. tell me what you try.",3
"this easy and very simple stir fry is different but delicious.  i serve it to my vegetarian son, but everyone else enjoys it too.",1
three types of cheese and a squirt of mustard make this comforting dish sing!,3
"this recipe has been used by my mom, sister and myself for years. no one would believe how easy it is. top with vanilla ice cream or whipped cream for a yummy desert! apple and cherry are our favorites.",2
awesome and satisfying!  my mother's recipe which she always made for our lunch.  the pickle relish adds flavor in this egg salad!  the addition of the lettuce leaf makes for a nice crunch.,7
from aglaia kremezi. this oil is lovely drizzled on tomato salads and steamed or grilled vegetables. it is particularly good with steamed cauliflower and broccoli. 1 week standing time.,7
this is good!,0
"my friend jeff probably had one of the most blessed childhoods of any person i know because his mother nina, is a world class chef. it took me years to pry out her culinary secrets from jeff. here is just one of the delicious and simple recipees that nina calls dinner. the marinade is also great on steaks and chicken. since pork is such a tough and dry meat it needs a salt brine to moisten and tenderize it. that is why this teriyaki marinade is perfect.",1
"plantains are a member of the banana family, but catch them a little before they are ripe and they become a kid pleasing savory snack similar to french fries.
my 8 year old loved these, so we were pleasantly surprised when she gobbled them up.
my daughter likes these sans sauce, but my husband and i love them with recipe #356610
this recipe is from family fun magazine.
don't let all the steps scare you, they are very easy to make!",2
i created this recipe when i had leftover buttermilk i didn't want to waste.  this is a pretty tasty treat and relatively healthy too!  vegetarian and vegan friendly recipe as well.,4
this bakery delicacy sells for upwards of $3 a slice here...make two whole pastries for that! this is one of my most requested recipes for gatherings. people are so surprised when they find out how fast and easy this is!,2
peanut butter cookies i grew up on.,2
this tangy entree is prefect for weeekday dinners and weekend entertaining. the sweet basting sauce is made while salmon starts baking in the oven.,1
a drink from the island menu of rachael ray.,5
use a sugar substitute to make this diabetic friendly. mix up the dry ingredients as a gift for a teacher.,5
this is an adaptation from epicurious. it is a nice change and can be serve with spring greens if desired. we like it just as it is.,5
a different side dish my family enjoys.,6
"just watched giada make this and it looks so light and tasty! can't wait to try it.  update: did try and have changed the dressing slightly, in agreement with the first review.",3
"i know, another brownie recipe, but i checked and there aren't any yet using ricotta cheese. they're simple, moist and quite delicious. the original recipe came from silvia maynard, fort worth, texas.",3
"cool and refreshing for the national holiday of the united states! of course, if you're elsewhere, you can still enjoy this drink, by all means! :)",5
this is just awesome.  came from our recipe board at work.,4
a diffrent but tasty way to eat carrots,7
"i found this recipe while looking through the coupon inserts, and it is definitely one of my favorites! easy to make, and oh so good! :-)",4
"are you as tired of all the cream cheese and sour cream dishes as i am this holiday season?  looking for something light? try this recipe! no cream cheese, sour cream or mayo in sight! this recipe comes from the light & tasty magazine. i had to post it because it is fantastic! i loved it! you should try it if you need a break (like i did) and want something light! this does the trick! (i sometimes double the dressing!)",5
"this is a wonderful hearty meal, for a sick person especially; the veggie version of chicken noodle soup. great winter soup meal.
you could always do the stock in the crock pot, transfer it to the stove, and make the dumplings when you are about ready to eat. but know that the veggies will get super soft this way.  if you use eggs and prefer, sub 1/2 cup water with 2 beaten eggs.  this will cut the dumpling cooking time to 20 minutes at most altitudes.",7
"true salsa that is a staple on the table at all mexican food restaurants in texas. during tomato season, i keep a large container of this in the refrigerator and plenty of chips in the cupboard for teenagers to snack on!! best when you fiddle with it to get the flavor you like the best.",3
"they served this at my son's wedding.  
delicious",6
"this recipe comes from the wonderful little totally garlic cookbook by helene siegel and karen gillingham. my swap partner for the fall cookbook swap 2008, kgcook, sent it to me along with many other great cookbooks.",4
"posted for zaar world tour 2006.  this is an african rice recipe.  if you want, you can add 1/2 cup grated coconut to give it a stronger coconut flavor.",5
a favorite from betty crocker's best-loved recipes.  omit the chicken and substitute additional red or yellow bell pepper for a vegetarian meal.  i serve this yummy dish with warm crusty bread for dipping into the cheese sauce and a salad.,1
"remember the ice box cake back in the 60's and 70's?  the ones that used the nabisco chocolate wafer cookies?  well, this is the recipe to use when you can't find the cookies in the store!  it seems a lot of stores are not carrying them anymore, and if you want them, you have to order them at amazon.com.  this recipe is courtesy of ahmed1 at cdkitchen, and he had very good results using this recipe.    note: the preparation time does not include the 20-30 minutes in the refrigerator to chill.  keep in mind that the cooking time is 7-8 minutes per batch.  enjoy!",2
"yes, you read correctly... k-rab! don't laugh, it's cheaper than real crab and you don't have to worry about shells! this recipe is adapted from ""a hundred years of island cooking"", an old cookbook from the hawaiian electric company.",6
delicious 100% whole wheat pasta noodles with or without a pasta machine.,3
"another delicious recipe from the national chicken council with my tweaks and substitutions. the sweet mango dipping sauce makes for a perfect accompaniment for the spicy filling.  i love that this rendition features baking not frying.  if you don't have jerk seasoning, don't buy it.  try  recipe #91493 or  recipe #29317 instead. cilantro is one of those things people love or hate - use the amount that suits your tastes. (ww core people should read note.)",1
"serve this for lunch or dinner along with a nice green salad! adapted from pampered chef cookbook ""all the best"" from our kitchen to yours. enjoy!",7
"a light, greek-inspired  version of pizza made with puff pastry instead of bread dough.  cut into strips, it is suitable to serve as an appetizer.",3
"extremely easy and fast dessert, great for beginners in the kitchen.",6
i love pea pods and am always looking for a new way to cook them. i got this from the eat better america website.,4
"a produce department recipe.  tastes high-calorie, but is actually fairly low-cal.  sauce is best served the same day as it is made.",4
"easy chicken roll-ups with a mexican flare.
posted for zwt3.",0
"from betty crocker's 125 low-caloria main dishes, pg. 26.",0
"mrs. hayden was a patient of mine when i was fresh out of college and in my first job. as a widow, she was lonely so i visted her often.  she always baked something when she knew i was going to drop by.  my daughter shanna started cooking when she was 12 and this was her favorite foolproof sweet.  it brings back many sweet memories.",0
"red hot candies give these patriotic treats that special something...spicy and chewy! you can buy the m&m's at http://shop.mms.com or at m&m's world in las vegas, orlando or new york.",5
cooking light magazine.,0
i got this recipe in our local newspaper. it is adapted from ,4
"delicious crab cioppino, make sure you have some french bread to dip into the soup. serve with a nice green salsd and a good bottle of wine. the recipe comes from a tv station and sierra vista vineyards. enjoy",3
"i got this recipe from an insert in my gas bill! my 2 year old daughter loves it and always asks for more - the first time, she ate 5 bowls!",4
this is another that i had put away and forgotten about. i like the cinnamon-ginger. these are good any time of year if you like flavored coffee or tea!,5
these are cute little sandwiches that kids will love. recipe is from kraft.,6
recipe posted by request. half this recipe if you want.,4
these muffins are a great treat to take to the office. the dry ingredients can be combined the night before in order to speed up the process in the morning.,2
this recipe is one of my must for the summer.,4
a quick bruschetta that is tasty and quick,6
i diaganosed with prediabetes and i'm was looking for a pumpkin pie recipe. so i came up with one to do.,2
"this recipe can be made in a snap.  add chicken to it or leave it out, it is great both ways.",1
"squash and....cornbread of all things, combine to make this tasty side dish that's great with just about anything!",6
"courtesy of ""savory sweet life"" by alice currah.",0
"this is a easy pot pit my grandma use to make and it has passed through the generations. only 3 ingredients hello, its so yummy! i looked through all the pot pie recipes on here and could not find one like it so i'm gonna share it with you. hope you like!!!",4
"a great marinade for steak!!! (you can even use it for chicken for pollo asada!) i use skirt steak for flap meat, but any thin cut steak would work. this recipe is for up to 4 pounds of meat. cook time does not include marinating time.",1
"the ingredients seem too simple to come out this outstanding, but they do. i have halved this recipe from the original and it still makes a 9x13 pan full. you know if you didn't serve it with the cocktail ryes and ate it straight out of the pan with a spoon, you could say it's low-carb! lol",4
i recipe that i have used for years..,4
recipe by b. kanagy,4
"these quirkily named ""pigs in blankets"" are the traditional british accompaniment to the christmas roast turkey dinner - we call them ""trimmings"". you will often see pubs, restaurants and hotels advertising christmas dinner with all the trimmings - these will be part of those trimmings that they mention! we can eat these with no roast turkey - they are what everyone grabs whilst no one else is looking in the post christmas dinner kitchen! (i have known my husband to secrete a couple in his pocket when he was nearly caught!!) they are very easy to prepare and need very little oven time, either cook them before or add them to the oven for the last 25 to 30 minutes of the turkey or roast potato cooking time. these also make great appetisers, skewer them with a cocktail stick and serve them with cranberry or sweet chilli sauce as a dip.",6
"so simple - so quick - so good.  you will be surprised and pleased!  this was one of those "" i have not been to the store and need to feed the kids "" where it just comes to you!",0
"this is a veggie tray arranged to look like a turkey. i got the idea from someone else on this site. i made mine a little simpler. you can use any veggies you want. i am listing the ingredients that i used. i used a big serving tray, so you can edit the amount of veggies you use to the size of your tray. even if it doesn't look like a turkey to some people, it is still arranged nicely. the ounces are just guesses because i already threw out the cans.",6
"i love chocolate - so it's much better for me when a serving of cake only has 119 calories as this one does. i suspect, though i haven't tried it, that reduced calorie strawberry or cherry spread would be good (in place of apricot), and give a pretty red color for occasions like valentine's day.",2
"everyone knows about hot buttered rum to ease those aching muscles after a hard day...but for floridians, sometimes we need something cold to do that!  great milkshake to soothe those aching muscles!  feel free to increase the rum as necessary for your aches and pains!",5
"this is a very good, filling and non-processed approached to pasta and cheese. much better for you than kraft dinner, easier to make, and tastes way better too!!",3
"these are regular menu items in all the respectable taco joints in mexico. ingredients are so obvious, nobody needs a write-down recipe with exact quantities. you just reproduce it. many times i prefer these over regular tacos.",3
"a simple recipe for frosting that is very good on spice, white or chocolate cake.",2
from cooking light,0
a must have recipe for all mushroom lovers. it makes a nice main or side dish. very simple and delicious.,4
i found this recipe in the paper the other day and tried it.  it's a different way to make rice crispy treats from the way it is usually made with marshmallows.  it should be eaten as soon as possible because it will start to go stale overnight. do not substitute margarine for real butter.  the margarine has too much moisture.,2
"so easy, great presentation and twist to fish.  i've used other 3/4""-1"" thick fish and recommend marinating the full 4 hours if possible.  recipe courtesy of giada, everyday italian.",1
"i was busy making what i thought was a garlic butter to spread on my french bread when i thought i'd better taste it to see if it needed more garlic. well, i thought it did, so i kept adding more and more......til i saw that the jar i was using was actually ginger lol......i then grabbed the right jar and added in the garlic & herbs & after tasting decided it was ok :) at the time i was making a large amount for a crowd but have scaled it back to post. use more or less of the ginger & garlic to suit your taste.   one advantage i did find was that as so often happens with garlic bread this didn't 'repeat' on me :) i now use this all the time and the family all ask for ""that 'mistake' garlic bread"" lol :)",3
"easy, yummy, individual coffee cakes from sunset magazine.",2
"tinto de verano is a refreshing drink similar to sangria.  however, there are fewer ingredients in this wine based mixed drink making it much easier and quicker to put together.  tinto de verano translates to red wine of summer.  in some regions of spain it is common for locals to drink tinto de verano while tourists drink sangria.",5
yummy easy dip!,5
very filling! try experimenting with different types of yogurt and add-ins!,5
"my mother made this for us when we were growing up. my family has had it for thanksgiving dinner with sweet & sour pork, too. lol",6
i love this dish.  it combines lots of flavors and is pretty easy to make.  my family has enjoyed this recipe for years.  this recipe can be made ahead and reheated.  you can also freeze it for 3 months.  enjoy!!,4
this is one of the many recipes from my grandmothers cookbook. she passed away in may of 2005 and i am recording her wonderful recipes for my family and the many generations that will follow. i hope you enjoy her recipes as much as we do. i have not made each one yet-so cooking time and servings may not be posted on some. blessings from fourmranchwife in texas,4
"chicken and rice in a zippy sauce. a complete meal ready in no time. we love this with guacamole, sour cream and fresh tortillas! a bed of shredded lettuce adds to the complete meal.",1
"from realsimple magazine.  chicken can be substituted for 2 pork tenderloins, halved (1 1/2 to 2 pounds), or 1 1/2 pounds skinless salmon fillet (4 pieces).",1
"this is best prepared in a wok, but can be made in a skillet with high sloped sides.  this dish combines a delicious array of flavors that will compliment almost any dinner.",1
this recipe is a recipe i modified from one i found on the internet http://davesgarden.com/cookbook/viewentry.php?rid=1637 for a old weight watchers catsup recipe... as of date of submission i had not made the recipe yet...  but will add a comment on the results when i do...,4
poaching in white wine draws out simple flavors of pollock.,0
"this dessert is very popular here in summer.  the secret is the use of buttermilk and greek yoghurt, creating layers that are creamy, slightly sour/sweet and utterly delicious - better make two of these!  this recipe is dedicated to chef kate who loves all things jello!!!  refrigeration time is not included.",2
"chicken fingers are popular for kids but grown-ups will love this version adapted from the skinny chef, with added nutrition from the quinoa. for preparing the quinoa, see recipe#16399 and recipe#415970.",1
this is the best way i know of getting rid of dandelions from your lawn,0
"just good old, stick-to-your-ribs, comfort food. you can substitute low/no fat versions of the soup and sour cream if you like.",6
"from a community cookbook submitted by linda taylor, this is an easy to prepare marinade that is great for grilling.",1
found on better homes and garden; posting for zwt 7-switzerland.,0
"want to use leftover meatloaf? well, it tastes wonderful in this breakfast hash.",1
i found this in toh and made it for dinner last night.  the dressing is especially good and the whole meal is very healthy and satisfying!,7
"remember frankenberry cereal from when we were kids? (yes, i'm talking to all you kids of the 80's and very early 90's!) seeing as how i still live under a rock, i don't know if this cereal is made anymore since i seldom buy breakfast cereals since freshman year of college take 3. but this is the perfect breakfast cereal: you're all grown up, but you're still a kid who wants to say ""screw it, gimme the sugar.""",2
"found this on-line requested by a fellow zarrie needed for my lekvar (lehk-vahr) kugel recipe #53841( i was able to find it canned. a thick, soft spread made of fruit (usually prunes or apricots) cooked with sugar. this hungarian specialty is used to fill a variety of pastries and cookies. lekvar can be purchased in cans or jars in most supermarkets.",3
very simple to make and oh so delicious zuchini parmesan. low in fat and low in calories too! i found this one on my slim fast diet meal plan.,4
"while in the pursuit of a more traditional texas style chili, i came across this recipe for cowboy steak chili http://recipes.suite101.com/article.cfm/cowboy_steak_chili.  aside from the chili itself, the recipe includes this fabulous cowboy steak seasoning, used to season the steak in this chili.  see my posting for the cowboy steak chili recipe.  yeehaa",3
this is pretty much the best pork fried rice recipe i have made and i have made a lot of them.  i use leftover pork loin and left over rice for a great dish.  this dish reheats amazingly too.  this recipe comes from the food network website.,1
easy cookie recipe from a cake mix.... enjoy!,2
hailstone salad.  not a beginners tofu recipe,7
these are groovy.,0
from martha stewart's holiday cookies 2005.,0
"cheesy goodness!!!  oh my, is this good!  the cheese topping makes this soup!  the ingredients make a winning combination for a hearty meal.  as a side use crusty bread, ritz crackers or saltine crackers.",3
"from veggie life and missing from their online database.. make sure you read the bottom note below recipe.  this is an apian, lacto, ovo vegetarian recipe.",4
"i've been playing around with this recipe for a while.  i have several types of garlic bread toppers that i like to use, but this is a nice change.  works great on any kind of crusty or chewy italian or french bread. the most rustic bread you can find is what makes this a great topping!",3
these make a nice lunch with a salad topped with a raspberry vinaigrette and toasted almonds.,7
master cleanse detox drink,5
"this is a healthy and simple version of chicken parmesan, so easy and only takes about 30 minutes. no frying, you  are going to bake the chicken and it comes out so juicy and tender, serve with a side of spaghetti, simple dinner.",1
a quick weeknight dinner.  you can let the mushrooms stand while you are preparing your chicken.  from bon appetit magazine. adjusted slightly for my taste. the 20 to 30 minutes standing time for the mushrooms is not included in prep and cooking time.,1
delicious and simple!,6
"difficulty: easy 
prep time: 10 minutes 
cook time: 30 minutes 
yield: 4 to 6 servings",4
"i got this from my finish work pal riina, we got them at work one day and they were so tasty that i requested the recipe. i came come and started baking right away. dh loved them too so they are a real winner in our family.",4
"tomatoe, cream, and fresh basil make a quick
easy meal.  small shapes such as penne, farfalle, or conchiglie are best for this recipe.",3
"these are soooo easy and quick to make and no one ever believes that they are not from scratch and that they start with a cake mix! these work with peanut butter chips, white chips etc. too.",2
"update: this recipe was created by todd wilbur for his cookbook ""top secret recipes"" (penguin random house 1993). www.topsecretrecipes.com.

my kids really like this--they say its just like a yoohoo.",4
"found this recipe in the myers park presbyterian church cookbook, ""count our blessings"". it is a fabulous cookbook filled with great treats but this has to be my favorite of the recipes i have tried. the recipe says serve at room temperature but even better slightly warmed. also that this recipe has been a ragan family tradition for 100 years.",4
adapted from all recipes.,4
super easy recipe often served as an appetatizer or dessert in tunisia. serve with rosetta or black coffee.,6
"this is a super easy chicken salad recipe using canned chicken.  it is simple, yet has a great flavor to it.  the secret is in chilling it for a few hours before serving!",7
"this is a fantastic side dish for a thanksgiving turkey, and one of my favorite ways to prepare vegetables for the holidays.",6
"from ""caribbean carnival"", good food magazine, february 1987.  prep time does not include 1-1/2 hours to marinate.",1
"i have been lactose intolerant for 8 years now and my 2-year old is as well.  green bean casserole is one of those things i get a real craving for every now and then and haven't been able to eat for so long.  thanks to miraklegirl here on recipezaar and some modifications i made to her cream of mushroom soup substiture i have been able to create a traditional green bean casserole that i would dare say you would not be able to tell the difference from a ""real"" dairy-filled one.  and one more bonus, my 2 year old loves it too!",5
"a hearty and tasty soup, using kim chee.  from ""dok sunni: recipes from my mother's korean kitchen""",6
"these are by far the best homemade brownies i have ever had. i combined a few recipes and recipe ideas to get imho the perfect brownie!  the name comes from the fact that anyway you crave/want them they are good i posted them w/ the marshmallow filling and chocolate frosting as that is my prerogative!  they are good with mint filling, caramel, just the frosting or just plain!  i hope you enjoy these as much as my friends and family!f",2
the roasted red peppers in this dish really add a special ,3
"would you believe this is great? and you can eat it with bread, especially your own fresh bread? this is also a great side dish with any meal. you could substitute the cheese with another flavourful type, and you could also use toasted almonds instead of hazelnuts, or leave out the nuts entirely. as a dip: use all ingredients. as a side dish: serve warm and use ingredients to taste, but lemon juice is a must! taste it in the processor -- your taste has the final say!",3
"cook time depends on your method for making eggs. for this small batch, i recommend a cold water start, bring to a rolling boil and cook for ten minutes. drain off hot water and allow to rest in cold water until eggs are cool enough to handle.",2
"this recipe is adapted from texas home cooking by cheryl and bill jamison. think of a dry rub as the dry form of a marinade, and the ingredients are not set in stone. change them to suit your tastes and needs. use on almost anything you are barbequing.",3
epicurious.  serve with a spring greens salad with champagne vinaigrette.,7
this recipe is from all recipes,4
this recipe came from my friend. we used to have sleep-overs and we would make this for breakfast,4
"rich, chocolaty, and a nice after-dinner cocktail.",5
a sweet and spicy garlic sauce for chicken wings.,3
from relish magazine may 2010.  this grilled chicken has an addition of hot sauce.  if you like your chicken less spicy only add 1/4 cup.,1
"lovely red color, perfect for autumn, from bon appetit",0
i created this low carb enchilada casserole last night because my husband and i both love mexican food and we're trying to stay on atkins. we used homemade enchilada sauce.  next time i'll try it with chicken.  we both loved it.,1
"a favourite at our family bbqs. you can serve this jam on almost anything e.g.: with steak, chicken, fish, or on fresh bread sticks or flat breads.",6
"while this dish does not require baking, it does use eggs.  if you are uncomfortable with the raw eggs, perhaps there are substitutes for the egg yolks and the whites.  if you like amaretti cookies, amaretto and mascarpone cheese, you will like this dish. prep time does not include refrigeration time.",2
a authentic italian recipe that is a mix of my own and that of a recipe i saw on everyday italian,3
"if you like biscuits, and you love goat cheese, these fluffy creations are amazing.  i saw them featured on oprah, and after giving them a try, i understand why they're so popular!",2
these are quick and fun sandwiches to serve for lunch or for a fast dinner solution. they're great with cole slaw and potato chips.,6
"this recipe was originally posted by zenith. she's no longer active at zaar, but is sorely missed by some of her followers! here's what she had to say about this recipe: ""a lowfat pumpkin pie, minus the crust. perfect for satisfying pumpkin pie cravings without all those calories and fat grams. from 'low-fat living for real people.'""",2
"this recipe came from a 1970's card. delicious retro snacks! the mayonnaise amount is a guess, so feel free to experiment. serve with iceberg lettuce and tomato.",4
"a rich, yummy brownie with a cream cheese swirl and a thin chocolate-y icing. starts with a brownie mix, and makes a 9x13 pan. this is a recipe my mom has made for years. **note: the 1 egg and 1/4 c. oil in ingredients is for the brownie mix i use; prepare your mix as directed on the box, if it calls for more or less oil, water, etc. **",2
a great fruit dip--from ,5
serve ice cold. delicious!,6
"you can make these lower in sugar or make the traditional way. either way these are just scrumptious! with lots of options, it is easy to find the right mix for what is in your pantry!",2
light and tender biscuits.  the key is to sift the the dry ingredients four times.  the dough should be manageable but sticky; a wetter dough makes a lighter biscuit.,2
"a creamy, delicious taco soup. goes great with cornbread muffins. 
*try not to let it boil after adding the milk if you use less than whole milk. the soup will curdle; taste won't be affected, though* from 'my muffin thursdays' food blog.",2
"oh,boy! is this good! (at least we thought so...)from cooking light - 2000. i did make a few changes - you may want to too, who knows? i used a pound of turkey breast, didn't use fresh bread crumbs - about a half a cup of dry, doubled the sauce, and i used chicken broth in place of the wine.i also threw the meatballs in the sauce after i had made that, to cook them a bit more.very good! try it!  
(cooking times are approximate)",3
"another family favourite, these delightful cookies really do melt in your mouth. serving them in a red basket with xmas cellophane is a creative way to serve these. use any garnish on these cookies that your guests will enjoy. you can eat these like candy!",2
"holy healthy muffin, batman! these muffins are chock full o' the good stuff! another plus- other flours, nuts, granolas, seeds, and fruits may be substituted as desired. recipe is from the la leache league international cookbook ",2
"my 2- and 6-year old boys will eat just about anything if they can put this sauce on it.  it's great on lamb meatballs or kebabs, grilled chicken, raw vegetables, and potato chips!",3
i got this recipe from a community cookbook. it was so easy to prepare and very delicious. it is also healthy and low fat. a great weeknight dish.,4
these are great little treats.  served by many a southern belle with fresh pecans grown right on the lawn.,2
this recipe was submitted by a mom for the brother martin high school cookbook.  like the title says--the best!,4
this recipe is from the perfect barbecue cookbook.  i'm posting it for zwt.,4
famous chicken   enchiladas.   i created this recipe cause i liked the taste of flour tortillas verses corn.,1
an easy soup to make. serve hot with crusty bread.,6
i love the classic 7 layer salad and i love veggies so i just kept adding more ingredients and now it's an 11 layer salad. i made it for thanksgiving one year and it was the talk of the party and gobbled up fast. i have been told this is the best layer salad recipe ever and i am asked to bring it to all holiday dinners. i think the double layering is the key. this makes a big salad!,7
"this is a fantastic dish that my mom showed me how to make. it is an easy, impressive side dish that will have everyone raving!",6
what a burst of flavors. i am not a fan of curry but i love this dish. got this recipe off the net a long time ago but i am not sure where. be sure to make the brown rice with the curry.,1
even george bush would like this broccoli.,6
"this recipe was inspired by the super energy bars made by the coffee roastery down the street - they're my absolute favorite for a work-day pick me up!  this is the 2nd version... it's a recipe in progress.  the original used oatmeal instead of flour and no applesauce - it was tasty, but more like granola than bars.  i'll keep adjusting and updating the recipe!",2
"after following the ongoing debate over canned soups- i realized that i couldn't comment because i have never made any casserole type dishes involving cream of mushroom soup because they are all dairy and for religious reasons, we don't mix meat and milk. so i created this substitute, which is really authentic... i will weigh in on the debate after tonight's dinner!",3
for all those times you have pine nuts on hand and want a good recipe -- this is it.,4
an alternative to the old standby this is quick and easy,0
"quite possibly the best cookie i have ever made..... ever and the easiest!  they were chewy and delicious.  the plate of cookies didn't last 2 hours.  i used a pastry bag to get these on to the cookie sheet, but you could use a plastic bag and cut the corner off if you don't have one.",2
i made this the other night for dinner and it was a huge hit with my husband so i thought i'd post it. i found this in 'steak lover's cookbook' by william rice.,4
"a yummy dip made with minced veggies, from ""come into the kitchen by jackie olden"". serve with fresh veggies such as cauliflower or broccoli florets, celery sticks, radishes, bell pepper strips, carrot sticks, cucumber slices or sticks.",6
no canned soup in this wonderful version!,7
for lovers of nutella... also makes a nice sauce for cake or ice cream.,5
"from the cookbook ""marie claire""",0
"a great recipe that i found in my cooking light magazine. these cookies are very yummy. i was thinking about adding some chopped pecans next time. you know, to give them more fiber and make them more healthy! yea, right! lol! actually they're not to bad. everything in moderation. enjoy!",2
here's a quick recipe for scalloped that my family enjoys. there's no cheese in this version. the recipe comes from company's coming microwave cooking by jean pare.,3
"a healthy, vegetarian bon appetit recipe, originally from the book ""the skinny: how to fit into your little black dress forever"" by melissa clark and robin aronson.  the combination of mushrooms and soy sauce lends the tofu a hearty flavour.",1
"an intriguing dish to serve either as a first course or as a vegetarian main. this bold red sauce will add texture and flavour to the mushrooms. if king oyster mushrooms are not available, use a mixture of mushrooms that you like. using anchovies as flavouring is an integral part of spanish cooking.
from food and drink magazine, lucy waverman.",3
"simple, refreshing and colourful salad from africa. recipe comes from the vegetarian passport cookbook.",7
"a no bake dessert that's easy to make and scrumptous to eat. there's just enough lemon juice to give it a little kick, without making it too over-the-top. enjoy this too easy of a recipe!",2
i usually make this recipe to go with my mediterranean chicken thighs. i found both recipes in my local newspaper and they've been a family favorite for several years. i hope you enjoy both as much as we do.,1
"a wonderful spring-time casserole and a great way to use up extra easter eggs. i have made this dish with chicken when i didn't have ham, but i prefer ham.",6
yumm fast easy and healthy recipe.  you can add in any type of spice and or more veggies if you like. i love this so much and almost didn't want to share but i need to post if for safe keeping. enjoy!,4
"a quick, easy & healthy version of one of my favourites; i usually serve it alongside recipe #56030 but it marries well with any pasta! i use dee514's recipe #38293 rather than a store-bought mix.",3
"i originally got this recipe off the net for a recipe request and have played around with it a bit.  it's changed from the original, but good, i think.",4
"these delicious not-too-sweet (like me) cookies are made with browned butter and pistachios. so while the butter content may make you want to break out the treadmill, you can alleviate some of the guilt by telling yourself how healthy nuts are for you.  in fact, the more nuts you put in, the less butter will fit into each cookie, so by the time you're done with all the psychology, you're eating diet food. ;)  you can store these cookies airtight for up to 5 days. (i think stomachs qualify as ""airtight"".) many thanks to the sharp eye of a member for noting my omission! the ingredients are now correct.",2
http://www.sugarplumblog.net/2011/02/cookies-n-cream-kiss-cookies.html,2
during the summer our family eats a lot of salads.  i love how refreshing they are and the fact that they are healthy doesn't hurt either.  this salad is a meal in itself or could be used as a side dish.,7
"simple to cook, yet tasty.",6
"delicious fresh salad.  i'm putting it here for safe-keeping and easy sharing.
i usually use half the sugar in the recipe....just because we need to cut back on sugar....",7
"this recipe comes from the big book of breakfast, written my maryana vollstedt. this cookbook is filled with many delicious recipes and i highly recommend it to anyone who enjoys breakfast/brunch foods! i serve these pancakes with a mixture of flavoured yogurt and some pure maple syrup.",4
"this dish appeals to all ages. the slices hold their shape and taste great at room temperature -- making them perfect for make-ahead dinners, lunch boxes or potlucks. when sliced in small squares, they make great finger food, too. created for rsc#11, and definitely a dish i'll make often in the future.",6
bartender.com recipe,4
cookies that taste great and smell heavenly while baking,2
serve this with crusty italian bread to soak up the sauce.,3
this recipe was given to me at my bridal shower by my sister-in-law.  we love this!,4
i use the lean jimmy deans sausage and don't even have to drain away any grease. this is my own creation. very easy and so delicious.,3
i made twice baked potatoes and added stuff.,2
"be sure to use clear full flavored broth. personally i like to add the carrots & mushrooms into the bowl of steaming broth without simmering them first , personal preference. this is such an attractive, easy to make, light soup that is just perfect for the start of an oriental meal or with any meal. substitute strands of cooked chicken instead of the seafood. see footnore at bottom of recipe for clarifying broth",1
"""ready, set, cook! hidden valley contest entry"" a zesty caribbean style shrimp and pasta makes an easy delicious meal and guaranteed to warm you heart and soul.",3
this beats the hell out of regular scrambled eggs. i have my boyfriend's family to thank for this one. adjust the amount of cheese and jalapenos to your taste.,3
"here's another chilled soup from *the carnival experience* cookbook by peter leypold (exec chef of carnival cruise lines) that i did not try, but it is both unusual & intriguing. although we don't really have any of them here in iceland, doesn't this look like it would be perfect on a hot summer evening? (times were not given, have been estimated & the chill time is not included as it may vary according to your needs) *enjoy* !",3
"an alternative to deviled eggs, these are stuffed with a cheddar cheese mixture. taken from ""the complete family cook book"".",2
from madhur jaffrey's world vegetarian,0
"my mom was a campfire girl from bluebirds until adulthood, when she was a summer camp counselor for several years. on some of those bluebird overnights, they used to make this simple version of ",0
"a lively, tongue-tingling dish!",6
"this is a easy, one dish recipe for camping!  from the 'dutch oven and outdoor cooking' cookbook by larry and jeanie walker.  can use white or yellow cake mix, but i recommend yellow.",2
"i just love casseroles. mixed this up tonight after getting tired of the bag of left over stuffing mix in the pantry. it was very good and mike said i should make it like this from now on. wish i could think of a better name for it. feel free to use light sour cream and low fat cream soup as they do work well in casseroles. i love the mixed veggies 'cause i like the addition of the potatoes and lima beans and think the extra veggies round out the dish, but feel free to use whatever veggies you like best. i didn't have any in the house but if you happen to have some mushrooms on hand they would probably also be very good in this. since they weren't in the origional creation i decided that it wouldn't be right to place them as an ingredient but just a suggestion. you could use canned mushrooms or cook up fresh sliced ones with the meat and onions.",6
"this is a very yummy, very versatile sandwich.  i love lettuce leaves on my sandwich, but i don't tend to buy lettuce by the head or bunch because i can't eat it fast enough before it goes bad.  sometimes i'll use the leaves from prepackaged lettuces or salad mixes.  but all that aside, i love bell peppers; green, red, yellow, and orange.  this sandwich was inspired by my hunger, what i had on hand, and my love of bell peppers.  (at subway, i'll have them add green peppers to my sub along with my other fixings.  so i decided, duh, why not at home too?)  i hope you enjoy this as much as i did.  feel free, thoiugh to mix and match other lunch meats, veggies and bread.  since this was what i had on hand, this is what i used.",7
"i really enjoy making bread in the colder months. this loaf is one that i have played with a lot and it works no matter what i do to it. i have added nuts, vanilla, cinnamon/ginger, changed the apples to dried cherries( non sugared). i have used applebutter in place of applesauce and trimmed down the honey. well, you get the idea. 8"" cake pans are the perfect thing for baking this bread. it will make 3 loaves.",2
"believe it or not i'm a chimichanga virgin [so to speak], but after having my first chicken chimichanga at a wonderful mexican restaurant in san diego, i found the original of this vegetarian one [for my son & his wife] which i've managed to tweek a little!",1
this recipe was given to me by a knitting exchange partner and i just love it! it's really easy and quite delicious!,4
"fannie farmer says: ""only firm, tart cooking apples bake well.""",0
this is an easy and tasty one-dish meal.  i usually have all the ingredients on hand.  you can also play around with the ingredients you have.  enjoy!,4
"this sounds unusual, but i always loved putting boiled eggs in my tuna, so i just turned it inside out. since there are no egg yolks, it is better for the cholesteral. it is also super high in protein. did i also say, it is delicious.",1
this is a delicious dish to serve warm or at room temp. its a nice way to dress up any meal! it can easily be halved or doubled! this is even great to serve as a meal for people who dont like large meals :-),6
this recipe is amazingly wonderful! another one from dad's own cookbook - highly reccomended for beginer cooks. i make it for christmas tins and have trouble staying out of them myself - super yummy!,4
my auntie anne made this at a summer gathering and i was hooked.  the broiled feta really takes this pasta salad/dish over the top!,7
excellent microwave recipe - keeps the kitchen cool. uses fresh green beans!,6
you can make these easily at home by using a package of ravioli. we like to use other types of ravioli for this dish. from copykat.com (http://www.copykat.com),3
from the best slow and easy recipes.,4
taken on drinksmixer.com,0
"the black beans in this pie are well hidden! i used light cream cheese
and fat fee sour cream. we enjoyed it with some salsa and a dollop of
sour cream.",2
"a friend made this for our book club and it was addicting. i immediately asked for the recipe and have enjoyed it since. it's really different and makes a nice appetizer to serve with wine, etc. all amounts are approx.",4
your guests will love this easy but tasty appetizer cracker spread. can be made ahead and kept refrigerated. just bake (may need a few extra minutes of baking if cold from the frig) and serve with ice cold beer or your favorite cocktails.,6
"this is the recipe i use for my cracker jack popcorn...i use this also now to fix any microwave corn that i haven't really enjoyed...(like cinnabon and kettle corn,,) fixed it fine..thought i had better post my recipe before after using for 20 years, i just might loose it, since the page is falling out of my book...",4
"you don't need a box! can be doubled. i have also substituted low fat milk and half and half. feel free to experiment with milk substitutes if you like. the corn starch really ""sets"" this pudding.",5
charoset is used at the passover seder. this recipe originally is found in the ,4
"i got this recipe from the san jose mercury news years ago. it originally had a salsa-like tomato sauce recipe to serve on top, but i didn't even save that part, because i like the taste of it just as it is. if you don't eat it all at the first meal, it can be refrigerated and reheated in the microwave.",3
not many ingredients and very simple to prepare but very good.,4
a delicous combination of vanilla and strawberries to enlighten your morning.,5
lovely salad that everyone loves. kids included. looks awesome served in a glass bowl.,7
"these are my favourite chicken wings from my aunt jean. we rarely have leftovers, although my mom prefers the leftovers. cook time does not include marinating. definitely marinate this for 24 hours if you can. i've done the shorter marinating time and it really does make a difference.",1
"now that it's autumn, this is the perfect chowder that will bring you comfort on those chilly days.  i think it's one of the best i've had and we enjoy it very much.  i got this recipe a few years back from a woman i used to work for.  when one of my daughters gets started on this chowder, she can't stop!",6
this is an excellent chowder recipe from a restaurant in salt lake city. it has great flavor. very much worth the effort!!,4
jaxon's is local and they make the best potato soup with green chile. the recipe is printed in the el paso junior league cookbook and there have been people to buy the cookbook for this recipe.,3
"my hubby is a big rice fan, and this is one of his favorite kinds. great for the holidays and potluck dinners.",6
what a wonderful way to start your morning! add a cup of hot tea and a fruit cup and you're all set!,5
this is from a 1990 good housekeeping magazine. i love the taste of the onions. i serve with macaroni salad or potato salad.,7
a delicious healthy alternative to traditional cheese topping.  i came up with this because i wanted a pesto type sauce for my pizza that provided more protein and less fat than traditional pesto.  also good as a sauce for pasta.,3
"a dish i created for the rsc #8. it has it all, and you just need to serve it with rice and fried plantains. i made it several times before posting it and came to the conclusion that if i replaced the scotch bonnet with a green or red chili it is still a very good dish but it loses some of the taste sensation.
i realize that it is sometimes difficult to obtain certain ingredients and that the heat of a scotch bonnet might not be to your taste, so please feel free to substitute if availability is a problem.
note that the raisins need to be soaked for several hours and this is not included in the prep time.",3
a south american distant cousin to tamales. posted in response to a recipe request.,6
"lemon flavored and moist, this cake is delicious with a topping of sweetened berries. 
from italian forever.",3
"this sounds like a speedy meal, that may also be very tasty!",6
"this is so simple and so perfect--a lovely marriage of fresh vegetables and herbs, with al dente pasta, lightly accented with butter and parmigiano.  it's thanks to the artistry of sirio maccione of le cirque.",3
i'm doing a clean-up in all my magazines and i'm posting some recipes for safe-keeping.  this one is from coup de pouce.,4
"squash is a disease fighting food. squash is high in fiber, also helps to cancer toxins away.",7
"delicious spicy roasted veggies!  the many spices are very visible in this dish.  the chickpeas are a nice addition, and harden a bit after being roasted which is a nice addition to the overall texture of this dish.",1
this is my favorite way to make tilapia.,3
a fairly quick and very tasty dish,6
"when i was first dating my husband, we went to a small restaurant in moss landing and i had this dish.  the sweet tomatoes, sour lemon and salty olives and capers are wonderful with the halibut. the chef was kind enough to list the ingredients for me. what i didn't remember exact amounts for, i improvised and it's close enough for me to what i had that day!  if you can't get good cherry tomatoes, use any tomato chopped small.  i've also subbed half the olive oil for stock when i'm feeling dietetic and that's good too.  not as good, maybe, but good!",3
"found this recipe online and made it. it tasted so yummy and i want to share it, as well as keep it with all my other recipes!
the original site http://thehappyhousewife.com/cooking/butternut-squash-soup/",4
from the another website.  this seems so different and easy. i made some changes so here they are!,0
"this is rachael ray's take on the american classic.  it's from one of her earlier cookbooks.  rachael serves this over canned biscuits (like grands!) that have been separated, placed on a baking sheet and sprinkled with a pinch of cayenne pepper or sweet paprika, then baked according to package directions.  i tried to include this in the recipe but for some reason the site will not let me list the canned biscuits.",4
this recipe i came up with myself.  i wanted to make a vegan wrap that was healthy and good for you without the use of animal products--this is what i came up with!,4
i've fallen in love with the chocolate and orange combination and wanted a brownie recipe to add to my collection. this is what i came up with. i didn't measure the zest or juice. i used half the zest of a large orange in each part and squeezed in enough orange juice to make a smooth icing.,5
"tasty, healthy way to cook haddock or any white fish. serve with crusty rolls or over rice.",1
"another version of a chicken lo mein-type dish, but with lots more veggies! the sauce is very tasty, and this dish is great eaten hot or cold. i love to take the leftovers to work with me for a healthy, filling lunch. add any of your favorite veggies; i just listed some of the ones that i used",1
"this is definitely a keeper. the aroma! wow! great with spaghetti, pizza soup or anytime!",3
"delicious, simple smoothie!  my kids favorite!",5
we had something similar to this in a restaurant called black bean hummus and this is my re-creation that everyone loves.  it's heart healthy too!,6
"this is delicious. i like to serve it in lettuce ""bowls"" for company - makes a pretty presentation. it's good as a side dish with a roasted chicken or just by itself as a light lunch or dinner with a good quality crusty bread.",7
this is such a cute appetizer or snack!,6
"this my adopted recipe. very good, i didn't have swiss cheese so i used cheddar.  i think i used about 1/2 cup. the cheese sauce turned out good, it's so fast doing everything in the microwave. the prep and cooking times are approximate.",3
"this is a great ""carb concious"" main course. the diet coke makes the salmon so tender and moist -it practically melts in your mouth and leaves you craving more!",5
"i found this recipe on the internet and it rocks!! i've tried several pasta dough recipes, but this one is amazing...this recipe will be the staple of all my pasta recipes...",4
"this is my favorite oatmeal - i'll eat it for breakfast or lunch!  very filling and super tasty with the dried cranberries, almonds and orange marmalade. be sure to add the dried cranberries right away as they rehydrate while cooking which makes them very flavorful.  if i'm not that hungry i'll reduce the oats to 1/4 cup and leave the other ingredients the same. milk can be substituted for water if desired - when we ate oatmeal as little kids it was because we were out of milk for our cereal, so i always make my oatmeal with water.... personal preference is everything!  *note: 1 tablespoon of smucker's sugar-free orange marmalade has 10 calories  ww points = 3",5
i discovered the secret to those delicious fast food banana shakes...it's easy as...pudding,5
"i have to say that for easy and fast this one takes the cake!!!  it is super simple, super good, and try it once, and there will very little left!",0
"lots of fun to make and especially eat!  i am a vegetarian, so i have substituted vegetarian ""chicken"" in this recipe and it was fabulous, but if you are a meat-eater you can use the same amount of real chicken instead with the same delicious outcome.  i also used a combination of mozzarella and cheddar cheeses because mexican cheeses aren't available to me here in england but if you would prefer monterey jack or other mexican cheeses go right ahead and use them instead.  these were soooooooo good.  enjoy!",1
"my cousin is ukranian, and makes an amazing green bean salad that is originally from georgia. not that georgia, but the one near russia. this was yet another thing i did with the 5 lb of costco organic baby green beans my husband bought.",7
from joan of arc; posted for zwt 5. i have made this before and it is decadent!,0
from our local/state sunday paper with a feature of toastry treats and the recipe is from donna hay - times are estimated.,2
"chick peas are my favorite beans.  if you like them too, you might want to try this fast and easy caribbean recipe.  altered slightly to suit my bf's preferences.  update:  original recipe called for 2 tablespoons curry powder.  i reduced that to 1 tablespoon but suggest that you add 1-3 teaspoons more, according to taste.  due to a reviewer's comment i also suggest that you add hot sauce to taste.  this is very flavorful and easy to make, i think you will like it.  ketchup adds a certain measure of sweetness.",1
"my sister carol has made these for her boys since they were little and both they and their friends loved them.  now the boys are in college, they just ""have to have"" them every halloween.... so carol sends them care packages.  (number of cookies is estimate)",2
"this easy, zesty sauce can compliment a variety of steamed vegetables such as brussels sprouts, carrots and spaghetti squash. taken from the ""quick, healthy and delicious cooking"" cookbook by bh&g.",3
"a quick and easy recipe for margaritas that is sure to please!  i have used this recipe for years....and it won me a best answer on yahoo answers about a year ago for quick and easy party margaritas.
this will serve about 10....enjoy",3
"this recipe makes me very nostalgic, as it is the one that made me fall in love with cooking when i was in college. all it took was the smell of the mushrooms and garlic sauteeing and i was hooked! this is a wonderful dish that is easily made vegan by choosing vegan veggie burgers and using a different sweetener for the honey. from the new world of eating by paula duvall.",3
"this recipe comes from a copycat recipe site.  i havn't made it yet so i don't know if it good or not.  wanted to add to my cookbooks for safe keeping.

update:  made, and it is so good, just like the restaurant sauce.  i made a double batch and keep in the fridge so anytime i want to just pull out a steak or chicken breast i have it ready to go.  next time i make this i won't add the sesame seeds to the sauce but just sprinkle on individual steaks.  since i made a double batch and only used as needed, the seeds got soggy, but it ""did"" keep very well in the fridge.",3
this is my grandmother's recipe; it is very flavorful and light. i usually refrigerate overnight.,4
"easy fresh fig recipe. can be used as appetizer, side dish, or dessert... or all three! i could eat figs three times a day, i only wish the season were longer. i changed the amount of gorgonzola for the figs, as i believe the review i recently got was right... too strong for the fig. it read 6 tablespoons before i changed it. i believe 1/2 teaspoon per fig would be better. as would less port be better.",5
"caution! you thought my recipe #68981 was hot try this!
make in well ventilated room with gloves.
naga jolokia is a chili pepper the hottest in the world. (was the hottest till they found  the trinidad scorpion moruga blend (moruga scorpion)) .  mine were orange when i picked them so i opted for orange bells. if you get red ones do use red bell peppers. if you can't find the ghost chili's just use 12 habaneros or if you dare try the scorpion!",3
"this recipe is from week 19 of my food blog, ""travel by stove."" i am attempting to cook one meal from every nation on earth, and the bahamas are my 19th stop. 

poster's note: i never use any recipes for travel by stove (this one included) that i am not reasonably certain come from traditional or authentic sources. i never add or remove ingredients from them before i post them to my blog or to food.com, even if i think the recipe might benefit from changes. in this way i can be sure i'm giving my readers a true representation of cuisine from the region.

conch fritters are served in restaurants all over the islands, so many people think of them as a big part of the bahamian tourist experience. if you can't find conch in your local market (and you probably can't), you can order a canned version online.",4
here's a healthy summer dish from the neelys.,6
we have a great chef in sydney named bill granger. this is his recipe for a hot flavourful pudding. delicious.,6
this goes fast! it can be broken into any size pieces.,0
i found this recipe in rockwell springs trout club centennial cookbook. i have made this recipe and it was received very well. it would make a good appetizer.,4
this is a quick easy meal for supper.  i have added a tomato sliced and seeded and that was really good too.  you can season the pork while sauteing but its not necessary.  of course the taste will vary depending on what barbecue sauce you use.  i like this with thick and spicy barbecue sauce.   something different and kids like to wrap their own!  i also have used chicken and it is equally just as good!,1
"this is very good. all you dill haters (and there seems to be quite a few), can leave the dill out with no ill effects. this is always well liked by all.",5
"this is an altered recipe i found online. it's great to have on the ride when you need a snack. tastes great, healthy and they're much cheaper than store-bought bars",4
"in north africa & the middle east are many variations of the humble shortbread, they all go by different names but are all very similar in taste & appearance. this turkish recipe is very similar to my favourite algerian shortbread called ghraybia. i also like to make these using 2 cups of self rising flour (omitting the baking powder) & to use a mix of 3 tbsp ghee plus margarine to make 2 cups (when doing this i omit the vanilla as i like to taste the sweetness of the ghee).",2
"this recipe has been an easter tradition in my family for many years. i received this from my mom. she can not remember where she got it. i always double the receipe. one batch is not enough for my family. if you like dark chocolate, this works well with semi-sweet and dark chocolate.",4
these golden potatoes are a hit anytime i serve them.,6
a cooking light magazine recipe -- a lighter version of fried shrimp and a delicious dipping sauce to go with it.,1
with less than 10 ingredients you can create this delicious recipe.,4
this delicious apple tart is an easy way to use up your apples. wonderful served warm with ice cream.,5
from the 1953 better homes and gardens new cook book.,0
"this dish, served with a salad, will make a nice quick meal for one or by adding a side dish of vegetables, a light lunch for two. the small salad size shrimp work best for me, but remember that cooking is a creative sport.",7
"another recipe from our handwritten family cookbook--this one is from my great aunt olivia (nicknamed cooter). i never get to make it, since the only person in our house who likes tuna casserole or anything with mushrooms in it is me, but it's delicious.",4
"this is a recipe i used on weight watchers.  it actually tastes really good!
256 calories, 6 grams of fat, 6 grams of fiber",4
"a different kind of potato salad--this one boasts okinawan sweet potatoes (purple flesh), a medley of red, yellow, orange and green bell peppers, and red onions. it's tossed in a tangy honey-mustard dressing right before serving. delicious and nutritious! if you count the time it takes to chill down the potatoes, this salad takes about 1hour and 45 minutes to prepare. or, steam the potatoes a day ahead, and it will only take about 1/2 hour!",7
"a nice spread.  you can easily adjust the heat by varying the amount of cayenne pepper.  it smells wonderful while simmering!  i found this recipe in the sunday paper.  serve warm with pita, naan, tortilla or pita chips!",3
got this from a friend. from the rebar modern food cookbook. muffins have a great texture.,2
this is great for leftover pork or beef roasts!,6
"this is an impressive-looking yet quick recipe. extremely yummie both in its full-fat and low-fat versions. i'll post the full-fat version and incude low-fat suggestions in the description. no matter which version you decide on, i'm sure you'll love it!! great for a romantic dinner or to impress guests. one more thing: if you go for the full-fat version you'll only need tiny portions because it's very heavy.",4
a really simple recipe!,4
"this is unusual and delicious. made it for a special moroccan dinner for my gourmet group.  the colors, the textures and the spices in the dressing make this a unique side dish. i served it with lamb tagine and couscous.",3
"everybody has at least one tuna noodle recipe.  for me tuna noodle is something i do when i want a quick all in one meal.  i needed a quick meal one night but the only pasta i had in the house was orzo.  so, this dish was born.  i tried to reduce the fat as much as possible and to pack in a bunch of veggies without them being overly noticed by the picky eaters.",1
i have fallen in love with this recipe. i can't have it enough. great dish to serve to guests!,4
this is a real simple recipe to make doughnuts. it's an italian doughnut that is a little bigger than a doughnut hole but is thick like a cake doughnut. awesome tasting.,2
these are very tasty burgers.the original recipe came from the kraft website and called for just italian shake n bake and bbq sauce and the cheese.i made it like that the first time and they were pretty good.i made them again with the addition of onion and garlic and they were out of this world.oh i also added an egg because the orignal recipe was a little dry.,3
"yes, silly name!  i ate at a little italian restaurant in the bellagio hotel on one of my many trips to vegas.  it was love at first bite!  i begged and begged the waiter to get me the recipe.  he even brought the chef out.  the chef wrote down the ingredients on a napkin but would not give me amounts nor preparation instructions.  i tweaked and tweaked and this is what i came up with.  funny thing is...i went back to that little restaurant after i came up with this version - ordered theirs again - and mine blew it out of the water!  hope you enjoy as well.  it's delicious!",3
this apple salsa is easy and very refreshing.,3
"this is a fantastic yet unbelievably simple way to serve potatoes, with the onions lending their signature flavour. these potatoes go with anything... period. :)",6
a different way to cook tofu with an exotic taste.  this is a my variation of a recipe i found on allrecipes.com  serve with rice.,1
this cake is so good with a cup of freshly brewed coffee. it tastes like a yeast cake.,2
"this tasty(if unhealthy)recipe is one i've used during stampede breakfasts for years. these are real ""stick to the ribs"" western flap-jacks that will wreck any diet in seconds.
i've always had a large electric or very large gas griddle to use, but one that will cook 4 at a time will do as well.

can be eaten with your hands, but not with syrup!!",6
"this is my adopted recipe feb 2005. i made this and did a few changes, i changed the 1/4 tsp cinnamon to 1 tsp and added 1 tsp vanilla. i like lots of nuts, i used 1 cup.",4
nice warm and easy fennel soup,6
"delicious mild olive flavor, fits into italian or american cooking, and also asian, with just the simple addition, of a little soy sauce and sesame oil, onto each serving",3
"this is adapted from a recipe by martin yan, using ingredients i had on hand. this is great as part of an asian themed meal.",4
this came from a little booklet called ,0
easy and very low fat.,0
"not only do the apricots add a beautiful color to this salad, but they contain nutrients to help hearts and eyes.  to our diets they add vitamin a (a powerful antioxidant) and c, potassium, beta-carotene and that much needed dietary fiber.",7
i found this recipe in the november issue of 'everyday food'.  my dh gave it 2-thumbs-up after the first bite.  i chose not to make the coucous so i added the scallion greens to the recipe (see 'optional' note).  this is the original recipe which serves one but i doubled the ingredients (and used 3 chicken breasts) and it was delicious.,4
side dish or a nice light lunch.,6
"sweating onions is done to accomplish for several purposes. sweating gently cooks the onion to soften its texture, increase its sweetness and to reduce the sulfur content, which gives it a milder taste. sweating onions for dishes, such as risottos, rice pilafs and braised meats is where the flavor begins. the sweat onions give a natural sweetness to dishes. see the instructions below for sweating onions.",3
"chicken, fruit, veggies - good for you and delicious!",1
"all summer i made pesto with recipes from various sources, freezing them in 1/2 cup portions. when guests come by i cut up a baguette and set out a few. this one goes first, never a bit left. from provencal light by martha rose shulman.",4
i received this recipe in an email from the dairy farmers of canada.,4
these are wonderful little cakes to top off a good salad.  they also work well as a side to grilled veggies.  super easy to make!,7
"this is the best! it is courtesy of bobby flay from the food network. this is unbelieveable! careful though, it has some heat to it. just enough if you ask me. this is posted as it was written, but i didn't use as many eggs. this is for 4 servings.",2
"real quick and easy to make!  i got this recipe from an acquaintance at a boardgame night.  the original recipe called for walnuts, but i think pecans are a more complementary flavor.  these cranberry bars are delicious, with a delightful balance of sweet and tart.  don't count on leftovers - these moist squares get gobbled right up!",2
"version 2. from my files. i would do a hot water bath, not parafin to seal..  ""the most common use of elderberries is for jelly-making. their juice produces a clear, ruby-red jewel-like delicacy with a sparkling flavor to match.""",5
this combines 2 of my favourite foods salmon and sweet potato and being diabetic friendly is a big bonus.  from bh&g australian diabetic living.  they suggest serving it with a garden salad or you could stuff into pita bread with salad or put them in a wrap with salad or on bread or roll of choice.,5
"this is a vegetarian recipe i've come up with, simply because i usually don't have the salt pork or hamhock traditionally included on hand. it's still got plenty of flavor!",1
"from pommaire, a chilean restaurant in new york. this is made for grilled beef, but could also be used with chicken.  you can also make a bruschetta by spooning it over grilled bread slices. cook time is standing time for the onions.",1
i make this for picnics.  you don't have to like cauliflower to like it.  it's a great alternative to the same old potato salad.  the dressing is delicious!,7
"from www.topsecretrecipes.com i found this on the top secrets recipe site. i was desperately searching for a well flavored ""oriental"" dressing to make a chinese chicken salad with. i found it! you can use light or nonfat mayonnaise with no problems.",7
"""the valley"" below our town used to house a mushroom farm for many years. we would all assemble on a early saturday morning and go quietly and cultivate these mushrooms. mushrooms are sweet aren't they? i don't mean sweet as in sugary, i mean sweet as in adorable. no matter the mushroom, the size, the build, the color, they are plain cute. which brings up the reason for the thoughtful little name of this homey soup. ""muffy"" is the name we called mushrooms when we picked them. the little button ""muffy"" is a succulent, just swell sorta mushroom. people just don't want to admit it, do they? during the cooling fall when leaves curl and fall, is the best time to pick these little delicacies....as well as using them in this homemade; but easy velvet soup. i do often have dried porcini's in the cupboard, sitting there silently waiting just to be used. i add thinly sliced chicken breast towards the end of cooking time if i am so inclined. sometimes, i would rather just curl up next to dennis on our couch, throw a big piece of wood in the woodstove and watch the fall progress with a sip of soup and ""muffy the mushroom"".",6
"mmmmm! delicious honey bunnies, great for breakfast and snacks. these are lovely little bunnies! from, ""kids' cooking,"" by liz franklin.",2
"a nice summertime full-meal salad.  serves 2 for a main course, or 4 small sides.",7
"a barley salad that can be served cool or warm, however you prefer.  prep time includes time to cook the barley.",7
a really great alternative to the normal pasta or potato salad. this is enough to eat all by itself or as a side dish for bbq.this recipe is easy to play around with so make it to your own taste,7
a roasted version of the cold spanish soup. time does not include chill time.,6
beef fillet in coconut. no time allowed for the beef marinating.,1
"recipe courtesy of treva chadwell and cooking channel. adding beer to this chorizo-and-cheese concoction - the mexican version of fondue with a savory edge - gives it tangy, hoppy flavor that makes it even more perfect for pairing with a good brew. you're in charge of how spicy this warm, cheesy dip will be: leave all, some or none of the seeds in your jalapeno for your choice of hot, medium or mild. original recipe: http://www.cookingchanneltv.com/recipes/beery-chorizo-queso-fundido.html",3
i had this salad in a french bistro recently and i absolutely loved it. i love anything with arugula in it!,7
"i came across this and wowsa, what a great idea!  i  no longer have to search for bacon bits that do not contain natrural flavoring! so easy to make at home.you can add the maple extract or not, it's good both ways.  i used an idea from a reviewer to tweek the recipe just a little. thank you joni marie newman. update: i have added more flavor  by using soy sauce and molasses.",3
from australian bh&g diabetic living.,0
"in the emilia-romagna region of northern italy this dresses an antipasto salad of tart greens, fresh herbs and a pine nuts, all topped with long furls of parmigiano-reggiano cheese and prosciutto di parma. you could use it this way, or over steamed little new potatoes, tossed with arugula, fresh basil, and red onion. if meat is desired, add thin slices of rare roast lamb and you've a wonderful supper. the dressing is excellent over sauteed scallops or shrimps. or just spoon it over a mixed salad of curly endive and other assertive greens like the organic salad mixes so popular now. it will overwhelm very delicate ones. remember if dressing is too acid, simply simmer a little longer. brands of balsamic to look for are cavalli, giusti, mama balducci, noe, or even fini. cook time is an estimate.",7
this is absoloutly delicious! i found this recipe from whole foods market.,4
"good on chicken or pork.  not recommend for fish or seafood, as the long marinating time will ""cook"" the fish and make it tough. because of the sugar and honey in this, it will burn easily if not watched on the grill (thanks for that info, diner :) ).  if you can't find rice wine, use sherry, but not rice vinegar.",1
"i want to try this. it looks like an umami explosion. pass the parm.
this recipe makes enough sauce to coat 2 pounds of pasta. leftover sauce may be refrigerated for up to three days or frozen for up to one month. eight teaspoons of gelatin is equivalent to one (1-ounce) box of gelatin. if you can’t find ground veal, use an additional ¾ pound of ground beef.

source: america's test kitchen season 13: ultimate italian",3
"try this savory twist on shirred eggs with crisply toasted english muffins or toast.  from the western chapter of the united states regional cookbook, culinary arts institute of chicago, 1947.",2
"i have been going through all of my toh magazines pulling out the recipes i had marked to try.  this recipe is so versatile and can be made ahead and frozen, then just take out of bake.  can replace swiss cheese with another cheese (i like cheddar also) and could use bacon or sausage for the the ham.  in first step, melt butter, could add in minced onion/shallot/garlic or red/green bell pepper to soften and then continue with recipe.  also could use light for reduced fat butter and cheeses, egg substitute and skim milk to reduce the calories.  have fun with the recipe and make it fit your family preferences!!!
update 7/31/11 - i made these this morning as written except subbing cheddar cheese for the swiss and i added some sliced green onion.  what a great breakfast or brunch recipe, as they can be made ahead, frozen and then baked on the day you want to serve it.",6
"this is a wonderful-tasting recipe for stuffed chicken breast, careful not to over cook as they will become dry.",1
"from the disaronno website,this one takes a different twist on the traditional espresso martini!
http://www.disaronno.com/home.aspx",5
delicious after dinner with coffee.,6
"modern food fashion leans toward fresh, clean tastes which do not obscure the main ingredients. with this in mind i created this dressing. i especially did not want to add mayonnaise. an avo dressing can never be thin, but this one is ""thinner"" than most. it has a very clean and pure avo taste. it's excellent with salads, marvellous with fresh fried fish fillets, as well as with many other simple foods such as potato or fish cakes. do not use those watery avo's: go for a large, perfectly-ripe creamy avo. we have plenty to choose from at the moment, so remember this recipe when your avo season rolls round!",7
"this recipe is from the cookbook ""how it all vegan"".",4
"this is a recipe from mme. jehane benoit, a classic canadian cookbook author, who says ",4
"a friend shared this recipe with me, i don't know the origin of it, but its a good one.",4
from my friend joellen,0
"stewed eggplant doesn't sound exciting to you? think that eggplant is only for vegetarians? or just plain have no idea what to do with eggplant other than eggplant pamesean? well, this delightful and simple japanese eggplant dish will change your mind--and your palate-about eggplant. no one i have ever served this to has ever said anything but, ""delicious"" or ""amazing"" or ""how on earth did you make this? i love it!""

asian eggplants are more tender and delicately falvored than the standard variety--but you can use either kind with excellent results. 

katsuo-bushi--dried bonito flakes--are a common condiment in japanese cooking. they come in packages of five packets. next time you are at an asian grocers, pick up a package. you can use katsuo-bushi in miso soup, and, together with grater gingerroot and soy sauce, as a lovely topping for cold tofu (this is way yummier than it sounds).",3
"follow the basic recipe then skip down to the various seasoning options to mix-n-match what goes with your salad, soup or meal.  life never has to be boring again!",7
"i received this yummy jam in a newsletter from the ball canning website.
project supplies you will need: strainer, ladle, funnel and 5 plastic (8 oz) freezer jars",5
from : http://www.girlgonecountry.com/recipes-2/best-paleo-pancakes/,2
toh strikes again!!!,0
"one of my favorite things in the summer.  it's like a meal and dessert in one.  the combination of jalapeno peppers and fruit isn't for everyone, but if you're the adventurous type, then this might just be the recipe for you.",3
my variation on a recipe in the holly clegg trim and terrific cookbook.  feel free to substitute vegetables.,4
"this recipe has been submitted for play in zwt8 - india. this recipe was found on indian food forever.

i love cardamom cookies and this recipe sounds pretty wonderful to me.

i hope that you will also enjoy this treat.

i'm sorry i have no idea how many cookies this recipe will make.",2
"this is a little different to the other orange butter recipes here as it uses less butter and also uses custard powder to help thicken, it's not really thick like a butter but more like a spread. it's really economical & quick to make not to mention tastes great.",2
these sound good. the recipe is from family circle.,4
quick and easy!snowpeas fresh picked yum!,5
"a classic middle eastern dessert. this is a cold, creamed rice pudding, flavoured with spices and garnished with nuts. serve it chilled in glasses with the addition of some honey a few spoonfuls of whipped cream.",5
"when the jar's empty and you need prepared mustard for a recipe, here's an emergency blend. savor this in recipes such as honey mustard chicken wings or mustard pretzel dip. i found this recipe in taste of home magazine. i have not tried this recipe, but i'm posting it in safe keeping.",3
"bulgur is one of those ancient grains that is coming back into style because it is healthful and versatile. this particular salad is made with cracked wheat which cooks up fast and gives the salad a nutty flavor and chewy component. i make this with a homemade red wine vinaigrette made with extra-virgin olive oil, red wine vinegar, a little mustard (whole grain), salt and pepper.",7
this is a delicious recipe from the december 2008 edition of ladies' home journal. these are simple and look as great as they taste. serve on a white platter with a red and white ribbon across the middle for a beauiful presentation.,4
"great for any gathering, party, friends, munchie attack,etc. feel free to double this recipe.",4
the smoky taste of the bacon adds just the right counterpoint to the other ingredients.,3
a nice twist of a chocolate chip cookie with macadamia nuts and shredded coconut.  found in a toll house cookie booklet published in 1990 (one i've been using for years and finally adding to this site.),2
this is a recipe from ricardo.  it looks so simple that i decided to write it here for my zaar friends :)  it's a recipe inspired from louisiana.,4
"light & tasty 
one serving: (1 cup stir-fry mixture, calculated without spaghetti) calories: 140",3
another oldie but goodie.,0
"this recipe has oatmeal, rice krispies and coconut. very crispy and yummy. i clipped it from a southern living magazine years ago. it's requested time and again at my house.  the key to this recipe is definitely the rice krispies.  kellogs (a michigan based co) introduced these in 1904.  this recipe represents the midwestern u.s.",2
vegitarian from recipefeed.com,4
"first, you gotta try and pronounce the name of this dish!!! :-) bitter gourd is a type of asian squash (read http://www.foodsubs.com/squashasian.html), and is not my favourite, because, well, it's downright bitter! but there are a few people who love this potent veggie, my dad included! known to have medicinal properties excellent for people with diabetes, there certainly are ways to make this palatable, and my mom knows just how. this is her very own recipe that my dad has wolfed down several times. this recipe has been posted by request for charishma... hope you like it!",5
this extremely simple sauce recipe was found on recipes.wuzzle.org & is posted here to bulk up my asian cookbook for the zwt6.,4
"one of the best recipes for peanut sauce i have tried! this goes great with grilled meats, especially on grilled chicken skewers, on noodles, even used as a salad dressing for spinach salad!. you won't be able to keep your spoon out of the jar, it is that good lol! this peanut sauce is of a thinner consistency, if you want a thicker sauce, then add in more peanut butter and reduce the water just slightly. this can be made up to 3 days in advance. kikkoman thai-style chili sauce can be found in any asian section of major grocery stores, i purchase mine at safeway stores in the asian section, but you can use any brand of thai chili sauce for this. you can use about 1/2 - 1 teaspoon (or to taste) red pepper flakes in place of the chili sauce. this recipe may be cut in half to make 2 cups.",1
i was inspired from a recipe i found  from one of the grocery stores in our neighborhood.  i changed  a few things to fit our taste.  it made for the best dinner we have had in a long time.  if you like garlic and shrimp you will enjoy this recipe.  serve with steam veggies and garlic toast or your favorite side dish and bread.  i used recipe#278799  with our dinner.,3
simplified version of a homemakers magazine recipe- the original was garnished with lily bulbs and asparagus!,4
"yes, another taco casserole. this one is really quick and easy, and the kids seem to like it too.",6
"found this recipe written in my mother's old steno pad. she copied this down in the late 50's while visiting family on the farm in kansas. i can't remember her making it, but i wish she had because it sure tastes great. throw in a handful of sweetened-dried cranberries for color and texture.",4
"i found this in the paper a while back, and i absolutely love the taste.(although i'm not ",5
"cooking light, january 2001",0
"these are perfect to bake immediately, refrigerate for one to two days or freeze for up to a month. do a few at a time when you can't resist. yuuuum!
recipe from ponder cove bed and breakfast.",2
"simple, easy, yummy. i like the add grilled shrimp or chicken to this.",1
"from the book, anita stewarts canada - the food/ the recipes/  the stories
this is a puffy spice cookie "" best spread with butter when hot - great with tea when cold"".  it is credited to norma macleod  from cape breton.",0
a quick and easy soup to throw together -- great for cold (yet hurried) nights!,6
found this recipe in a magazine.  it is worth the effort!,4
taken from kraft food & family,0
"vinaigre piquant or pikliz (picklese) or spicy vinegar of haiti from caribseek.com & ""a taste of haiti"" by mirta yurnet-thomas and this way i could give you accurate amounts and correct ""cooking"" times. this is extremely hot that is the least i can say!  ""pikliz"" or pickled scotch bonnet peppers is used to give flavor to many dishes. it is also placed on the table at mealtime so that you can sprinkle as much as you want over your food. in many dishes only the pickled vinegar of the ""pikliz"" is used, whereas in other dishes the carrots, cabbage and onions are used. haitians only use fresh scotch bonnet peppers - they don't use the peppers from the ""pikliz."" i did not add the marinating time that is 24 to 48 hours. used with soupe joumou(haitian pumpkin soup) as a seasoning and/or a condiment.update: 08/11/2010 i just posted a (recipe #) in which the haitians use his seasoning quite a bit.:)",3
"love the nut and cranberry combination in this dish as well as the two kinds of rices.  found it on a bottle of lemon juice from the grocery store, but that doesn't mean you can't use fresh lemon juice instead.  nice side for thanksgiving.  cooking time includes a little prep time.  if you only have fresh pecans, they can be toasted in a 400 degree oven for 10 minutes (while rice is cooking).  wild rice and rice pilafs are classic canadian fare, so i have posted this for zaar world tour 2005 (canadian).",6
"this makes two pretty little cakes that you can share with someone you love. fresh raspberries, raspberry preserves, lemon curd, cream cheese frosting spiffy up prepared shortcakes. this one looks so elegant. from pam anderson and bh&g.",2
"this versatile cocktail sauce has some ""zip"" to it from the horseradish and hot sauce, but these can be adjusted to suit your taste.",3
"from cooking light magazine.  yummy and relatively guiltless.  makes big, fluffy muffins with a slightly crispy top. 3 ww points per muffin for those who keep track.",2
"i got this recipe years ago from a neighbor.  (thanks john)  it is a simple, no cook recipe.  you will want to make it a few days to a week in advance.  the longer it sits the sharper the flavor.  people swear it has horseradish in it.  i like to make this to serve with cheese & cracker plates.  it's so good on a hot dog that was just roasted on a campfire.  have some of this mustard in baby food jars or empty grey poupon jars so you can send home with your friends after they try it.  the recipe doubles and triples easily.   hope you enjoy  !!",4
i made this up one day because i was wanting something different then the same old pan-fried pork chops (that is how my husband asked me to cook them that day). so made this up real fast and boy did he love them. now he asks for them every time. i do this with boneless and bone-in pork chops. so it doesn't matter what kind you have on hand just cook them up and enjoy. my husband loves these.,6
"this is a recipe my sis and me came up with as a quick and healthy dip for a busy weeknight.
it is creamy and has a lovely fresh taste from the bell pepper, while the roasted sunflower seeds add a great depth of flavour.
i hope you enjoy!",4
"nice way to serve cauliflower, adds taste and colour to any plate. (substitute sharp cheddar if you wish)",3
"i love fruit on my cereal, but i don't indulge in it often enough, so here i created a recipe to pour over cereal that contained both the milk and the berries, but is just great from a glass, as well.  strawberry milk is a second fave to chocolate milk, but the ingredients in this berry milk are more common in my kitchen than strawberry syrup, so i compromised w/frozen mixed berries and unsweetened soy milk.  it's a different texture than what you'd get using strawberry syrup, and healthier, too.  i also have ibs, which means i'm not supposed to eat dairy.  this is great on shredded wheat, i just made this this morning and am eating it now. :)  this is supposed to be thicker than milk (due to the frozen fruit), but thinner than a smoothie, but you can certainly make this into a smoothie w/the addition of some soy yogurt, flavored or plain.",5
"on a recent trip to austria, we enjoyed several soup containing these unique noodles.  yield is estimated in pancakes, but these will be sliced into noodle strips.",3
something different that may light your fire. you could use almost any of your favorite pizza ingredients.,3
this recipe was made up on a use what you have moment. i wanted to make a pineapple cake but found i was out of pineapple so i got out the peaches and made it up as i went. kids liked it better than the pineapple cake. very moist and smells so good while its baking.,2
"a recipe from my sister and her husband. extremely simple but good. not just for breakfast either, good as a side dish for dinner.",4
this is an adopted recipe that i am honored to have.,4
"""red"" refers to a chinese style of cooking where the food is cooked with soy sauce (the chops will turn red).  meat must marinate 2-4 hours.  the original recipe called for 2 tbsp minced onion in the marinade as well, but i leave them out as i don't like onions.",1
ketjap manis is a sweet soy sauce - there are several recipes for it here on zaar or you may purchase it ready made. it adds another dimension to the spinach.  hope you enjoy it as much as we did,3
i'm really putting this on zaar so i can find it again. i've not tried it yet but it sure looks like it would be good. i'm concerned that 50 mins in an oven with no moisture will produce a very dry and hard chop. my own feeling is that it will take a shorter time or a bit of moisture and a lidded dish to bring this to it's potential.,6
a brazilian lime and gin cocktail by bobby flay.,5
"flourless chocolate-walnut cookies
adapted from françois payard’s chocolate epiphany",2
an easy tuna casserole cooked on the stove top and made with items most likely in your pantry. this is a dh creation that he absolutely loves and i have learned to like. it was originally made w/o peas but i find it more enjoyable with the peas.,6
"a nice hearty italian stew, perfect for a cold night. serve with a green salad and crusty bread for a meal, or serve small helpings as a starter. when using dried rosemary i always give it a beating with the mortar and pestle so the pieces are smaller and not so twig-like when eating.  if you don't feel like roasting your own red and yellow peppers, feel free to substitute 2 6-oz. jars of roasted red peppers.  you'll be missing the yellow, but it will be tasty.",3
"flat bread made without yeast in a frying pan.  this can be prepared ahead and frozen and kept for 2 months.  reheat in warm oven.
june/07-i just made this for my family, it was  heavier and more dense than what we are used to from naan in restaurants.  i liked it, dh thought it was ok and so did my older son but my youngest, picky-picky, really didn't like it.",2
"i made this for our sedder last night, and it was a huge hit! kids and adults enjoyed it equally, i hope you do too.",5
these muffins have a moist delicate texture with a lovely banana taste! this is one of my favorite banana recipes because its tasty and reduced sugar and fat. ww points = 3 according to online calculator,2
"macaroni en salsa de tomate con chorizo..found on ""about.com"" and submitted for zwt 5.
recipe note: spanish chorizo is very different than mexican or caribbean chorizo. spanish chorizo is a firm, dry sausage where most mexican chorizo is fresh and soft, not cured sausage. it also has different spices than spanish chorizo, so it is not a good substitute for this recipe. if you need a substitute, use portuguese linguica sausage, which is very similar to spanish chorizo and should be easy to find in your local supermarket.",3
"my favorite way to make carrots now; i got the recipe from my mom, who made them at christmas last year. they have a delicious flavor and aren't overly sweet. if you can't find the petite carrots, use regular carrots cut into matchsticks or baby carrots cut lengthwise into halves or quarters.",2
"i got this recipe from the magazine ""family circle"" all i did was make the appropriate adjustments.  this is a must try.  really, it's fantastic.",4
"harissa is hot pepper sauce from north africa. it works well as a baste, dip or marinade. if you cannot get asafoetida powder use garlic instead.",3
"mcdonald's fish filet sandwich is very easy to make,you might want to make a little more sauce to go on the fish filet. this recipe is from todd wilbur's book more top secret recipes.www.topsecretrecipes.com",1
"a delectable soup with the flavors of the southwest. the roasted red pepper may seems daunting but it is a very simple and easy task and smells and tastes wonderful. all the flavors come together with the red pepper and the corn, and although this soup serves 8-10, you may find yourself serving less people when you are wanting more for yourself...",7
"there are already numerous sesame noodles posted here on this site, but this one seems to differ slightly from them all. we found the more we ate from this dish, the more we liked it. to be served at room temperature, or chilled. time to cook (and bring to room temperature) the noodles is not included.",1
"this is my mother's famous corn recipe. i'm not sure where she got it but everyone loves it. i get requests each holiday season to make it. 

you can use canned corn or fresh, but mom says you have to use green giant shoepeg if using canned. no other corn matches that one.

note:  cook no higher than medium heat as this has a tendency to stick and burn. stir often to reduce sticking.",4
"recipe courtesy of gourmet magazine, august 2007.",4
"warm from the oven, or at  room temperature, who doesn't like muffins. :)   why not surprise a neighbour or a friend with a batch of these moist fruit and nut delights.  include the recipe and let them keep the muffin tin as a wonderful gift.  created for the 2010 category craze-e contest.",2
this is a martha stewart recipe i've had for ages. this a real crowd pleaser and is so simple to put together. hope you enjoy it too.,4
"try this with cooked fresh corn removed from the husk, the complete recipe may be doubled :)",4
this burrito makes a satisfying and comforting breakfast. i often make extra mashed potatoes just to have this burrito the next morning.,6
"i was quite surprised how wonderful these turned out!  obviously, i would never try to fool anyone that these were actual meat, but i think this is a wonderful meatless substitution to the old italian favorite.  these ""meat"" balls are great served over spaghetti in your favorite tomato sauce.  and taste even better leftover the next day.",3
"popular drink among our sailing buddies in the sea of cortez.  the drink's name has evolved somewhat in both cuba and the united states, where some choose to refer to it as a mentirita (a little lie), in an opinionated reference to cuban politics.",0
"a delicious side dish for a bbq, or anytime you want a crisp and refreshing vegetable salad.",7
my husband diets and he loved it!,7
"normally i hate carob, but i love these cookies.  plus i can share with my dogs since they're chocolate free!",2
"i would eat this recipe alone just for the topping.   i usually save time by buying a brownie mix and baking it according to package directions.  then i add the good ""stuff"".  there are enough regular brownie recipes on this site that i will not include the one that came with this recipe.  i hear that this recipe is good for any time of the day, including breakfast : )",2
from woman's day magazine.,0
found online in search for new lunch ideas.,6
i first had this at my friend elaine's house. it's become a big favorite with my family. it's got a great lemon taste.,5
great snack or salad topping,7
made with king's hawaiian bread and topped with macadamia nuts! i found this one a long time at alohaworld.com. i make it as often as i can find king's bread but then started using the sweet bread recipe i have.,2
"this is one of my go to recipes when i want to make something inexpensive & delicious for lunch.  very filling, very delicious!",4
this is not my recipe. i found this in my recipe manager on my computer. i think it came with the program but it sounds good.,4
"went to a garage sale and this lady has a great collection of cooking books. so i purchased one called cooking from the cupboard. meals in minutes from your cupboard. couldn't beat the price .50 for a hardback cook book with over 200+ recipes. 
     this recipe is making corn bread from scratch,,,,no jiffy mix here!",4
paula deen,0
"a wonderful chutney with an array of flavors that is perfect served warm over pork chops, chicken, or just as a condiment. this recipe is part of recipe #282937, bird's rsc #11 entry.",1
"i saw this on tipical mary ellen and had to post it! this is for 2 ears of corn, just double or triple amount to how much corn your use!",0
"my husband and i love fresh salsa, so we decided to try making our own. we just started by adding ingredients, till it tasted the way we wanted. since then, we have been growing a salsa garden in the backyard, so we can enjoy our homemade salsa all summer long!!",3
"this recipe is adapted from a weight watchers recipe in the take out tonight cookbook.  it is a little work, but my husband and i love the guilt-free home made chinese take-out!",4
"this is from a local vegetable stand (agle's) south of buffalo ny
didnt see any like it on here. 
easy and makes a good amount",4
"this is another recipe that i got from my southern gentleman friend. he said this is how is mother and grandmother have always made it, he was from georgia, so if that's not southern then i don't know what is. he says the secret is to use the earl gray tea with the regular tea, and add the sugar while it's cooking/brewing. it really tasted like the real thing, it wasn't just plain tea with sugar added to it. he just did this real quick on the stove top. i can't quite remember how much sugar he used (i don't think he measured), just taste as you go until you achieve your desired sweetness. these amounts are approximate, so tweak it until you get it the way you like it.",5
a delicious greek style mayo.  from tastes of home.,3
"this recipe is from ""woman's world"" magazine, january 24, 2006.  this dish just looked to scrumpious for me not to share it with all of you!  i hope that you enjoy it!",4
"the name alone has you wanting some, doesn't it?  the contributors are:  boomette (france) - i suggest adding jalapeno cause i can be spicy sometimes (and hot!)
evelyn/athens - i suggest adding mango because i love the tart/sweet element it would add - and that's me basically...ask my students.  
thegrumpychef - i suggest onion, 'cause sometimes i cry for no good reason at all!
galley wench - i'll add cumin, for ""spicy""
bellinda - you either hate us or love us ('us' being me and garlic)
sue l - cilantro - because when i shower, i always come out fresh and even have a hint of soapiness
slatts - i would like to add a red bell pepper to our salsa because the color reminds me of love and caring.
virginia cherry blossom - i am most like lime juice because i have a sweet smell (nice) but i have a tarty taste (honest) - i bring out the best in people and salsa
breezermom - tomato, because i make everything more colorful and bright!
queen dana - i'm like olive oil because i'm silky and full of good fat.",3
"simple and delicious comfort food. this came from a kraft cookbook, best ever holiday recipe collection. beautiful cookbook and full of great recipes, lots of popular name brand recipes. this appears to be a recipe full of possibilities, as far as options go. soy milk instead of regular milk, brown rice instead of white, splenda instead of sugar, are some of the changes i am considering. i think adding some raisins would be good, too. i think this tastes best, chilled. my son is not a vegetable eater. this is one way to get a vegetable into him, along with some vitamin a.",6
"a cousin to the virgin mary, this has red bell peppers. add a pinch of cayenne for a kick. awesome with sunday brunch! get healthy! adapted from the balanced plate by renee loux. enjoy!
the debate rages on about the bloody mary's origin. many credit a bartender at harry's new york bar -- which ironically was in paris -- with the drink's creation in the 1920s. however, bars from new york to chicago to west palm beach lay some sort of claim. most say the drink was named after queen mary i, who was called ""bloody mary"" in the 1500s due to her penchant for burning protestants at the stake; others claim it was named after a girl named mary who tried the drink and spilled some on her dress. perhaps nobody wanted to settle the debate because it could have been -- you knew this was coming -- bloody.

update: after reading a review, i have made a few additions to the recipe.",0
i got this recipe from a recipe card i found in the mail one day. it was a huge hit with the family. even my picky 2 year old cleaned his plate!,4
from australian diabetic living a complete meal.  times are estimated but do not inlude marinading time (2-4 hours).  the recipe called for baby beetroot and charge leaves mix but a salad mix of leaves can be used.  you could also replace the chicken with a firm white fish.,1
succulent pork done in under an hour.,6
this one sure is different but just might grab ya. my husband and i thought they were quite yummy.,5
"keep this in your freezer, and you can have fresh hot biscuits in minutes.",2
"lots of peachy flavor in this easy no-bake icebox pie! best made with fresh peaches but other fresh, frozen or canned fruit is good too. pie may be refrigerated for at least three hours and then served--but it's firmer and easier to slice if made ahead and frozen, then defrosted for 10 to 15 minutes prior to slicing.",2
"my boyfriend and i came up with this when we had a lot of spaghetti fixings leftover, it's one of my favorite dishes now!!",3
"this is a recipe i've perfected over the years. i've had people beg me to make them, so i'm posting the recipe so everyone who wants them can have them any time they want. :-)",4
"one egg cooked in toast is a classic american breakfast recipe that's also known as egg in a basket and knothole egg. this puts all breakfast items together and makes for a very filling meal for young and old alike. midwest living magazine, april 2008 edition.",2
"these pumpkin bars are a great alternative to pie, when serving a large group.",2
"i have had this at festivals and sold on the streets, it is so good!",5
"this is a recipe i developed trying to come up with something to put on my kids plain turkey or chicken sandwiches as they don't like mayo, miracle whip, etc.  this is kind of a sweet and sour with an optional spicy taste if you like.  i will find out if they like it tomorrow.",3
i got this out of my (wedding gift) 1973 betty crocker cookbook. i have been making it for years. my mother in law is german and she can't believe i didn't get this out of a german cookbook. i have to make it ever year at thanksgiving for my step dad (he loves it). i like to prepare this the day before and reheat it. the flavors blend together so much better. hope you enjoy!,4
"an adaptation of the famous middle eastern favorite called ""hummus bi tahini"". this is a more convenient and quick, yet equally tasty, garlicky, pureed vegetarian dip served as an hors d'oeuvres eaten with pocket bread or diced tomatoes. this american adaptation seems to work well by making it with a food processor and substituting peanut butter for the traditional sesame seed paste. the flavor comes out a little bit different but it is still equally tasty and for the average shopper, easier and  cheaper to make.",1
"made from all natural fruits and nuts,these bars are great for snacks lunches,breakfast on the go folks and a treat to go along with a cup of tea.it a simple recipe and one can change some of the ingredients to suit one self.",5
this is from one of the cooking classes i took..it is so good and it is great served with there garlic mashed potatoes !!! you can also serve this over pasta which is also great.,3
this is a great summertime dessert light and refreshing. perfect to bring to a bbq or picnic.,5
from southern living.,0
"this came from cooking for 2 magazine, one of my first oamc recipes!!  this makes two pies.  it's also meat-free, if you're a vegan that eats eggs and milk, this will work for you too.  all the stuff i like so i can't wait to try it, since i'm just getting started with oamc.",2
"entered for safe-keeping.  from first, 1/26/09.  recommended sides: recipe #350941 #350941, recipe #350568 #350568, and recipe #350574 #350574.",4
"when my dad was in control of lunch boxes, there was always a little something different and so good in there.  this was our favourite one, he said he got it out of a book somewhere.",0
oh how i love this comfort food.  this has been a staple piece in my diet since i was a little girl- it makes me happy.... best on a cold winter night!,6
gift jar directions at bottom of the recipe - add onto a recipe card and attach to the gift! or skip the gift making and indulge yourself with this treat!! note: this recipe is to be prepared one quart size wide mouth canning jar and will yield 3 dozen cookies.,2
this dish goes so well with my ,6
"what's not to like, what a warm and satisfying fall appy.",5
a biscuit covered with ginger flavored icing.  from a new zaeland newspaper,2
"this dish can be made two ways: 1. the easy weeknight throw together way, 2. the good for company restaurant style way. i thought this way extremely spicy, my husband thought it was perfect so, spice to taste. serve with salad and bread! i made the cream cheese a range, i prefer it with less but have added more to cut the spiciness when making it for both of us, so taste and add as desired.",3
"a traditional english recipe that i altered just a tad to decrease the sodium content. if you're not watching your salt intake, use regular bacon and butter.",3
"susannah foo's is one of the few things i've enjoyed since moving to pa, and we go there for most occasions. her fusion food is wonderful. i just had to buy her cookbook as she is rather pricey, but this is one of those really easy dishes i make at home. this serves 6 as a first course, 3 as a main course",6
i usually don't measure and i usually make this for big family gatherings. so take away from the recipe as you see fit. i get a whole lot of complements on this salad and i enjoy it myself. the bacon bits add crunch and taste.,7
"there's no cream or dairy in this version of carbonara, which is how i like it.  the bacon fat makes up for that, i think.  it's very tasty and it looks appealingly sophisticated, but the dish comes together very quickly and easily.",3
"i love iced coffee, and this is one of my favorite ways to make it.",5
found on mrbreakfast.com... haven't made it yet but can't wait to try!,0
this is a chinese dish which is very popular in malaysia.it has a sweet-sour and a little bit spicy taste to it.,5
something i want to try soon,5
"i adopted this recipe and this is the original description ""this is my copycat version, of what you can buy in german delicatessen as farmersalat.i've tried it with fresh grated carrots as well, but found this version resembled the storebought version that i like the most"".",4
"i realize that a two-ingredient recipe is almost too simple to post, but this was so darn good and such a hit at a party, that i just had to post. please do not omit the last important step - it makes this recipe a winner!",4
traditional pad thai served with a delicious peanut butter sauce poured over the noodles.  it's absolutely addictive.  the peanut butter sauce is also a nice dip for fresh spring rolls.,1
char brought these to work and they were wonderful. she had them in a slow cooker at work and the place just smelled wonderful. they are a loose meat sandwich.,6
"this is a drink that has become a family tradition. we make a pot for all winter family events. it goes well with halloween, thanksgiving, christmas, or just a winter family get together. the best thing is that it is incredibly easy so you have a hot sipping drink and more time for fun with family.",5
garlic and ginger give this real zip. use anything you have in the fridge. a great way to use up left over veggies from a party platter.,3
"very easy and delicious side dish; goes well with the ww sauteed shrimp. zero points!
*note - recipe calls for 1 medium or 1 large squash and zucchini - all depends on your preference.  i use large myself.",6
this is a garlicky pizza that includes a white sauce. if you don't want to make your own sauce you can substitute with a little pesto sauce.you can also substitute pita bread in place of the pizza crust.,3
it's a recipe i maded up on the fly for dinner one night to go with steak. it also goes really good with my easy italian chicken recipe.,4
"this is an extraordinary way of cooking cucumber, revealing an unexpected side to the vegetable. although cooked in a wok, the cucumber pieces are colored by laying them more-or-less flat against the surface of the wok, a method known in chinese as jian (pan-fry) rather than chao (stir-fry). from the revolutionary chinese cookbook.",1
they served these at my wedding reception back in 1992 and i've been eating them ever since. super simple but very tasty!,6
"well in keeping with the summer tradition of coming up with a new twist on a drink taste, our pick this year is lemonade.  now as lemonade is a favorite summer refresher for me it was easy to start the mix and match.
please feel free to do any type of switch you like for the alcohol portion or just leave it out for the kiddies.",5
"maple season is apon us! i got this from a local paper called the seaway news, march 23rd edition from the carol kloos country cooking corner",0
"even a kitchen novice can serve moist, flaky fish- without breaking the bank, or dealing with a messy clean-up!! go ahead... impress your guests!",6
a nice spring risotto dish. wonderful mix of flavours. be sure to use young asparagus. from food and drink magazine spring 1999.,6
cool and refreshing ice tea for summer. my mother makes this every summer,5
"this is my version of a local sandwich i love. i get the craving too often to eat out every time, so i adopted it and make my own at home. i say ""summer"" because the cucumber gives it a 'refreshing' taste. yummy!",6
"this is a sweetish healthy side dish, or vegan main dish. perfect for thanksgiving.
i use a packaged mix of the 3 grains but i suppose you can use what ever grains you like. i am going to try this with brown rice.",1
from the in search of the lost taste cookbook.,4
"light and cakey, but secretly healthy cookies.
hey! this line is her fiance writing, and the cookies really are good. she isn't lying or anything.",2
a wonderful and simple meal! serve with a salad and some warm bread.,6
"diabetic friendly
serve with parmesan, if you like.",5
"if you like eggplant and indian cuisine, you should like this.",6
"from a newspaper that got it from ""the modern seafood cook"" by edward brown and arthur boehm (1995).",0
this is a combination of two recipes that i have used.  i have been obsessed with my pressure cooker lately and thought this would bring tenderness and juiciness to grilled bbq chicken.  it turned out awesome!,1
"i don't know where this recipe originates, but it was printed in the local newspaper.  it's easy to make and tastes divine!",4
"this recipe delivers amazing results with virtually no effort.  it's from nigella lawson's cookbook ""forever summer"".  za'atar is an addictive middle eastern spice blend that you can buy or prepare yourself.  chicken requires at least 2 hours of marinating time.  serve with pita crisps and salad.",1
"a healthy-ish desert, perfect for winter. not tried yet.",5
"this is an ""out of this world"" old fashioned recipe that my gram always made when i was growing up, and she always brought it out when company came, and that was often!

it is one of my 3 favorite fudge recipes, and it is delicious!!! i am posting the other 2 also.  this fudge is different than most fudges, not the soft creamy kind... has a different texture and taste...  all i know, is it's one that will have you back in the dish searching for more, till it's gone :)",4
"from good food magazine, march 1986.  round out this meal with some soup or a leafy green salad.",7
"this makes a fairly dense, rustic (ugly, even) loaf of bread that is tasty and not sweet. it is crusty and rough on the outside, chewy inside. nummy hot with lots of butter! note: sometimes (depending on humidity etc) it takes a bit more than the 1 1/2 cups of buttermilk--just keep adding a little bit at a time until it all holds together as stated in the recipe.",2
these make a wonderful vegetarian meal.  you can even add some crumbled tofu to the filling for protein.  note: i have tried skipping the pre-boiling stage but i found that it was really important for bringing out the sweetness of the zucchini (which can often have a bitter tinge) and to maintain the lovely texture of this dish.,1
www.foodtv.com,1
from martha stewart.  total comfort food.,0
"i was cruising thru turkey divan recipes and didn't find one like the way i always make it. it's wonderful, i can't imagine it being as good any other way.",4
"i posting this recipe to save it.  my husband got this recipe out of maxim magazine.  we made it to the best of our ability but we had to make substitutions because we just couldn't find some of the chili powders.  we ended up just using 5 tbs. of commercial chili powders in place of the 3 tbs. of ancho chili powder, 1 tbs. pasilla chili powder, and 1 tbs. ground cumin.  it was still very good.  we also substituted ground buffalo for about 1/2 of the beef.  then we made it extra fancy pants... we topped it with the cumin crema, sliced avocado and apple smoked gruyere.",3
from recipe+.   if not freezing omit steps 3 and 4.,4
"my boyfriend loves all things mexican flavoured, i think because of all the cheese, sour cream and meat (stop drooling, steve!) here's my attempt at making a healthy vegan supper which he will enjoy. of course, cheese could also be added for non-vegans.",3
"i love salmon patties, and have figured out a great gluten free way of doing it.",1
"this recipe calls for sweet spice blend, recipe #164342, but you can use apple pie spice in it's place.  serve over waffles, ice cream, or shortcake.",2
these are a simple and vegan recipe for blueberry muffins.,2
"delicious sounding little fritters will be making soon and posting a photo, can't remember where i got it from.",0
"after trying a delicious grilled corn recipe which featured fresh, high quality chili powder and limes, i was inspired to try making a marinade based on the same for chicken.  it was refreshing and delicious - perfect for hot florida summer nights.  i served with jasmine rice.",1
"this is out of a cookbook called ""patio daddy-o"" 50' recipes with a 90's twist...making a grilled cheese sandwich with a hot iron and aluminum foil may seem odd at first. but after you taste them, you'll agree that the weight and even heat of the iron produce the toastiest, crispiest cheese sandwiches on the planet...you can use the healthy sprouted breads and fancy cheeses...but to really get the awesome flavor you need to use the old-fashioned american cheese ( the ones wrapped in plastic) nested between slices of white bread...open the foil occasionally while grilling  to make sure the sandwich doesn't overcook; when finished, the bread should be thin, almost flat, and beautifully bronzed, oozing cheese. cooking time does not include heating the iron...",6
tzatziki is a cool garlicy sauce to spice up grilled or roasted meats or to use as a dip.  it is made with wwcore ingredients.  i enjoyed tzatziki when i lived in greece many years ago.  you can add a little olive oil if you need to get in your healthy oil for the day.  you can also add a little fresh dill.,3
"if you only have plain breadcrumbs on hand, and your recipe calls for italian breadcrumbs, what's a chef to do?!? here's your solution - a recipe for turning unflavored breadcrumbs into flavorful italian breadcrumbs. this works equally well with gluten-free or regular crumbs, pre-packaged or homemade.",3
another recipe that comes from the 1995 vegetarian times complete cookbook. time spent frying these cakes depends on how many can be made at one time!,2
two really easy and quick dips with mediterranean origins.,0
"i am always looking to get more fiber into my diet, so when i came across this recipe, i knew i had found a great recipe.  i use splenda instead of regular sugar.  a perfect breakfast muffin!!",2
a very tasty twist on bread i found the orginal recipe in family circle mag. the orginal used plane tomatoes but i like mine better. best served when warm.,4
this is a recipe for beef stroganoff that isn't like your normal recipes. it is very tasty and easy to make!,4
gift jar directions at bottom of the recipe - add onto a recipe card and attach to the gift! or skip the gift making and indulge yourself with this treat!! note: this recipe is to be prepared one quart size wide mouth canning jar and will yield 16 bars.,5
"this is a good alternative to shirley temples when you want a ""cocktail"" for your wee guests.",5
"dh and i made this easy recipe for lunch from the vegetarian times and thought it was good.  dh suggested using water instead of veggie broth next time as he thought it might have detracted from the ""brightness"" of the basil and the kalamata olives that we used.  i used israeli couscous because i like it better.  the recipe states that this serves 4, but i think it is more like 2-3.",7
"this recipe was prepared by mario martel with carl murray of l'astral restaurant in the loews le concorde hotel in québec city. don't overcook the salmon. cooking it slightly rare will give it a softer, more tender texture.the salsa can be served warm or cold and used with any fish. if salmon is too expensive, simply replace it with halibut. the salmon tournedos are placed on wild rice and vegetables and served with salsa and green asparagus which can be stood up by fixing them with a small skewer.",1
"i have made this once on a very special occasion, it finishes with a ""moka creme au beurre"" and is heavenly! or you can make your own filling/icing--if you'd like to try the moka, let me know.  this is in reply to a request. originally from ""french cooking by eileen reece""",2
"a simple breakfast dish that is easy to create, inexpensive, and quick.
the taste unique. lite, and somewhat addictive to all ages.
playing around in the kitchen our family came up with this from scratch.
it is now created at most morning family get togethers.",6
this is the fusion of two recipes i had and i'm extremely proud of it! hope you enjoy!!,4
"with fall aproaching and the leaves already begining to turn gold and droping what could be better than this outstanding (and easy) dish of pork loin, apples, cinnamon and pecans! good enough for company but simple enough for everyday family.",6
"made for rsc12. can be made with sugar free or low sugar products. these jello shots can be as silly or as racy as you choose! this makes 36 jello shots that you can let each person top with the whipped cream, chocolate syrup and cherry or have them all pre-made. to keep clean up easy use disposable products and the smallest disposable cups you can find, about 1 oz or so work great. whether taking these somewhere or not i like to place all the cups in a container for easy transfer to the refrigerator and to catch any spills before the shots set. try the cardboard that comes under cases of drinks or a regular box - trim the sides if desired to make it more shallow. you could also use a casserole or roasting pan. also makes it easier to transport if necessary. cooking time does not include chilling time.",5
a great way to use your summer vegetables. the olives add an unexpected salty flavor. could be served as a main dish accompanied with some corn bread. enjoy!,7
"from celtic cookery by iris price jones.

leeks are a national emblem of wales, and are plentiful in their season.

you'll want enough pastry to line the dish as well as make a lid for it!",0
i had something similar at rain forest cafe im using brown rice instead to make vegetarian  add veggie  stock,1
"this marinade makes the meat so tender and flavorful. plan ahead; this needs to marinate overnight (which is not included in the preparation time). in the spring and summer, i like to use my outdoor grill. in the winter, i like to use my george foreman grill.",1
a simple quick bread that is scrumptious when hot from the oven. perfected when served with a dollop of raspberry preserves!,6
"this is an oops! recipe. i forgot the half of the sugar in a cake and this is what resulted. it is moist,delicious after cooling or refrigerated. will keep for a long time.(if you have to take to a pot luck, otherwise it will be gobbled up)",2
"very dense, chewy, and not too sweet filling breakfast bar, portable and easy after the first mix and bake.",2
"this is a great appetizer, or pupu as they call them in hawaii. serve a platter of this with toothpicks. decrease the amount of red pepper if you want it less spicy. this comes from pupus, an island tradition by sachi fukuda. this makes about 4-6 appetizer servings",3
"quick & easy to throw together, great for parties & get-togethers",6
"originally got the recipe from my hs foods class, but i have halved and modified it over the years. serves four as a side (although two can eat it quite easily!) doubles very well.",4
this was sent to me by a friend. i haven't tried it yet,0
another great recipe from my friend debra. the aroma of this punch will perfume your house. great for those chilly holiday get togethers.,4
nice cool appetizer from chatelaine magazine,5
"this makes a fast, simple meal a little bit special. it's easy enough for a work night, but dresses up well for a company meal.",6
"vanilla vodka, malibu rum, coco lopez and blue curacoa...ohhhhh my!  swiped from the wedding blog.",5
"i got this recipe from my mil. it is a nice dessert for a bridal or baby shower. freezing times vary, so plan ahead of time.",4
"i'm not really a big lover of tequila but in this drink i can handle it, found in a book picked up at a used book sale.",5
on the day before thanksgiving i got a frantic call from my best friend.  she needed paula deen's broccoli casserole recipe!  i looked on zaar and couldn't find it so i am posting it now.  she says it is the best broccoli casserole.  i have to take her word for it since i haven't made it.,6
"i have been using this recipe exclusively for the last 9 years. it's from the april 8, 1993 phil donahue show featuring gloria pitzer, the recipe detective. it's easy and delicious in a variety of ways. we serve it at home as well as made ahead to take camping. serve it the classic way, with cornbread or on hot dogs. or try some of our family favorites, cincinnati style (served over cooked spaghetti noodles) or taco salads (a bed of lettuce and corn chips, topped with chili and sour cream).",4
"from my state fair of texas prize winning recipes cookbook, september 1990. i'm a simple person. i only go to the state fair to tour food hall exhibits, drink warm beer & eat funnel cake.  then i'm through.  dh, on the other hand, likes to  experience life extremely from atop large whirly things.  he shamed me ( had the nerve to call me chicken!) into riding the tallest ferris wheel in north america, the 212 foot texas star. after standing in line for 3 days, we boarded the monster along with  his brother & wife.  and off we go. wheeeeee ... after 1/4 revolution (maybe less), i hit my panic quotient.  rather than making a screaming scene, i casually slipped down to the floor of the car, curled into the fetal position & perused my newly acquired cookbook; a real feat with closed eyes.  every now & again, i might have moaned softly but i'm sure they all thought i was really into some great sounding recipe; not afraid or anything.  during the 2 weeks we spent suspended at the top awaiting our turn to disembark, i was enticed by ""oh, look at that view"".  snakelike, i slithered up on the seat, saw las vegas & promptly swooned back to the floor where i rationally inserted sil's ankle into my mouth as a bite block just in case i went into convulsions. (it might have been downtown dallas that i saw but i'm pretty sure it was lv because i think i saw the sun glint off wayne newton's teeth.) i'm quite positive that no one was the slightest bit suspicious when, at ground level once again, i was pulled from the car & carried off fireman style.  bet he never calls me chicken again!  i showed him the strong stuff i'm made of!",0
"bon appetit, february 1993.",0
a recipe that comes from the magazine of ricardo.,4
choose your favorite fruit to make this a delicious and cool dessert. cooking time does not include 20 minute cooling time.,5
"the author of seriously simple, diane rossen worthington, created this awesome and seriously simple soup.",0
"i found this recipe in the ""home by design"" magazine.  it was contributed by one of their editors.  i've tried others but this is the best i've tried so far.  try it--you won't be disappointed!  serve with sliced bread, pita chips, or fresh veggies.",4
"this tangy dip was made with goat or sheep's cheese, but you can substitute more readily available soft cheeses and add a little more lemon zest to simulate the original.",3
this is a scrumptious little addition to a bowl of oats for a delicious breakfast. the grandkids will think this is special--mine do!,2
"this gives tuna a whole new taste! comes from my mothers favorite cookbook by jackie olden. the original recipe served 8-10, so i've down sized it a bit.",1
this recipe is so good and easy too. i love to have them on saturday mornings with my coffee!,4
this is a nice simple tasty vegetable side dish.  i usually make it during the holidays.,6
"i was born and raised in philadelphia, pennsylvania and this is the authentic meatball sub that you would get in south philly. see my recipe #84217 for the marinara sauce. if you have any questions, e-mail me: alanleonetti@q.com",1
this is from the july/august 2009 vegetarian times. they recommend serving with low-sodium soy sauce and chili oil. posted for safekeeping.,3
"this is a firey dish chock full of goodies. legend tells that yankee doodle went to town in a wagon pulled by his young horse. on his way, one of the wheels to the wagon hit a large rock in the road. well, the wheel went a flyin! he brought it back to the wagon and there he was, stuck on the side of the road and no way to fix his wagon. just then, the mcdaniel gang rode up, and in their traditional 'robin hood' ways, set out to fix the wheel, while johnny fixed up a down-home campfire lunch. after this delicious meal, yankee doodle was so elated by johnny's wonderful dish, he gave johnny the wagon so he could travel with his recipes and cookware in a more formidable fashion. the only gift johnny could reciprocate with was a beautiful injun feather he had found along his many trails. well, yankee doodle got up on his pony, stuck the feather in his hat and said ""thanks for the macaroni!"" for an all-out exlusive dish, spoon some of recipe #395692 over top!",6
a quick and easy way to dress up spaghetti. add red pepper flakes to the browning meat if you want some zip.,3
"not sure why these are called ""farm"" meringues, but they are yummy, coconut-ty almond-y meringues. easy to do and very yummy too! originally, the name was ""farm macaroons,"" but i decided that they were much closer to meringues. hope you enjoy them!",2
a drink for the holidays.  from celebrate new hampshire magazine.,5
my husband came up with this recipe when i wouldn't let him buy the real thing anymore. it's very tasty and if you use ground pork is exactly like the stuff you buy at the grocery.,4
these make great gifts as well as a cheaper alternate to purchased liqueurs.,5
this recipe is as easy as opening a can of commercial tomato soup! the flavour is the about the same and everyone loves it! it can be used just as soup or in casseroles calling for tomato soup.,3
a pillsbury favorite...team up beans and assorted veggies for a tasty non-meat burger.,6
"most recipes for white bean and chicken chilies are very thin and we prefer a much thicker chili. so, i kind of came up with my own recipe for this and it turned out pretty well.",1
"this dish comes together in about 30 minutes. if i have the time i usually cook the sauce for longer to allow the flavors to deepen. this goes well with a nice spicy red wine.

a friend made this for me, and it has been a staple ever since.",3
something i threw together with ingredients on hand and it was great!  no added sugars here!,5
"from toh magazine. it sounds a lot like the bisquick coffeecake i love but without using bisquick (which i don't like to bake with). cooking time includes 10 minutes cooling time. note: i find the vanilla flavor to be a bit strong and makes it a bit too sweet for my taste. i don't think i'll use it in future, but i'll leave it in as optional for those who might like their coffee cake a bit more sweet than cinnamony.",2
"taken from st. charles of borromeo eighty grade class of 2002 cookbook, recipe submitted by chris dalisay.  chocolate and popcorn...the answer to one of my prayers...and this makes up into nice item to take for fundraiser bake sales.",2
this appetizer is so... good!  very easy and equally impressive to guests at your next party or for a great evening at home.,6
"this is super easy to make and delicious.  add a piece of fruit and you have a complete, balanced breakfast (protein, carbs, and fruit)",7
"an easy quick meal, preparation time next to nothing if ingredients are available. open the tins and an instant meal prepared with hardly anytime in the kitchen",6
"quick and easy. i love the texture and flavor the chicken broth gives to this sidedish. serve with other sidedishes... chopped lettuce, tomatoes and sour cream. all will take the ""heat"" out of your mexican dinner.",1
we used to eat this sausage on our holidays in portugal. this recipe comes closest to how i remember it tasting. i do not have a smoker so the liquid smoke is a good solution. freezes well. if i can get casings i make the sausage but as patties or burgers this is great too. no standing time included.,3
"this is a great addition to any summer get-together! i got this recipe after watching martha stewart. it was a recipe from one of her  guests, clay aiken from ""american idol."" it is really a tasty dish!",4
"i have made this recipe over and over and it has been a huge success every time.  i tweaked this recipe over time to fit my own personal tastes and i hope your family will like it too.  don't be afraid of the long instructions, they take you through this quick dish step by step.",4
"this is another recipe i found at a cooking-by-country website & is further proof that the countries of cambodia, pakistan, thailand & vietnam share a common affection for the use of coconut milk across all courses of their cuisines. altho titled buddha rice at the website, its vietnamese name is com chay. cook time includes 10 min rest time & i allowed 5 min for ingredient prep. enjoy!",1
this is a simple appetizer that my kids and grandkids love.  from the pleasure of cooking. prep time includes marinating time.,6
"this is the recipe from the alpha-bakery gold medal cookbook. simple dinner that actually taste a lot better then it looks on paper. this was one of my favorites growing up and was sad to not see it on this site, so i'm changing that!",4
adopted from zaar feb 2005. all comments below are from the original chef. i will update when i have prepared this recipe myself. leah,4
this is extremely easy to make and always a big hit! it makes a great appetizer or side dish! i love artichoke hearts!,6
"i had too much left over raisin bran cereal in my cupboard, trying to go stale. i had to do something, but most bran muffin recipes are way too high in fat for my tastes. this is one i've cobbled together to suit my own tastes. great warm, with just a tiny bit of honey!",2
"a dessert recipe from the local newspaper that has been lightened. i love this recipe, as it is one of the ones that gets better as the days pass in the fridge. recipes makes 24 bars, one bar= 130 w/o frosting, 180 with.",2
this is the best zucchini bread i've ever made/eaten in my life! it stays delicious for several days too so it is a really great gift idea. you can also add in chocolate chips and/or nuts for extra goodness.,2
this is one of our favourite made ahead refrigerator dessert from long ago.,5
"from the chicago tribune, via the nyt. apparently this has been declared one of the year's best recipes.it originated in a wine bar in nyc. i have not tried it yet, but it sounds quite appealing. prep time is estimated.",4
"adapted from a recipe by omegajasmine at allrecipes.com. hamburger patties are given the chicken-fried steak treatment. nutrition information provided includes the full amount of oil, even though most of it is left behind, and is therefore unreliable.",1
"this is a yummy, unique pie if you are looking for something different. it is very tasty and rich, but not too heavy.",6
"crispy, low-fat, baked alternative to commercial tortilla or potato chips.  these may be cut into any shape you like instead of wedges.",2
i couldn't find good fresh littleneck clams so the fish monger told me about these northern chef clams. they are great! farm raised clams on the half-shell pre-cooked-quick frozen. they are all cleaned and purged to eliminate any sand. and processed over strict specifications. a tai foong usa inc product. and so very cheap! there's 24 clams in a package for $2.00. they are frozen so this can be kept in the freezer and whipped up for unexpected company! servings are 2-6 depending on if you're making an appetizer or a meal.,1
"this was in ajc 30 minute challenge:  only five ingredients and ready in 30 minutes. it said 4 servings, but next time will double for the 4 of us (i want leftovers). it was absolutely delicious.  i used turkey sausage.  plus i used 1/2 lb. turkey bacon as i only had 1/2 lb. sausage!",3
"words cannot describe how yummy this cake is. it's been a hit each time i've made it. it's easy and tasty, what more could you ask for?",2
"this could be a side dish to grilled meat, a light lunch, or a vegetarian main dish. recipe is from light and tasty’s june/july 2005 issue.",6
my daughter requested a smoothie and being autumn here we don't have a great fresh fruit choice for a good price so i raided the freezer and came up with this. it was quite thick so more suited to eating with a spoon but oh so delicious.,5
use real maple syrup for a salad that you will love! adapted from the essential eating well cookbook.,7
"the history of this dish is a little fuzzy for me. my grandfather & grandmother came from romania and i always cooked this for my grandfather. my father also enjoyed eating this, and i remember that they told me that they use to eat this in the ""old country"". we always served this with sour cream, cottage cheese and sugar, my mil whose family came from russia used to mix the cornmeal in a glass with a little water, so that there would be no lumps. i usually make it with water and a little milk, it also can be made with just water.",3
"from the magazine's august 2007 edition: ""in our quest for an intensely flavored pie, we've poured a thick, creamy bittersweet chocolate custard into an almond-scented cookie-crumb crust, then topped it all with a generous pile of whipped cream."" prep/cook time = about 50 minutes plus at least 3 hours of chilling time. nutrition facts: 601 cal, 359 cal from fat, 8.8g protein, 41g fat (22g sat fat), 55g carb (1.4g fiber), 379mg sodium, 213mg chol.",2
"im posting this so i can remember exactly what i did when i made this yesterday.there are soo many chicken salad recipes out there; this is not extraordinairy, just plain darn good. it was wonderful in wheat bread sandwiches, with baby lettuce.",7
"this is out of the sacramento bee as submitted by stacy silvey, who states it is a recipe she adapted from the south beach diet cookbook.  this tastes exactly like the cheesecake factory version.",4
"while our crew cleaned the catch from our deep-sea fishing trip, my daughter, shannon, created this impromptu stew from ingredients on-hand and cooked it in a pot, using an outdoor gas cooker. the crew ate every last bit, and we've been making it ever since. it can be made with any kind of fish; however, if a softer-flesh fish is used, it will tend to fall apart more during cooking, which some people may prefer. kielbasa sausage or seafood, such as shrimp, could be added to this tasty stew. if you prefer, make this in a crock-pot.",1
this uses dinner rolls as a crust and 4 different types of cheese.,3
"a lovely, warming, savoury dish, perfect for a winter's evening.  i originally read a version of this recipe in a british cookbook called ""the pauper's cookbook"" by jocasta innes, many years ago, and i have been making it regularly ever since - with a couple of major modifications to the method along the way, so my sincere apologies to ms innes if she reads the following recipe and notices that it bears little resemblance to her inspirational starting point!  the heartiest of eaters might like a little crusty bread on the side, but for most people, i think that a green salad would be sufficient accompaniment.  don't worry about the anchovies - they dissolve into the sauce, leaving an unidentifiable savoury backnote.",7
ï»¿every once in a while i can't find my cookbook so i search the web for this favorite.  most have errors.  some list butter which when used made the dish taste like glue.  you need the oil in the maragine!  taken from jeff's book,4
"easy for a tart, tasty, very well received.",6
"this recipe, suprisingly easy, is a great hit for those who like fruit and nuts in a salad. it's wonderfully light, slightly tangy, and a flexible recipe -- you can easily add cooked chicken to it and make it a dinner salad.",7
"my grandmother sent me this recipe, another one that she highly recommends.  she says this is great for parties, pinics or anything because it keeps well in the fridge!",4
"these easy pancakes are fluffy and you can add bananas, chocolate morsels, or chopped pecans or walnuts.",2
"colorful and easy salad to make in advance to serve chilled or room temperature.  using rotisserie chicken limits cooking to boiling pasta.  transports easily. has  a ""greek"" flavor, but not traditional.  easily modified for size of group or individual tastes.  add other vegetables (mushrooms, zucchini) as desired.  i'm always asked where i bought the salad, i'm assuming that's a compliment.",7
ordinary but good casserole to pull out of the freezer for a home cooked side dish! i modified this recipe after the comments to add the oven temp. :),6
a fast and easy pasta dish that makes a great dinner with a loaf of garlic bread and a green salad.  sometimes i do use some italian sausage along with the ground beef for more flavor.,3
"this is a side dish which is great to grill in the summer, when fresh corn on the cob is readily available.  the times listed below do not include the 1-hour soaking time.",6
this is out of the 2004 edition of kcts chef's cookbook. it was sent in by antonio mauro the executive chef from anton's pasta bar in burnaby bc. the original recipe called for 20 oz of pasta for 2 servings. no wonder the portions are so big at restaurants. i changed it to 8 oz and decreased the half-half also to 8 oz. it was 18 oz. hope this works. 10/12/13...i finally made this...it sure is restaurant quality...but it still made a lot...i even cut the recipe in half and got at least enough for 2 helpings...just something to keep in mind when making...you can taste just a slight hint of the curry...it's not overpowering...it's really quite easy to prepare...just have all your ingredients ready...,3
"i got this recipe from paula deen's magazine and recently got the chance to try it. it is delicious; you can't go wrong with paula imo. this can be assembled and frozen ahead. when you are ready to serve, allow to thaw in the refrigerator and then cook as directed. i omit the refried beans for personal preference.",4
"little tavern shops is a defunct chain of hamburger restaurants in baltimore, maryland, and washington, d.c that appears to be on the cusp of a revival. the slogan of the chain was ""buy 'em by the bag"", and its signs promised ""cold drinks * good coffee"". the stores were quite small and could accommodate only a few seated customers, while most business was take-out.
this recipe is posted in response to a huge forum discussion.  if you wish to make larger patties, roll the meat into 1.7 ounce meatballs and cook as directed.",0
this delicious way to prepare pork tenderloin is from light and tasty.,1
"i'm on a cooking light magazine kick, it's from here!",0
wonderful fish soup. very popular in russia and easy to make,6
this is a very good recipe i found in my local newspaper,4
this is a good way to spice up your meal. use it on anything that you would use regular ketchup on.,3
"this is a great salad on hot summer days. it does take 4 hours to chill before serving, so make in the morning to go with lunch.",7
i'm not a chili fan but a friend gave me this recipe and this is the only one i make now. it makes a big pot but it freezes well.,3
"easy and convenient. a take along sports drink powder. mix it up with water from a water fountain or as i prefer, from a spring bottled water source.",5
this is adapted from a julia le clerc recipe.,4
"saw this on mealsforyou.com and printed it out. it looks easy enough and i guess i'm a sucker for roasted red peppers, so here it is.",4
without a doubt the best fudge you've ever tasted and its soooo easy! no beating!!,5
"this is a spicy mild to medium hot recipe, to make a very mildly hot recipe, use only 1/4 teaspoon each of the three peppers.",3
this chocoholic recipe was found on the internet at francethisway.com.,4
i have not tried this recipe - it is in response to a request. sounds like an easy weeknight meal.,4
beautiful served at a brunch or as a light dessert.,6
this recipe is from the 'young times'.,4
"*sommerlicher krauter-dip* in german, this recipe is from *modern german food* by roz denny. a colorful veggie mixture including cucumber sticks, carrot sticks, radishes, yellow & green bell pepper sticks & young celery stalks was suggested to accompany this herbed dip. *enjoy* !",3
"this was given to me by one of my husbands gym buddies, i did make it and it was indeed very good, although i'm not  a great lover of mushrooms.   i don't know if it was her own recipe or if she found it somewhere, but here it is, i thought it was worth sharing!  she specified brown mushrooms, i used button mushrooms.",4
"i love to bake, but i'm terrible at rolling out pastry. the pie crust dough was my salvation! there's a total of 45 minutes resting time for the dough before baking.",2
my husband teases me because i have tried almost everything with amarula. here's another one i find i like really well. brandy and amarula...... make mine a double!,5
a somewhat lighter version of many different chicken/tuna casserole dishes here.....same great taste though!!!,6
"wonderful with salads, excellent at picnics or as finger food at parties",7
from pam anderson's perfect one-dish dinners,0
another marinade that i like to prepare with salmon. this does not include the cooking time of the salmon. this can be used as a marinade for any other type of seafood.,1
"this recipe came to be because blueberries and peaches are in season during the same time.  you can make substitutions of pears, apples or apricots for the peaches and the blueberries if preferred. i hope you will enjoy this dessert from legal seafood.",5
a one-dish dinner that pleases the whole family.,6
"another from the land o lake site, this one i have tried before though. it is quite good though i changed it a little with the addition of the orange and vanilla extracts.",5
"copied from mireille guiliano's french women don't get fat. this book is a great way to change the way you look at food and get more enjoyment out of your meals. this recipe in particular is extremely flavorful, but still very healthy and simple. i hope you enjoy!",4
quick yummy breakie for you or the kids,5
from today's city times newspaper. this is a sri lankan speciality that goes well with cashew and greenpeas curry(posted separately).,0
from the back of a bottle of kikkoman soy sauce.  i think i'm going to try the reduced sodium soy sauce the first time i make this.,3
"these pancakes are something that i made up when i got tired of fixing just plain old pancakes for my husband. i couldn't believe it, he actually liked them and so did my 18 month old son! since then i've made them for some of my friends and my in-laws. i have never gotten one complaint, even though they come out a little deformed looking : ) i'm not joking, my friends would get so excited over these pancakes that they'd demand me to make them whenever i came to visit! hopefully you will like them as much as we all do. by the way, no one even has to know that these pancakes are not the fattening kind! i've made them with real sugar and butter or oil before and my husband actually admitted to liking the lower fat pancakes better! you tell me what you think!",2
these scones are quite easy to make but just a hint from someone who made this mistake... make sure you put them on the top shelf of the oven to prevent burnt bottoms :),2
"perfect!!!from my friends dad
ron kalenuik  or ""chef k""s cook book",0
"one of my family's favorite apple muffin recipe, the topping on these muffins is delicious!! this recipe makes about 30-32 mini muffins also.",2
"on a recent trip to new orleans, i got a delicious margarita at el gato negro in the french quarter, a pineapple cilantro lime margarita.  i had to come home and try and recreate it since it's a bit of a hike to nola from ohio!  while it may not be exact, i find this to be very close and very good!  perfect for a hot summer day!",5
the name says it all. you have to try it to believe it!,0
i wanted to see a big butt.,0
"apples and pears make a delicious combination, especially when topped with a streusel mixture of oats, brown sugar and butter.",5
this is baked in the oven and is great with any meat main course or on its own. you can increase or decrease serving amounts.,1
"this makes a delicious, lowfat (or fat-free, if you use fat-free yogurt) breakfast salad or light dessert. yum! ""cook"" time is refrigeration time, which is an estimate.",7
from southern to the core a beautifully presented cookbook received from busymomof3 in the 2011 cookbook swap.,0
"low cal veggie, high iron. great with the touch of feta & pine nuts. don't overcook. you can include this in a chinese meal as an exta vegetable dish",1
a drink from intrigue liquor.  i used intrigue pink.  and pink grapefruit juice.,5
this is a yummy easy recipe. 1 breast is 4 pts. i often used the flash frozen breasts for this. i use 4 4oz breasts.,4
i love great hanover tomatoes and i came up with a twist. i use hamburger dill pickles. this gives me a crunch which i like.try it you will love it.,7
"this is one of my adopted recipes from recipezaar because i think it has great potential and from the recent review, is great, so i certainly don't need to mess around with it.  glad to know it is mean chef's recipe, so thanks for that info.",4
"these fluffy rolls (king arthur baking) are easy to mix up in a jiffy, since they take potato flour instead of mashed potatoes (potato flakes can be substituted). i mix them in my bread machine and the dough is silky and easy to shape. they turn out ""picture perfect."" they work out perfectly if you shape into 16 balls and put in 2 round pans (8 each).",2
"this marinade is a terrific way to add flavor to this delicious vegetable! from cooking with caprial, american bistro fare cookbook.",3
"this delightful and delightfully easy recipe came from a cookbook put out by dorothy mengering, the mother of late night talk show host david letterman.",4
bake these muffins and make mouths water.,2
"this healthy banana bread is high is fibre and low in fat, sugar and sodium. it is an excellent breakfast for your whole family.",2
"this pasta is packed with nutrients, potassium from the spinach and calcium from the evaporated milk, which has 80% more calcium than regular milk.  serve with a crisp green salad.
from canadian living magazine.",7
"i'm posting this as requested. this is something i make for my family. it is very versatile; use ground beef, roast or my favorite; shredded chicken. i love to use the velveeta in mine. it gives it a richer flavor. it is one of the many dishes i learned to make while working at a local mexican restaurant. i have never written the recipe down, so most of this is estimated. if you have a problem, let me know and we will make changes.",1
really delicious with lots of flavor.  fennel imparts a mild licorice-like flavor.  from the weightwatchers.com site.,5
this is a popular sindhi dish served for breakfast and it sure was a hit at my home.  i hope you like it too--served with fried potato cubes!,6
"i've have been making this for years, it's still a family favorite! adjust all ingredients to taste.",4
"this dish is still widely made in ireland - it is sometimes called ""green, white and gold"" or ""sunshine"". lovely flavor combination with the carrots and parsnips",6
"an easy and light side dish from kraft that works on the grill or in the oven, if you wish.  you can also use a balsamic dressing instead of zesty italian.",3
submitted by request from ,0
from cooking light-good alongside any roasted meat.,1
an easy and fast shrimp recipe that i found in the newspaper.,1
great nibbles with a glass of champagne,5
"this pie lets you indulge, without putting on the pounds! i got this recipe from woman's day.
serves 8 slices. only 219 calories a slice, 8 grams of fat and 5 grams of fiber. it's low in weight watcher points!",2
this marinade makes the pork juicy and delicious!,1
"i got the base of this recipe from allrecipes.com and added a few things myself.  the dressing makes this fantastic. this has disappeared quickly every time i serve it!  you could also use toasted pecans, blue or gorgonzola cheese, and mandarin oranges instead of strawberries to change it up.",4
add sliced chicken to the salad for a main dish.,7
"this recipe is from the r.s.v.p. section of a november 1985 issue of bon appetit magazine. the recipe was requested from the green mountain inn in stowe, vermont.",4
"i like spinach done this way. it looks and tastes good. even some ""spinach challenged"" people have enjoyed this!!",7
"tasty, simple french cooking from the master. this is from his more fast food my way. if you aren't familiar with his books, look for them. i love fast food my way and sweet simplicity.",6
"from the brantford, ks evangelical covenant church recipe book.",4
"not only love recipes with only one pan to wash, but it is delicious as well!",2
i usually double this to fill a 13x9 pan..we like it almost better than pumpkin pie,2
"yes, quick and easy and delicious! ree drummond made this for her helper josh and her daughter for lunch. they had been out roping cattle. she served with pizza burgers and a french silk pie for dessert. yum!",6
yummy.,5
"this is a unique recipe that actually uses crumbled cookies as the base of the cake.  fun and easy recipe for children!  cooks in the microwave and comes out delicious!               by brian (aka, opie)",2
"the buena vista on fisherman's wharf serves as many as 2,000 of these famous irish coffees each day. it's a great way to warm up on a foggy day by the bay; however, after a few of these, you may be feeling a little foggy yourself. the major difference from other irish coffee recipes here is the use of sugar cubes.",5
"this is a kylie kwong recipe.
simplicity at its best, and this vegetable loving family love this recipe!
the key is not to overcook the bok choy.",4
another one of my made up creations. love these! i guessed on the serving size.,4
a cinnamon cracker that is guiltfree!,5
"my new favorite dipping sauce! wontons, egg rolls, lumpia, dim sum... i even enjoy it poured over rice. you can make this as spicy as you like or leave out the heat entirely. recipe by chef terrence khuu of milpitas' bleu ginger.",3
"as a member of a fantasy football league, i made this the night before our draft to have while ""studying."" it's delicious in a sandwich or in a lettuce wrap with some ranch or bleu cheese dressing on the side. it works as either an appetizer or a main dish. enjoy!",6
"a wonderful frosting i have used for years made in very little time with perfect results and 100% better than any canned, this frosting is so good you will find yourself eating a fair amount of it before even using it to frost with! --- choose the amount of cocoa powder you desire for either a light, medium or dark frosting, and make certain to sift the cocoa powder and the confectioners sugar before using for the recipe--- this frosting *freezes* very well so double the recipe and freeze one batch for next time --- *note* for an ultra creamy fluffy milk chocolate frosting add in 1 to 1-1/2 cups thawed cool whip topping at the end of mixing the frosting and beat on low speed until blended ------- also see my recipe#80118 ---- recipe#282040 --- recipe#90142",2
"rooibos tea (known in britain as redbush), grown in south africa is naturally caffiene free and low in tannins so it's healthier and doesn't have the heavy tannin taste that puts me off most regular teas. you can also buy organic rooibos which is even better. this iced tea lasts for ages in the fridge and it's really light and refreshing!",5
"a delicious date shake reminiscent of middle eastern flavors, i concocted this shake a few mornings ago to help reduce a surplus of milk and bananas. (with a little bit of inspiration from npr.org website.) organic ingredients are preferred for this recipe. note: this is not a thick shake. yields one large sixteen ounce beverage or two smaller eight ounce beverages. be sure your milk or milk substitute is well chilled before preparing.",5
great pasta dish.,6
a spinach salad topped with bright red onions and a decidedly different sauce! from better homes & gardens magazine(dec.2003).,7
"this is out of a cookbook called ""chiles""...now that's simple...hubby and i love hot and spicy foods so this is right up our alley...enjoy! preparation time includes soaking the chinese mushrooms...",3
"if you like irish cream, you will definately like this! so simple to put together, and keeps well. great as a ""gift in a jar."" quantity is a guestimate, about 5 cups.",5
from the book healthy mediterranean cooking by rena salaman,1
this is a recipe from cooking free,4
"""those who are passionate about brownies argue in defense of their favorite type, cakey or fudgey. if you're a cakey fan, go on to another recipe. these are the epitome of soft, dark baked-just-until-barely-set brownies. their creamy texture makes them seem wildly luxurious and very much a treat to be meted out in small servings (just small enough for a scoop of ice cream and some chocolate sauce). the mixing method is unorthodox for a brownie. half of an egg-sugar mixture is stirred into the melted chocolate and butter, while the other half is whipped until it thickens and doubles in volume. the lightened eggs are folded into the chocolate with a delicate touch, as are the dry ingredients--tricks that enhance the brownies' lovely texture.""",2
"a once-a-year comfort food for all that they're bad for you, these are sinfully delicious! popular with girls (of all ages!) at slumber parties.",6
this is a great appetizer to serve at your next dinner. especially nice in the fall or winter time when cranberries are more plentiful.,6
"when i eat thin, i like it crispy.  here's how to do that.  there are a bunch of tips and tricks here.  easy!!!",2
"adapted from a robin miller recipe. she served this with some asian cellophane noodles lightly tossed in some sesame oil and fresh cilantro.  i served this with ramen noodles and i would recommend serving a dipping sauce to accompany it, such as hoisin sauce or even an extra batch of marinade.  she did not marinate hers, i prefer to marinate at least an hour or so.",1
"this dish is one my husband requests at least once a week. i make this for company because the look and taste seems like you cooked all day, but it only take 45 minutes to cook. you can use boneless chicken breast, tenderloins or boneless thighs and still have great results.",1
haven't found a person that doesn't like this! quick and easy! ! !,0
the steak needs to marinate in this zingy dressing for a minimum of 1 hour.,3
"many breakfast sausages have wheat flour or bread crumbs as a binder. these are easy to make and are guaranteed gluten free. if you want patties add the egg and rice flour. if you want just fried up pork sausage hamburger, leave out the egg and rice flour.",1
"this fruity, boozy dessert can easily be made on the bbq once the bananas are wrapped in foil.",5
from a little swedish recipes book of mine. makes about 60 candies.,4
"the richness of this dip makes it seem like a splurge instead of a healthy choice. in fact, this dip is loaded with fiber and is a replenishing post-workout snack. from ""ww 5-ingredient-15 minute recipes"" and = 1 point.",5
"this recipe is to use up the garlic scapes i received in my csa basket. ""garlic scapes (also known as garlic tops, garlic shoots, green garlic, spring baby garlic, garlic spears, early garlic greens, or garlic “flowers”) are the curly tipped, extremely tasty green shoots that grow from “heads” of hardneck garlic. "" from plan b orgarnic farms.",3
"tilapia has a really great, extremely subtle flavor and it doesn't dry out as easily as many other varieties of fish.  this tilapia is topped with a mixture of tomatoes, feta and fresh parsley and then baked.  you'll get a large portion for few calories.  just be sure to season the fillets directly with salt.  that will really make a difference.  from the most decadent diet ever cookbook by devin alexander, author of the biggest loser cookbook.",1
"when my grandmother brings these to any sort of family function, they are gone before you know it!  special requests are always made for these brownies.",2
"this is a recipe that my mom got from a neighbor 20 years ago. its easy to make and so delicious! we still make this often as it has become a family favorite! best thing is if you are watching what you eat, the ingredients in this recipe can be switched to low fat items with the same result. from my kitchen to yours!! enjoy!",4
"from www.topsecretrecipes.com. a delicious sweet and spicy jelly sauce - no berry fruits harmed in the making.  it tastes more sweet than hot.  yummy with spicy finger foods such as jalapeno poppers, and also great on meats such as lamb chops.  recipe is an arby's restaurant copycat posted on planet hamster. *i've made this without the pectin - i added 1/8 c of wondra, and it turned out fine. it's pretty close to the original!",3
i found the original recipe in quick cooking. i thought it sounded a bit odd but gave it a try as i was getting tired of grilled ham. we loved it. this was great with mashed potatoes and roasted broccoli. the orginal recipe called for one large onion and 3 tablespoons of veg. oil. i freeze onions so i added one cup of onions and only used one tablespoon of olive oil.,4
an easy dessert to make.,2
"these loaf cakes are always a winner, they always turn out great, they rise so high, and are so moist, if desired, you could add mini chocolate chips, or nuts, or both! if you like you could dust with icing sugar after baking.",2
"butterscotch and white chocolate is one of my favorite flavor combinations.  these are pretty good and i think that switching out the white chocolate chips for some of those new swirls would be good too.  gosh, i'm getting hungry!",2
"i saw this recipe made on the new low carb cooking show on food network. i tried the recipe tonight and it is really so good - this is my spin on the recipe. this time, i omitted the rosemary and used raw minced garlic, but you may also use a few cloves of roasted garlic if you prefer. this version is different from many others as there is no sour cream and no mayonnaise. real comfort without all that starch. (note: smart balance is a lower calorie, cholesterol reducing butter substitute).",4
"really good and quick.  my mom used to make this all the time, although once she served it to guests and forgot to add the shrimp.  not quite the same that way!  try it, even the shellfish-shy will become believers.",6
south beach diet friendly.,7
a nice spicy sugar-free instant tea mix. you can also use decaffeinated instant tea to make this a sugar-free and decaffeinated drink.,5
single serve brownie made with simple ingredients in the microwave,6
"i found this while seaching the net one day, and thought it sounded good for all our vegetarian friends.",1
"these are really cute..i like to glue an old button on tag..when giving as a gift..
the miniature m&m's look darling in the jar",0
this came from a friend. delicious with morning coffee and fresh from the oven!,4
"this is a homemade whipped butter that will harden with refrigeration.  my mom shared this recipe with me, it's pretty fun to make and you can flavor it with just about whatever spices you choose.  wonderful on baked potatoes and other veggies.  it's a little loud as it churns in the dryer.  the amount you make can also be adjusted to more or less.",4
"this dish is rich with tomatoes, capers and olives.  stashing for summertime use when the anglers come home with their sea bass, snapper, croakers & sheepshead. may even work with bluefish as the flavors are bold and assertive. will be tasty on a hot evening on the porch accompanied by an icy 7 oz rolling rock.

found in the washington post who adapted from ""cucina of le marche,"" by fabio trabocchi (workman, 2006).",6
yay! it's dessert for breakfast. this is definitely one way to get your kids to eat oatmeal...or enjoy it yourself.,2
my mother makes this unique dip for christmas every year. we all eat it until we hardly have room for dinner.,6
tried this one to get my 5 year old to eat more vegetables. quite easy and an alternative to just plain old beans out of a can. of course fresh green beans can be substituted.,7
"when you have to have chocolate in the morning, these are the perfect fix.  the melted butter in the batter helps to make them rich and cake-like in flavor and texture, but they are not cupcake-sweet.  if you eat them warm the chocolate chips will be soft and gooey, for double the chocolate pleasure.  perfect with a glass of cold milk or a cup of hot cappuccino.  this recipe is from small batch baking.",2
this brings the humble grits to a new level! easy and delicious! recipe  adapted from  kathy cary/drew nieporent via food network.,4
this is a unique side dish. i got the idea from another similar recipe by martha stewart. i adapted it to my taste and found something everyone who tries it raves over.,4
"recipe from aziz bakhalla from the alhamra restaurant in manly, nsw, australia. i have altered a little to suit the dried herbs & spices i was using and also converted several things to teaspoons, as a us tablespoon is 3 teaspoons whereas in australia it's 4 teaspoons. note the preparation time does not include one hour for marination. i thought it was splendid, but the marinade is about flavour not making the meat more tender so make sure you start with a really nice piece of lamb.",1
yummy dip that goes great at any party.,5
"i haven't tried this as yet, but it was in the newspaper so i am posting it here for safe keeping. makes about 2 cups.",5
this recipe sounds really delicious and healthy.,4
found this recipe in a old bh&g baking coobook from the 70s.  not only are these delicious but really easy to make!,2
"i have had this cookie recipe for a long time, i think it came from better homes magazine...delicate and tender.",2
i got this one out of a book about restaurants in florida - the recipe was courtesy of timmy's nook on captiva island.  it is an easy but elegant dessert when time is short.  it takes advantage of convenience items - pre-made graham cracker crust and canned blueberry pie filling.  it does have to be chilled for a few hours (which i did not include in the prep and cooking time).,6
"pebre is a tangy chilean condiment that makes a great beef marinade and an even better pasta sauce or chip dip. there are lots of variations out there, but this one is quick and simple, and accentuates the great flavors of cilantro and parsley.",3
"delicious low calorie cream cheese frosting from splenda.  this is great on top of cupcakes, spiced cake, carrot cake, pumpkin cake etc. i have to have this recipe on hand... its that good",2
"you can make this soup with any combination of fresh vegetables on hand.  just be sure to include some potatoes or carrots.  leave the vegetables chunky for a robust soup, or puree half of the vegetables for extra body.",7
"very similar to the indian dessert kheer. you can substitute coconut milk, almond milk or soymilk for the skim milk for different flavors!",5
"this recipe is from a class i took with my favorite chef in portland, or, jessica benedetti. i have been asked for this recipe more times than i can count.  it's fabulous and really impresses everyone.",4
a real family pleaser,0
"all the recipes i've found for this on 'zaar called for grilling the sandwich in butter ... that never made much sense to me, so i figured i'd try it in a foreman grill instead.  it worked out beautifully, so i'm posting my version.",3
"this is a must at your holiday dinner table for thanksgiving or christmas, it's an easy salad to put together and is really good! you can make your own recipe for raspberry walnut vinaigrette, or use the one with this recipe, this recipe goes back years and is from gourmet magazine and i make it quite often, it's really good, or you can purchase a good-quality dressing.",7
a favorite in greece and our home as well. this dish may be served hot or cold.,6
"this recipe comes from the australian heritage cookbook, and is perfect for an appetizer or over a salad. submitted for zwt8.",4
"this is a inexpensive and hardy soup. it's a little different than the other italian pomodoro soups i've seen in that it has white beans in it. it can easily be a meal all by itself, or you can add a green salad and have a great meal in no time.",7
this delicious recipe can easily be cut in half or two-thirds for a family dinner. the ancho chiles are a perfect complement to this dish! loaded with flavor and a true crowd pleaser. the recipe can be prepared through step 3 and refrigerated for up to 3 days. found in food & wine: thanksgiving cookitnow,3
delicious coffee cake to get you going in the morning or when you need something that remind you of home cooking,2
remember the smell and taste of home baked apple crisp in the morning? these bars revive that experience by making a portable pocket-sized version of this old favorite. it's a quick breakfast on-the-go or healthy lunch-time snack.,2
"from just hungry - they adapted it from bernard clayton's new complete book of breads,",2
"this is a take-off on the classic chinese chew--a chewy, gooey candy/dessert.",5
this is a big favorite in our house.,0
caldo verde means ,0
these colorful stuffed vegetables make a delicious and beautiful accompaniment to virtually any main dish or they can be simply eaten for a light summer dinner. this recipe was created for rsc #7!,7
"from rick bayless book ""rick and lanie's excellent kitchen adventures"". i found the recipe posted on http://contessabare.proboards48.com/",4
posting for world tour.  use dark lager beer.,5
"this is a versatile salad, so mix it up (no pun intended) however you like it! you can easily add sliced protein (steak or fish, etc.) and some fresh bread to make a meal out of this one.
the vinaigrette was born out of a desire to use up some orange marmalade and to dress a lunch salad. (read: light, fresh, bright)
the photo has a jalepeno because i was so close to chopping some up. i think it will be great... next time!
note: we like our vinaigrette's more acid than oil, so if you prefer oily you'll need to probably double the oil, and if you like sweet, add 1/4-1/2 teaspoon of sugar, too!
the system won't let me add the 1 cup of raddichio, but you'll want to add it!",7
"fast, weeknight meal.",6
"this is a sandwich that my mother would fix for me as a childhood snack sometimes. always enjoyed.  it is a different take on egg sandwich, very much comfort food to me that i still enjoy. quick and easy.  hope you enjoy too.",6
"needing candied cherries for another recipe, i found this one on the internet at whatscookingamerica.net! preparation time does not include the 3 hours of standing after the first 20 minutes of cooking.",5
"awesome flavor and you can make it the thickness you desire. i have made this salsa for years, and have made it countless times per request of friends and neighbors. i happen to love cilantro! feel free to use different measurements. you may want to try a little, add more, etc.",3
"i found this on a diabetic recipe site and have made them several times since. they don't taste low sugar and produce a very soft flavorful cookie. i hope you'll like them, too!",2
"this was just a make it up as i go kinda thing, when running out of time for dinner and had a hungry family. turned out really good.",6
i found this recipe in a local newspaper many years ago and it is still one of my favorites.,4
"this was love at first bite!  no more dry pork chops! 

now for a little background on the other white meat.
also known as: kurobuta (in japan)
origin and cultivation: named after berkshire, in england, where it was raised over 300 years ago
appearance: marbled pork
flavor: richer than typical pork
recipe courtesy of newfoodcookbook.com
cooking time is for cooking the chops, sauce ad apples.",1
from the asian grill by david barich and thomas ingalls.,0
from cooking light march 2006,0
from the sun-maid raisin site.  i have not tried this yet-- adding it to keep on file.,5
"this soothing beverage is fragrant, warming, and delightful. make it with half rice milk and half soy milk for a rich but not-too-sweet taste. (this recipe is from the book ",5
i'm on weight watchers.this soup is full of fiber and it's lowfat.it really fill you up.,7
a nice little snack.,6
"from vegetarian times issue - 

serve these kabobs with warmed hot-dog rolls to soak up all the tangy sauce. if you’re using wooden skewers, be sure to pre-soak them 30 minutes in cold water to keep them from burning.",1
"from foods of the world, time life.",0
a small simple cake with a slight almond toasted almond taste. really out of this world. you can substitute almond extract for 3/4 of the vanilla if a stronger almond taste is desired. this cake employs an unusual mixing method that ensures good results.,2
for those of you who don't know a kugel is sort of like a soufle--very good!,5
great for breakfast and the extra freeze well.,6
"an easy and delicious waffle recipe.  the blackberries are sweetened before adding to the batter for extra goodness.  this recipe is easily made lower in fat by substituting butter substitute for the butter, egg substitute, lowfat milk, and nonfat sour cream.  i prefer whole ingredients.",2
french frys will fall for these easy oven baked fries and you will never miss the fat,2
"this sounds divine and i will be making this next weekend, a low carber's dream, spinach and cheese stuffed salmon. from a low carb chef's posting from food network. if desired, you could add roasted red pepper slices to the filling.",6
a mr. food recipe.,4
this is my absolute favorite fresh fruit cobbler/crisp. the topping is so incredible. i recommend doubling the recipe! my mom adapted this recipe from an old betty crocker cookbook.,4
"from freeze it in ""everyday food"". an elegant recipe for supper from the freezer. use 6 boneless skinless chicken breasts, if desired.",1
this is a great crisp that is best served warm with whipped cream or ice cream.,2
"a hearty sandwich that makes a great meal for the entire family. especially as a game night treat. we have even made them using a 5"" mini springform pan to serve just the two of us.",6
"so buttery and good. i would leave the peanuts out for my dad. for everyone else, i used raw peanuts. cooling time is not figured in.",2
this is a new recipe i just tried and i like it but i like wholesome muffins! it's really simple and bakes quickly. the wheat bran can be substituted with any highfiber bran cereal (as long as you grind it up in a food processor!),2
"a quick , tasty and spicy grilled chicken dish. tastes best when done on a bbq, but just as tasty on an indoor grill. for more spice, use frank's extra hot or sprinkle some cayenne pepper over the breasts.",1
"recipe courtesy david tutera, the famous wedding planner. you can substitute your favorite herbs for the rosemary and thyme.",3
"this is a simple and healthy dish. the sauce is optional, but if you like a light vinegar-y sauce, it does add a little something to the dish. otherwise some sort of cream sauce would probably be nice.",3
"this is a yeast-free version of naan bread, courtesy of indianfoodforever.com. prep time excludes time needed to rise.",2
hot dogs with a little zip!,0
"so easy, incredibly yummy and chewy. the recipe calls for 1 cup of chocolate chips but i use about 1 and a half.  ***update***just an added note, i've used a copycat version of bisquick and it turns out very greasy so you might want to reduce the oil content if you are using a homemade baking mix.",2
"have made this dish for almost 40 years and is still a family favorite. got the recipe from my friend bardie in okmulgee,ok",4
this is a hearty soup that works every time. it can even be a meal in a soup depending on how you want to serve it. full of flavours that make your mouth water.,3
"from busycooks.about.com. very good recipe. quick and easy. i always double the amount of salsa, simply because we like salsa and it just adds to the recipe in taste alone.",3
"johnnycake brought west.  from the mississippi valley chapter of the united states regional cookbook, culinary arts institute of chicago, 1947. vegetarian if vegetable shortening is used.",2
"this comes from sunset's light ways with beef, lamb and pork cookbook.",0
"this is a classic spanish potato side dish that can be served with a homemade lemon aioli sauce or light lemon mayonnaise.  i've had this recipe for a while now, and i thought i should post it before it's lost forever.  i stumbled onto it the first time a few years ago when i bought saffron to make a certain recipe that called for only a few threads.  but i didn't want the saffron to go to waste, so i started searching for other recipes calling for saffron. and that's when i discovered this recipe.  and i have made this recipe many times over the years.  it makes an especially great side dish to accompany baked fish.",3
there is going to be a party in your mouth with this delicious stir-fry!,6
"i love whole garin recipes that don't require a using a wheat grinder.  this one is so easy to make, just using your blender.",4
for radish lovers.,0
this is from taste of home. you can add tuna instead if that's your preference.,1
from bon appetit.,0
"adapted from the complete casserole and one-pot cookbook.  this makes a great side dish, and a nice variation on regular mash potato.",6
"my son kept asking me to buy these at the store, but i always had it in my mind that they didn't taste good, so...kept putting it off. finally, i gave in, and  bought a bag. not knowing how to really prepare them, i realized...these sprouts looked like little heads of lettuce, and that's where i got my inspiration. i'm happy to say, my mind has been changed, and we gladly welcome these tasty bites onto our dinner table!",7
most people will not be aware of the escargot in this soup. they will think it is chopped mushroom. but you will know. i've made this often and everyone likes it!,3
"jhangora is the indian name for millet, a grain rarely used in the united states. a speciality of uttaranchal, it is typically served as a dessert.",6
great for brunch or supper.,6
"i found this recipe in kraft's what's cooking magazine for spring 2005.  i think it is a really delicious dish and i hope you all enjoy it as much as i have!  note: reserve 2 tbsp of the pasta cooking water - it's not listed in the ingredients, but you'll be needing it later.",3
"this recipe for shrimp cocktail is way better than any cold recipe i have ever tried! i saw it on food network by ina of barefoot contessa... the shrimp is so flavorful!! the original recipe also included a cocktail sauce, but they were so good, we didn't even need sauce!",3
"this is a different take on the usual spinach roll up appetizer. very tasty.  note:  should your yogurt be loose or runny, drain for a couple of hours in a coffee filter set in a strainer to get rid of some of the excess moisture.",5
one of my favorite lunch foods to eat at school!,6
"this delicious side dish goes well with german dishes, pork cutlets or a roast. prep & cook times are approximate.",6
"this salad goes well with most turkish meals, particularly in summer when tomatoes are at their best. you can arrange the salad any way you like, i have listed the way i prefer to arrange the salad. if you wish to peel the tomatoes and cucumber you may however it is not necessary.  you can make this salad one hour before serving.  original recipe comes from a book called ""turkish cookbook"" by tess mallos",7
"this recipe was somewhat inspired by banriona's recipe #408979, which i thought was a great americanized twist on a classic lebanese recipe.  in the same vein, this is like a flavorful indian curry crossed with a traditional stew.  no rice or naan needed, as it's very filling.  perfect for a cold winter night!",4
great for those times when you don't have much time or don't feel like spending a whole lot of time in the kitchen. this recipe was adapted from one taught to me by a friend. she would form the raw mixture into patties and wrap in foil and then take it along on their camping trips to cook on the fire.,6
this is a great topping for store-bought pies of any kind to bring it over the top.   try it on your homemade (pre cooked) pies too.  i've never used it on a crustless pie but i suspect it would work just as well.,2
"my grandma passed this recipe down to me when i was 13 and i have always gotten good reviews.  it's super simple and quick to whip up before a party or bbq.  i know it sounds like the recipe is lacking something, but trust me on this one!",4
"i leave out the nutmeg and use the real bacos for recipes from oscar mayer.  prep time does not include time to prepare your mashed potatoes.  for the prepared mashed potatoes, all i do is mash up the potatoes and add a tablespoon of butter then continue on with the recipe.",2
"this is my family's recipe straight from aguada, puerto rico. in pr we make it from scratch (all the seasoning, but this recipe tastes the same, just easier than the all home-made version. this recipe is easy and serves 4, or 2 if you eat alot!! muy rico, come lo",4
"a quick 30 minute recipe.  these can be prepared one week ahead, and stored in an airtight container at room temperature.",4
"unsure where we got this recipe from but it is a quick tasty reasonably priced midweek meal for us.  if we don't have rice to serve with we mix glass noodles through the mix.
if we want to bulk up the vegetable content, chunks of big mushrooms are delicious added too.",7
"today we are awaiting an ice storm (again) so after grocery shopping i needed to make a quick dinner that was hearty and warm.  (just in case we lose power like they are predicting)

delicious and filling  according to my dh and ds.",6
a basic filling-go wild with additions if you like.,5
"this cake is a cinch to make and will surely please any chocoholic or coffee addict. serve with vanilla or coffee ice cream. the more the cake cools, the thicker the pudding will get.  from washington, dc pastry chef peter brett.",2
you'll never know these are low-fat! a delicious way to cut calories and fat! my whole family loved them!,2
"my mil gave me this recipe, it uses old fashioned rolled oats, yogurt, and ww flour, no white flour at all.  extremely moist, lots of flavor",4
"menu description - ""hang off the plate ribs® a
colossal portion of fork-tender premium baby back
ribs. slow-cooked for hours and seasoned with our
secret spices. they’ve got attitude!""

recipelink.com (adapted from source: bbq usa: 425 fiery recipes from all across america by steven raichlen)",6
"from ontario chicken lover (wing magazine). the picture looked so scrumptious i had to try it. if you think it is strange, or you won't like this (as i thought) i would recommend trying this anyway. my girls gobbled it up, and my husband loved it as well. we served it with white rice.",1
"when i posted an earlier recipe for a hot anchovy dip, my intro said that most people have either love or hate relationships w/anchovies. that's still true, but this so easy-to-fix recipe from the *finger food* cookbook of the australian women's weekly cookbook series combines them w/the mellow flavor of avocado for a whole new taste sensation that has the potential to turn hate into love. *enjoy* !",1
this is a crispy delight.,6
"this is great served at the end of a spicy meal - indian / thai anything with a bit of a spice- the recipe is from a old oriental dinner party cookbook. mind you i've also had it as a breakfast. i often don't even bother with the sugar, particularly if i'm using canned mangoes. it tastes great, can be prepared in advance & it easy to make - what more could you ask for.",5
here is a unique twist on a green bean side dish.  refreshing and delicious!,6
"this is how my husband's cousin prepared the cranberries for a family reunion type thanksgiving a couple of years ago. it is really different from cooked cranberry sauce, which we also love- a light and refreshing alternative.",3
"i got this idea from kraft magazine, but i put my own twist on it. i hope you like it. note: prep time includes 30 mins marinade time.",3
"serve this to guests and you will get rave reviews, the sauce from this is so good! the complete recipe may be doubled if desired.",3
"this tasty low-fat sauce goes great with anything!! from pork chops, to chicken, to pasta, to baked potatoes...it is yummy!! i think i got the basis for this recipe from ""light & tasty"" magazine and tweaked it a bit here and there.",1
"i found this recipe a few years ago and have adopted this as my official best cinnamon rolls of all time.  i make it every christmas.  i like it because i pour the extra cinnamon and brown sugar that is left in the bottom of the muffin tins,over the cinnamon rolls.  this way the whole cinnamon roll is like the best part, the center.",2
"made in hyannisport and a favorite of john kennedy, jr",0
lowcal apple crisp,0
"most recipes i've found online from mr. price have been from his best-known cookbook, ""a treasury of great recipes.""  this one, however, is based on one from the rare british paperback cookbook, ""cooking price-wise,"" which was a companion to a cooking show in the early 1970s of the same name, hosted by vincent price.",0
"this is very yummy and simple.

when my husband has a potluck at work everyone asks 
for this luscious pudding.",5
great salad dressing from the fresh start cookbook.  this dressing is a favorite around our house.  easy to make with ingredients you probably already have on hand.,7
this is a thai dish and it is very spicy. cut back on the number of chili peppers if you don't like it quite so spicy. i found it on allrecipes.com,3
pretty layers of cheesecake and pumpkin.  prize winning taste of home recipe.,2
this recipe was created by my husband. it is so flavorful and delicious we make it at least once a week.,4
"this is a versatile recipe - just right for breakfast or lunch. have  
it as a starter for a dinner party. easy to make - it is uncooked.  
serve cold with the scones still warm from the oven. the whole wheat  
flavor compliments the fresh fruit. if you wish make the scones ahead  
of time and warm before serving.  for the wine i like riesling.",3
a complete meal in a bowl - this soup is an ideal dish to keep out the cold on a chilly day.,7
you can serve this with cocktails or on a dessert tray. they are both sweet and savory. from the new carry-out cuisine. it is hard to stop nibbling on these!,6
"this is a low-fat version of maryland jim's recipe #136125, posted for zwt3's cooking lighter challenge.  hope that you enjoy it!",4
"a slightly different way to dress up that boring old pre-formed hamburger patty.  this is also good with chicken breasts.

cooking time includes marinating the hamburger patties - chicken needs longer.",1
"from cooking light, jan 1997. original calls for 6 oz. ground round and 6 oz turkey breast. i have had really good luck feeding this to toddlers and veggie-phobic adults! feel free to play with the veggies to your own preference; tonight i made these with 1 c mushroom and 1 c finely diced zucchini squash. i also prefer balsamic or cider vinegar here to the red wine. finally, this does tend to turn out pretty ""saucy"", so if you like your joes thicker you might consider adding a bit of tomato paste. enjoy!",6
"i'm so smitten with the new craze of serving desserts, drinks, salads or whatever comes to mind in mason jars.  this is a good one from deep dish south blog.  she said it's a cross between a long island iced tea and an arnold palmer.  naturally, she suggests to serve this in a what?  yes, a mason jar!",5
i made these over 30 years ago for my family when i had to cook. i made these long before canned pizza sauce was available like it is now. either that or my mom did not buy it. my brothers loved these! they were always happy when i made them. one of my brothers would take a full pan of 10 pizzas with him if i had a pan on the counter and he had to go somewhere. he always came home with an empty pizza pan. this recipe can very easily be doubled or tripled. you can use any meat of your choice and add any ingredients you want. it is an easy way to make pizza to each persons taste. they can pick what they want on their own pizza. this is something easy for kids to make too.,3
"craving for a cookie? wekk these are just the perfect solution!
this recipe adopted from the recipezaar account.",2
"i battled to make cornbread for ages but found it impossible to find cornmeal in the uk, so i now make this version with polenta. i'll be honest - i have absolutely no idea what the difference is between cornmeal and polenta (perhaps there is none?), but i reckon this is a really nice recipe all the same. i have no frame of reference, so i can't compare the flavours/textures of this with ""proper"" cornbread, but hopefully it won't disappoint! this recipe is with chilli & cheese but it's a pretty versatile dish and i've flung all sorts of ingredients into the past (savory or sweet) and it always tastes pretty good to me. my other half particularly enjoys it sweet with oodles of golden syrup!",2
"i played around with my favorite muffin recipe for fall, and came up with this.  i can't decide if they are a cupcake, or a muffin.  though really hearty, the cream cheese frosting can kill a diet.",2
an old family favourite. you can add cilantro instead of the parsley if you wish or add more curry powder or use a curry paste instead. add some finely diced chilli or ground chilli flakes if you wish. for a gluten-free version be sure that all ingredients used are gluten-free. cooking time does not include the 30 minutes refrigeration time required,1
"this comes from my indiana mother-in-law. it's a very tasty sandwich spread, quick and easy to make. it does not keep for more than 5 days in the refrigerator.",4
a surprising and delicious filling of maraschino cherries and toasted walnuts makes these sweet bites irresistible. powdered sugar makes a quick (and delicious) topper. they will be well received as gifts also.,2
"this is so quick and easy and has a great taste. don't remember where it originated, could be a ww recipe. it would be very easy to sub low fat cheese, i do.",4
"terrific brunch dish,",6
easy to make and goes great with chicken and dumplings or on top of beef stew!,1
a great appetizer that does not take much time at all to prepare.  these would be good on a slice of toasted bread too for an open face sandwich for lunch.,6
"this is a wonderful dish when you have a crowd of people over, it makes a great dish, if making several like a buffet style meal or it also is a great appetizer to present while you are finishing up on the main affair. i prefer to serve it like this as they are really the best, eaten straight away, whilst crunchy and hot. it also gives your guests something to pick at, while they are chatting amongst themselves before a meal. these are also great to make as a snack, to sit and munch on, on a lazy sunday afternoon whilst watching your favourite team play (don't forget your cold beer). i love the dip that goes with these and i feel it compliments all the flavour in the fritters very well. these are also excellent for vegetarian guests even the most strictest ones. i have had guests that can not even eat egg, these work really well as you just use egg substitute instead.",6
"great to use for a marinade for tofu, chicken or fish!  something a bit different.",1
"this recipe came from my husband's grandmother, and we modified it a little bit to make it gluten and dairy free.  as a kid this was my husband's favorite meal, and he used to walk around singing a little song about it ""5 spice beef and rice, cha cha cha!""  the five spices are pepper, bay leaf, garlic, thyme and oregano.  it's very easy to make, and a good dinner staple.",3
"i hear that the  french sip this tea for pure pleasure, but it is also soothingly healing for sore throats, upper respiratory troubles, and tummy bugs. 
this recipe  calls for only one herbal ingredient, and you probably have it in your kitchen pantry. as you sip your drink, take a moment to think of cozy french farmhouses surrounded by fields just beginning to thaw after the long cold winter. oh, for the simple life..... french tart, i am thinking of you! adapted from cait johnson, assistant producer, care2 healthy living channels.",5
i love homemade chicken fingers with this or fryed vegie's is great at pitch ins when you try it you will understand its wonderful!!!!,1
"this recipe has a mere 4 ingredients but it's one of my favorites. incredibly easy, very buget friendly, cooks on the fly and tastes really really good both fresh and reheated. excellent with some mashed potatoes to round out the meal.",4
this is really simple with only 5 ingredients but tastes great. i usually use breast fillets & just pour the whole jar of salsa over them with the other ingredients then add a little cheese sprinkled over towards the end of baking. mmmm mmmm! recipe from masterfoods.,3
"i made these as a snack at my daughter's first b-day party, and the kids loved them. my husband takes them to work every once in a wile and i haven't heard a complaint yet. his boss's wife called me for the recipe. they are just plain, simple, and delicious!!!",2
this is a great and healthy salad loaded with fibery goodness! great for lunches.:-),7
a great salad that uses uncooked vegetables. it is crisp and tasty. the green olives and bacon give it a great taste.,7
this is a great way to serve asparagus.  i can't remember where i got the recipe but i always make this when fresh asparagus is in season.,4
"i don't really know where i got this recipe from, but i've had it hanging around for a while. these are so yummy, my boyfriend asks for them at least once a week. perfect for a holiday dinner, cookie exchange, or any other party where you want to dazzle your friends/make them love you forever. i sprinkle the top of this with sea salt before i pop it in the oven, i think it adds that little extra something. i've also drizzled it with melted chocolate after they've cooled, but their so rich you really don't need it!",4
"you will love the ease of making these spectacular biscuit pinwheels. you can vary the cheese to suit your menu and they are great for breakfast, lunch or dinner.",2
"this is a very easy and delicious cake that is guaranteed to solve your chocolate craving. the espresso really helps bring out the chocolate, and i really like the flavour the olive oil lends to the cake too. this has become my favorite chocolate cake recipe.",2
"mama mia! limoncello syllabub with lemon sugar is a delicously light and airy dessert with an italian tipple. it's the ideal easy no-cook dessert recipe to have up your sleeve should unexpected food loving guests turn up, or to impress a new date. verrines are french, little appetisers or desserts served in shot glasses and they are very much in vogue at present! limoncello is an italian lemon liqueur best served straight from the freezer. find it in off licences, italian delis and some larger supermarkets.
(recipe from delicious.)",3
"bon apetit magazine, november 2006 edition. another way to prepare cauliflower!",4
will need to adjust for personal taste.  i was buying 1-2 starbucks chai tea lattes every day and quickly realized i was spending $100. - $200. on lattes every month.  i read the ingredients from latte mixes and came up with this recipe.  i like it best with brown sugar although it's also great with honey (and a little healthier)   a bonus:  i like this recipe much better than a starbuck's chai tea latte!,5
"my husband spent some time in louisiana and became very fond of the food there.  now, anything cajun he just devours.  i have several recipes from a deck of playing cards called ""deck o'meals""  louisiana cajun.  here is one of 52:)",6
this tasty salsa is a wonderful addition to grilled seafood!  we enjoy it with recipe #228357,3
"i was looking for a way to get some more dairy in my diet without including any milk.  starting with a recipe that my daughter uses and going from there i came up with the following: the first one i made did not have any sweeteners and it was a bit tart, so next time i used about 3/4 of a teaspoon of honey.  i am calling for using an unsweetened mixed berry blend, but i can’t wait to try different fruits.*update: when i used a mixture of mango and strawberries i did not need the honey",5
"i've been hanging on an old magazine recipe clipping for years. finally, i made this recipe and, wow, it's great. i used jumbo strawberries, but you can also use regular-size strawberries. serve an appetizer or a dessert!  the filling is not overly sweet, and you can add powdered sugar to taste if you want a sweeter cheese mixture.  i've found that there's more than enough filling for 12 medium-large strawberries.  if you don't have time to pipe the filling, you can serve it in a bowl as a dip.",5
"these are good if you are having friends over for a drink..
best cooked straight away. 
they are great served with sweet chili sauce, or a garlic sauce.
are great for a main meal.",3
"i made these for my dad for father's day this year. the recipe comes from allrecipes.com. they're good, but i think mine need a little something extra. the recipe calls for lemon-extract, but i didn't have any, so instead i used the zest of one lemon, plus the juice from half. still a little lacking in lemon flavour, so i think i'll make a lemon glaze to brush on top before i give them to him! i also omitted the almonds, as i was trying to make them as close to the muffins he buys on the road as i could! not overly sweet.",2
"these are great and so easy!!!! the original recipe does not call for chicken, but sometimes i do add it for my husband. you can use corn tortillas or flour, i use flour because that way they dont split. one pan i use red sauce for hubby and second pan i do green sauce for me. iam not exactly sure how many these make because when you add chicken it makes more then usual.
update: 2-09: i apoligize for the sauce amount. it is the larger can you need not the 10 oz size. i use that size usually because i use one green and one red(green for me red for hubby) i will change the size now!",1
excellent copycat of the original recipe.,4
"if you have a mug that will hold 1-1/2 cups, you can make this delicious ginger-
bread cake mix for a gift for someone special -- or for yourself -- to celebrate the upcoming season.  make up the cake mix and enclose it in a sandwich-size ziplock bag.  place the sealed bag in a mug and present it with the following directions.",2
sample middle eastern cooking with this simple and quick-to-make chickpea dish by mike robinson.,1
"i found this recipe from food network, giada make this, i thought easy and delicious, without make pan dirty.what a good dish! i made some change, hope you will like it!",3
"i have been making my own organic hemp milk for quite a long time.  when you make your own it is stronger then what you buy in the grocery store, so be prepared to taste more of the hemp flavor.  you will need a high powered blender for this to break the seeds down.  i have a vita-mix and it works perfect.  you will also need a seed bag to strain the milk from the seeds.  i got mine online.  here's a link: http://www.therawfoodworld.com/index.php?cpath=100156&gclid=ck-i0bn8-jwcfsn6agodrfvdag",5
"very simple to make but very fresh, flavorful & filling!  feel free to add in any, all, or other veggies for the hot pot ingredients!",4
"from everyday italian, you gotta try this! there is an inactive prep time of about 2 1/2 hours. enjoy!",3
"adapted from bobby flay, but the fat is cut by almost 80%! 
it doesn't make much, but the flavor is strong, and enhances a salad very well.",7
"these tea cakes are make with xylitol sugar substitute and butter to cut down on calories but not on taste. very, very good.",2
"i got this recipe from foodnetwork.com...it was easy and very tasty.

copyright, 2007, ellie krieger, all rights reserved
show:  	healthy appetite with ellie krieger
episode:  	mood food",4
"good for breakfast, snack, very hot after a cold day.",6
"this was a very crisp refreshing salad - i found it to be a perfect foil to the traditional heavy thanksgiving spread.  and it was so simple to make!  i did all the prep ahead of time, and simply tossed the celery and apple peices into cold water with some lemon juice to prevent browning.  i would definately put this on the menu for next year.
[bon appetit, november 2005]",7
from cooking light.,0
got this from my daughter-in-law,0
"developed for the rsc#7 contest, this is easy and the taste is flavorful! this also makes a great dip or sauce to serve over vegs., etc.",1
"high in protein and low in fat, this punchy curry is just the ticket for fans of tofu.",1
layered drink,5
conjure up a taste of greece with this simple recipe for pan-fried zucchini served with refreshing tzatziki. time does not include chilling.,3
"this recipe was greatfully lifted from better homes and gardens' fresh and simple vegetable dinners cookbook(let). although the original recipe didn't call for it, i like using the optional lemon pepper.",4
this is a delicious raspberry chicken that my sister always asks me to make for her! it's quick and easy... under half an hour to make! the berries bring a very tasty flavor to the chicken! i usually serve this with a raspberry vinaigrette salad!,1
you can mix different vegetables for this combination.,7
"i made this for my sister last night, and she raved so spontaneously that i realised this was probably good enough to post here! :-) personally, i would use less of the bell peppers, but she loves them! you can also add some fresh corn kernels, if you have them... play around with this recipe as much as you want!",3
"from 500 low sodium recipes by dick logue.  i haven't tried this one yet, but dick logue has some other really good salt-free seasoning recipes, so i'm posting this for future use.",4
"for all you kugel lovers out there, here's another one! adjust all spices to taste. add in some parmesan cheese too!",3
"another simple recipe i am almost embarrassed to post. my amish mother-in-law passed this on, as my husband was raised with this one. it's still a favorite of his today! he prefers his eggs over top the crackers - you can eat it as you wish! this was also a treat served when someone was feeling ill - fairly easy on the stomach.",4
"i have been making this recipe for years and every time i make it i get rave reviews. it really is nothing special, i think, it is just that, the flavors all come together so well and the peanut sauce is so yummy. i make my sauce with smooth peanut butter as i am not a fan of crunchy, but i think this would be fine if you prefer to have the peanut chunks in the sauce.",3
"i threw this together to go with mikekey's recipe for chili-lime baked turkey  and we really enjoyed it. use the measures specified on the rice package for preparing the rice, just add the other ingredients in. no additional liquid is required.",1
"this is from jessica seinfeld's deceptively delicious.  she says the taste fools her kids into thinking they are eating fried cheese or chicken nuggets.  i haven't tried this, but am posting recipes from the book upon request.",1
"perfect for tea parties, this is quick and easy! this recipe is from 
in the royal manner : expert advice on etiquette and entertaining from the former butler to diana, princess of wales.",5
no chilling time required with this easy recipe.  i have been making this for many years. i usually have to double the recipe.  you can reroll many times.  decorate with sugar or frosting whichever you prefer.,2
"adapted from ""company's coming kid's healthy lunches""",6
"another oldie but goodie. nice and light. i am sure everyone knows that in lieu of buttermilk, you can use ""sour milk"" (1 tbsp of vinegar or lemon juice in a 1-cup measure and fill with milk). this recipe makes about 15 to 18 good-sized bisuits. if you are serving these with a soup or stew, they are really nice with a bit of cayenne pepper added with the dry ingredients. gives them a bit of a bite. i hope you enjoy them.",5
great summer pie!,0
"last fall when leaving the u.s. to return home, we stopped-over in minneapolis for a family mini-reunion w/my aunt, uncle, their 7 children + various grandchildren i had not seen in 18+ yrs or even met b4. they are so lucky to all still live in the same city, but talk about the real *luck of the irish* - mike (my cousin) brought his lebanese heritage wife *kay* into our irish family & substantially raised the level of the cooking bar (already set pretty high). kay is a great cook & made the the most wonderful lebanese meal for us that included hummus, stuffed grape leaves, marinated + grilled lamb/chicken skewers & the most incredible garlic sauce i have ever tasted (just to mention a few). thank goodness the garlic sauce was not a recipe shrouded in generations of secrecy because i had to have it to share w/you. *enjoy* ! (see notes below)",3
"i went to a health seminar given by an executive chef and got this recipe. it's from the cookbook, tasty vegan delights!",4
"i am currently on a zaar world tour team called ""the fearless red dragons"" and we as a team had to create a drink as part of the great britain regional challenges.  this is a drink for our team to submit.  hot from the coffee, bailey's for the region and sweet from the schnapps and chocolate liqueur.  great for a cold night or if it is hot, make some coffee ice cubes and chill the coffee after brewing and then follow as written.",5
simple little side salad for bbq's. nice w/ grilled chicken.  something a little different than the usual picnic salads.,7
do try to be humble as your family and friends give you a standing ovation for this camp fire master piece. you will never have another camp fire with out these.  i got this recipe from a tv show years ago.  i changed one thing and ta-dah the marshmallowless s'more was born!,5
i love coconut! i love this!,5
"lebanese in origin
prep time: forty minutes
cook time: ten minutes
difficulty: easy",1
"from my new favorite cookbook: veganomicon. this is an amazing vegan filling for stuffed shells, manicotti, lasagna or topping pizza or pasta.  simple to make, possibilities are endless!!  the best tools for this one are clean hands.  they are the most effective for squishing the tofu to ""ricotta-like"" consistency.  the recipe listed below is enough for one(1) layer in a 9x13 lasagna pan.  can be doubled if you like more ""cheese"" in your lasagna layers.",3
delicous casserole! my children love this recipe! great for those evening when you're in a hurry - or are cooking from staples you have in the freezer/pantry! enjoy!,6
"mini quiches made in a 12 x 1/3 cup muffin pan, adapted from a recipe in the october issue of the australian cooking magazine 'australian good taste'.  these mini quiches can be made up to 1 day ahead and stored in an airtight container in the fridge.  you will need 350g unshelled fresh peas for this recipe.",2
"an unusual spicy dip from - serve with fried eggplant, herby meat balls or just on its own with pita bread.",6
"created for rsc 8.  this is a delicious curry – hot, salty-sweet, subtle, creamy, easy to make and fast – it’s really got it all!  if you're short on time and ambition, you could use canned pumpkin and coconut milk.  this makes lots of sauce to be soaked up in rice served alongside.  i also made up what i believe to be the 'perfect' rice to accompany this wonderful curry.  please try coconut-raisin rice pilaf  recipe #161393, and i'm sure you won't be disappointed.",1
"cream cheese and whip cream filling with incredible strawberry topping.  similar to mom's recipe but mine has more cream cheese and strawberries.  my sister ""puppitypup"" posted mom's original recipe, see recipe #206468.",5
a nice muffin with an optional crunchy topping.,2
from cooking light - sounds yummy!,4
"oh, how i love this.  recipe courtesy of www.allrecipes.com.  i used cucumber instead of celery, and i left the avocado separate so it didn't brown and added with each serving.  serving size is estimated.",7
"i thought this sounded gross when i first heard about it, but it actually tastes pretty good!",5
ready for a change of pace the next time you fire up the grill?,0
"oh yes, the martini. conjures up nostalgic thoughts of movie actors in white dinner jackets talking around a swimming pool on an evening in palm springs. this is my way but this drink is so individual that there is no ",5
"salsa fresca is a generic term for any salsa that isn't cooked.  there's no right or wrong way to do it - everyone does their own thing.  this recipe is my take on what my mom used to make, but i think it's exceptional. (pat on back, lol!)  measurements are loose, but the key is the olive oil and mexican oregano. prep time includes 15 minutes of standing time.",3
"a great salad made by our d-in-law wendy, from australian woman's weekly bbq cookbook.",7
this recipe is lovely with chicken or pork. serve over egg noodles or rice.,1
"these are the best muffins i've ever had! i ate the whole tray.
i stole it from a similar recipe, but i changed most of it to make it healthier. and better.",2
i got the original recipe from johanna jones-she owns and operates a pig farm in south carolina. this is a ,4
"i love these - these are so easy and such great flavor. i get a nice loaf of fresh pumpernickel and cut thick slices. add some very thin sliced red onion, grilled eggplant, crumbled goat cheese, fresh basil, garlic aioli and roasted red peppers. just perfect!  i like to press it down lightly as it grills simply brushed with a little oil on the grill and it is a perfect sandwich.
served with a salad, soup or fresh grilled fries.",3
"i found this recipe on www.laaloosh.com website, and i thought it sounded delicious and worth a try.  here, the cauliflower is oven roasted instead of being cooked in a saucepan or steamer.",3
"this is a quick and easy pilaf with my favorite spice--cardamom! if you don't have cardamom on hand, you can omit it--the pilaf is still delicious without it. i improvised it one evening when i was short of canned chicken broth and time. i like the recipe because it combines two of my favorite rices with lentils. the lentils add protein. the dish is a perfect accompaniment to chicken baked with a generous sprinkling of cardamom.",1
makes very tender and flavourful meatballs.,1
this recipe is from quick cooking magazine.,4
from jody vassallo's style drinks.  the suggested food pairing is toasted pannetone.,6
this is like the one i used to buy at ukrops.,0
"we really like this, i've been making it for years. even our picky 5 year old likes this! the recipe may have come out of sunset magazine. i'm posting it to get the calorie count.",4
"my mom clipped this recipe out of the chronicle years ago and it's been a family favorite ever since!  it's so easy and quick to make and is so delicious that even people who think they don't like salmon will love it.  just remember not to over-cook the salmon.  it should be dark pink and slightly translucent in the center.  i've found if i take it out of the oven when it still looks only half done, it's perfect by the time i serve it.",4
this spanish rice is the best i've ever had. it is very easy to put together.,1
"easy and tasty side dish from cooking light, may 2001",6
"i'm not sure where i got this recipe, but it was hand written on a napkin and kept in my recipes. i do remember however, that it is one of the healthiest muffins as it was tucked in my low-calorie baking section. i recently found this again and had to make them over the weekend. omg, looks like a lot of ingredients, but the texture and tastes was wonderful. a crumbly streusel topping made with a small amount of butter provides a delicious finish. no wonder i kept the recipe. i had to post of zaar so i wouldn't lose that napkin again.",2
this is great to prepare around the holidays and takes seconds to prepare.,6
"a  dish that has been around  forever! from lancashire england, it can be made ahead and kept for several days. an excellent lunch paired with a crisp salad and crunchy bread.",6
have you ever found yourself craving for an easy way to make a great hamburger sandwich with outstanding italian flavors? here's a simple great tasting recipe with frozen patties that will knock your socks off.,3
"since becoming a vegetarian, my daughter emily has been very careful about checking out bean dishes for meat seasonings.  since beans are an important part of her diet, she developed this recipe to also accommodate her aversion to onions.  whenever a potluck is planned, it is expected that she will bring her beans, hence the name.",1
"these muffins have a wonderful nutty flavour and nice crumb texture. for a healthier version omit the chocolate chips. this recipe is a work in progress as i want to experiment with other add-ins like blueberries and various nuts. one note of caution i cannot be certain of oven temp or times because my own oven's temps are a bit off, the best i can offer is not too high a heat and a longer baking time than ordinary muffins or they will burn on the outside and be undercooked in the middle. let me know what times work for you and i will correct the baking temp and time.",2
"only 3 ingredients plus a prepared pizza crust makes this quick, easy and oh-so-good. can be used for lunch, dinner, appetizer, snack, just about anytime!",3
"my friend carolyn brought me a sample of this and i just had to have the recipe. i keep forgetting to put the last 2 tablespoons of butter in at the end, but it does not seem to effect the flavor.",4
"i called these foothills muffins, because they remind me of muffins from a great breakfast place in the foothills of a small town near me. the yogurt makes them really moist. you could substitute another berry if you wanted to. delicious!",2
"i love seafood, and this recipe from trinidad is tasty  and very more-ish.",1
a latte in cookie form :p,2
nice hearty meal for any time of year.  adapted from a recipe in a cooking magazine.,6
this is a typical recipe from the punjabi region in northern india. the recipe itself is from indianrecipesforever.com.,4
"this, like all cape malay curries, has as many interpretations as there are cooks! cape malay curries are usually not biting and strong, but rather an aromatic mixture of spices. naturally this depends on the individual cooks, and the curry can be made much stronger by adding more chillis (hot peppers). this recipe is my way of cooking a chicken curry, more or less: it took some discipline to measure and write down how much of each spice i use! so obviously this is a dish you change to your taste. about salt: i like using a natural sea salt, like maldon flakes or our own khoisan sea salt. but if you use these natural salts you need more of it than when using processed table salts. please adjust to taste. do not expect the burning curries of india! if you can manage my spice mixture this is a most delicious dish, and the longer it stands, the better it gets, so is perfect for making a day ahead, chilling, and re-heating. but i know that across ponds these recipes are often ""lost in translation""!!",1
a combination of recipes i've tried. the sugar can be upped if preferred; i'm just not a fan of sickeningly sweet berries.,5
this is a great way to use up ripe bananas....you can only make so much banana bread with them!  this is from the 2/2005 issue of southern living magazine.,2
"while looking for italian recipes, found this one posted in the new york times which states it was adapted from anstice carroll.  i am not a fan of rosemary, so i will leave that out of my marinade.",3
this is a favorite side dish in my family. we almost always serve it during thansgiving and christmas dinner.,6
"this recipe is a family favorite! they are light, flaky and creamy, and reduced fat! when ever i make these, they never last more than a day. be warned: they are addictive! one tip: rolls spread easier when chilled well. i hope you enjoy them as much as we do! 8)",4
no flour yummy cupcakes.,2
"mary burke<3.
shes the one and only greatest woman ever!",0
tasty chicken enchiladas that freeze very well,1
this is another recipe out of fitness magazine.,4
"yummy individual crisps as seen on good eats, ya' can't go wrong with alton brown and this is another hit!",2
delicious but you must like walnuts. modified from a recipe found on http://www.food52.com by shayma.,2
"sweet tart bar cookies are a vacation in a pan says gina neely. you can use fresh key limes or bottled. a dusting of powdered sugar, and you have the perfect dessert for any party! from down home with the neely's cookbook.",2
"forget bland 1 minute oatmeal! try this, my own favourite start to the day, and get addicted to the taste and the energy it provides. i eat this serve on my own, but most will want to share it. my husband loves it when i omit the polenta and add chopped banana instead - he eats it as a dessert!",5
from 125 best cupcake recipes.,2
this a very simple recipe to throw together and it tastes delicious. i just served ours over a salad but it would also work sliced over pasta with a sauce.,7
quick and simple pork chop cooked in a pan with a nice sage flavour. receipe came from a old receipe card from a store,6
"this delicious, quick and simple low-calorie meal serves two. recipe easily doubles or triples to serve more.",4
this muffins is soooo addicting and so easy to make.,2
"i got this recipe from someone who works at olive garden. the quantities may need some tweeking, but these are the ingredients used in their strawberry fresco.",4
"my all-time favorite comfort food recipe. i don't really measure anything when i cook this, which means you really can't make a mistake. however, i have listed measurements to provide a starting point for preparing this recipe.

this is not difficult to make, it does require that you be very attentive when it is cooking, it has to be stirred constantly.",4
"this is just a different twist on 2 southern favorites. cook, eat and enjoy!!!!!",6
"this recipe was found on abc.net's western australia website and chef kate lamont from
nibblies with kate. quick and easy coleslaw without a mayonnaise dressing. also included in the zaar world tour 2005, australia.",4
"this is for rik's dad and all those that need extra high protein. can be used to drink and for recipes calling for milk.
from the supportive cancer care book",5
"i read derf's ""spiced salmon"" recipe (#137983) with interest since it also uses chutney as i do, but we prefer our salmon grilled w/the smoky, lime flavor of this marinade. i use the marinade all day & then reserve it to use for a sauce i make while my dh grills the salmon. we love this & the combination of the salmon & the marinade sauce has been a big hit with our friends.",1
"this is a recipe i have been making for years. i originally got it out of a betty crocker magazine. it is a simple answer to a cozy, comfort meal. this is not low calorie (unless you use low cal dairy products) but it is delicious. my husband loves this over rice or noodles. (we use egg noodles, the thick kind for an authentic look). if it doesn't have enough spices for you add them in. think of it as a base recipe. the meat is tender and the sauce smooth but thick. it is great for making and taking to new moms, sick friends or those who need a break from cooking. it makes you house smell wonderful. if you can't find cream of golden mushroom  or cream of onion don't despair just sub in cream of mushroom and cream of celery. use high quality meat and dairy products and you are set. another one that people always ask for the recipe.enjoy chefdlh",3
"these pork chops are very moist with a nice little ""kick"" from the crushed pepper.",3
from cooking light - love lemon and lime!!,5
"from australian diabetic living.  times are estimated, will try and make for the dm (don't liked cooked/warmed bananas myself but she loves them).",5
one layer chocolate fudge and one layer peanut butter fudge.  this fudge is irresistible to everyone every time i make it.  i've had this recipe for at least ten years and i don't remember where i got it.  try it once and it'll be a permanent part of your cook book recipes.,2
"recipe taken from ""rachel ray's big orange book"". i haven't tried this yet, however it caught my eye because it has asparagus in it. i am trying to be more healthy and have more veggies in my diet. this book has a vegetarian section in it, which i was real excited about. :]",7
this muffin is moist and full of flavor. i have seen many recipes for this muffin and i have made a variation of my own.,2
adjust the heat to your own taste using more or less chilies. the two of us have this as a main dish with rice or with nice bread and a simple salad. or serve it as part of a thai meal.,1
"a healthy salad that will cool you down in the heat of summer. the combination of the ingredients are very refreshing. this recipe would be wonderful to take to a bar-b-que or as a side for burgers, ribs, grilled chicken or even carne asada.from ""tasty"" by roy finamore.",7
my boss said ,0
my mother in law used to make this cake at least once a week and no one would ever tire of it. it is one of my favorite desserts. she used to top it with cream cheese icing.,2
"you can prepare the pie a day ahead and refrigerate overnight, or freeze pie for up to one month. although i have only made this using puff pastry, i would think that you could use a plain pie pastry for this instead of the puff pastry. this is delicious! if you want cut the sausages in half after browning.",2
an old family recipe from my sil.  i like to serve this with applesauce.  makes alot!!!!,4
"this recipe is from the vegetarian low-carb diet by rose elliott. this is good for phases 1, 2 and 3.
keep some frozen chopped spinach in the freezer and you can make this recipe in an instant. i find the best way to drain all the excess water off the defrosted spinach is to squash it into a fine mesh sieve with the back of a spoon.",7
serving a french meal? why not start out with an easy appetizer platter! this recipe is by rachael ray.,6
this recipe is from tailgate cookin booklet from heinz kitchens.  it's really good!,4
"i found this recipe in the new orleans times picayune newspaper awhile back. after a bit of tweaking, this is the result. i always make some to freeze for a quick weekday meal.",4
"this is the famous brazilian ""molho à campanha"", or literaly ""sauce a la campanha"". it is always present in brazilian-style barbecues. a great sauce to be used on grilled meat, either bovine or fowl. side-dishes, such as french fries or rice, could also enjoy the added flavour.",1
"bon appétit
december 2002",0
a healthy vegetarian light meal...great for a picnic or light lunch or dinner,6
"made this with fresh fettuccine, very light and oh soooo good",3
"my daughter's boyfriend's mom gave her a cookbook that was created by the houston ballet for their nutcracker christmas market in 1984. the recipes in the book were submitted by directors, choreographers, and dancers in the houston ballet that year. this recipe was submitted by jeanne doornbos, soloist.",0
"this is day 1: dinner from the 21 day wonder diet.  the first time imade this, i was unable to buy lamb cutlets, so i used 300g diced chicken breast instead.  als i was unable to buy fresh coriander, and had to use dried.  the sauce is divine in this recipe, gives the food almost a thai flavour. :yum:",1
a wonderful pasta dish with lots of vegies. you can also add your favorite vegies to this dish very easily or omit those vegies you don't like. the sausage and fresh herbs really add to the flavor!,3
i haven't tried this but i like to keep an eye out for seaweed recipes.,3
"this recipe calls for green onion flavored cracker crumbs, along with parmesan cheese, to coat the tomato slices.  have not made them yet, but they sound easy and flavorful.",3
don't let the ingredients fool you! this ,5
"still uses canned green beans, but not the other ""classic green bean casserole"" stuff.",6
adapted from a martha stewart recipe. she suggests adding a tsp. of echinachea extract to the cup of tea...,5
"a light and refreshing entree salad inspired by a weight watchers recipe. but don't let this meal's origin stop you from trying this.  if mango is not available, then peaches and peach nectar should also work well. i have presented two ways to prepare the dressing, a simple vinagrette and a warmer version thickened with cornstarch. for those following the flex program, the salad is 4 points per serving.  for core folks, the salad is core plus 1 point for the non-core dressing.",7
from the vegan chef,0
"dh and i are eating much healthier now days and this recipe totally fits the bill.  i found the basic ingredients on a package of lean ground pork. (which by the way is lower in fat then ground turkey or chicken and delicious)  quick, easy, healthy and full of flavor!***i do not agree with recipezaar's calculation of the calories and fat in my recipe. (no offense rz!)  per the nutrition facts on the lean pork packaging, there are 4 grams of fat and 180 calories total for the pork; plus the minimal amount the other ingredients contribute. hence my praise for the low fat healthy recipe. :)",1
"this is actual pudding, not a bread pudding or cake.  it's super easy to make and tastes fabulous!  it's also adaptable based on how much time you have - make the pudding from scratch or use instant, low-fat, sugar-free or regular . . . whatever floats your boat.  use store-bought or instant pudding and canned fried apples for the ultimate super-quick dessert without turning on the stove.

nutritional information and prep time is based on the recipe as written (homemade apples and regular instant vanilla pudding).",2
what could be better than crab and pasta.,6
i needed an easy glaze the hardened quickly (instead of over night like so many) but one that still had good flavor. this dries hard enough to stack the cookies. note: make one batch at a time. it's unmanageable in anything larger. children's water color brushes or those used for painting chocolate molds work well. make sure to put down wax paper or parchment paper on your work surface and prepare for messy kidlets. originally found at all recipes,2
"loosely based on""every day with rachel ray"" nov/06 edition. update: 08/26/2008 since everyone has increased the amount of garlic to 6 cloves,  then i'll suggest that! also, add some lemon zest. as for the heat - we enjoyed it the way it is. if desired, add some anchovies - it tastes great!  just another update: 06/24/09 - increase the servings to 4 generous servings or 6 regular servings.",3
"i got the original recipe from cooking club of america. i changed the amounts due to my personal tastes as you may do. it doesn't have to be refrigerated overnight, the only time i do that is just for my convienience. amounts on salad ingredients may be adjusted or left out according to what you like. this is a great pasta salad and i'm always asked for the recipe when i take it to a potluck. try it, you won't be sorry!8 (1 1/2-cup) servings.",7
a different type of patties,6
this is delicious and addictive. it was given to me by my friend lainey.,5
"i have adapted this recipe from the joy of cooking with a few modifications that have crept in over my many years of making it. it is always a crowd pleaser and it is a breeze to prepare in the food processor. if you don't have a food processor, you can easily do the chopping and mixing by hand. you can also make it a day ahead and refrigerate until you are ready to bake. a double batch will fit in a standard food processor.",4
this was my grandmother's recipe for an easy dessert when the family was over.,4
"recipe from: celebrate! healthy entertaining for any occasion, an american cancer society cookbook.",4
moist crab in a tangy tabasco-spiked sauce makes this fabulous fishy cocktail a simple but stylish appetizer.,3
"i have seen many fudge cake recipes, but i believe this one takes the cake *heh* because of the sour cream & brown sugar. it is rich and if you love cake you will think you died and went to heaven! 8)",2
so easy. so yummy. so doable.,6
"i found the original recipe for low carb chicken breasts on the net, but some of the ingredients were out of the question for me (pork rinds) or there were ingredients i will not combine (chicken and parmesan cheese, for instance). feeling in a rebellious anti-lowcarb mood, i adapted the whole recipe to something that my kids would adore, and would help me indulge in an occasional guilt-trip.",1
"this is a wonderful spin on the green chile recipes for green chile lovers, like me! very rich and cheesy and creamy, to be used as a dip or over enchiladas!  my husband is from new mexico and introduced me to this hot lil number 10yrs ago, and i always loved heat, but green chili is unlike not other. one of our favorite restaurants here in san antonio is chuys! we have little ones so going out for a sit down dinner isn't always on the menu, so desperate times called for desperate measures!",3
this is based on the wonderful maggiano's restaurant dish of rigatoni di gregorio.,3
kossman old cookie recipe bar with  orange icing,2
the guests were soon to arrive and i had no good ideas. i browsed the six o'clock solutions cook book published in 1995 by the vancouver sun. a quick tri to the store (unfortunately not the garden) and i had a delicious vegetarian meal ready> many compliments were received,6
"this is another one of my ""twisted"" recipes. that is to say a traditional recipe, that i have put my own twist to. (prep time does not include time to chill.)",4
"this is day 2: breakfast, on the 21 day wonder diet.  i was unable to buy rye bread the first time i made this, so i used light rye instead.  this breakfast is to be followed by a mid-morning snack of 1 banana.",2
"this is a great squash casserole that was served at hopkins house in pensacaola, fl for many years.  it was a great place, in a old victorian house. it operated as a boarding house for many years as well as a restaurant. my parents went there on dates in 1949, and we ate many a meal there after church on sunday through the 60's & 70's until we moved to the east coast of florida. you could still get a ""pulley bone"" / ""wish-bone"" as one of the pieces of fried chicken, which was to die for. if you asked your server, they would bring you a plate of just ""pulley bones"" this was the practice right up until they served their last meal.  on fried chicken day you had to get there early, and sit out on the big front porch which  was full of rockers, fans and benches.  what a treat. you could find people from all walks of life on that porch waiting for the same fried chicken as you. there were always at least 2 entree's and numerous side dishes and salads.  there was always dessert, but i never had room for it, although i heard it was good.  there was always a pitcher of sweet tea on the table.  everything was served ""family style"" and it was nice to chat with people you didn't know at your table.  if you were lucky you got to sit at the big round table with the lazy susan in the middle, it made the passing of the bowls a lot easier.  they also did a great breakfast.  everything was always so fresh and just like ""grandma"" made.  i was so sorry to see it close. it was an institution in pensacola, everyone from there knew about it and many people from out of town stopped in any time they were in pensacola. this is one of several recipes from hopkins house that i plan to post, i stumbled up on them in some cook books i bought at a used book store.",6
"this is one of my favorite recipes from a restuarant in mi called santino's. during my school years this was the staple at all ""sports-teams"" banquets and always a classic at large get-togethers. after the restaurant closed, somehow a family friend somehow created the recipe! i'm thrilled to be able to recreate it at home. a very easy, very tasty dinner. enjoy!
update: i'm not saying this is the exact recipe used at the restaurant, i was just giving it credit for tasting very similar to how i remember it tasting and is super simple to put together for dinner.",4
"this is the cookie for someone who loves a rich, hearty chocolate chip cookie but doesn't want to feel so bad afterwards about eating one...",2
by cookinginfl,0
from coup de pouce.  this is done in 30 minutes.,0
deliciously chewy and gingery! i love this--it's like ginger snaps but chewier :p,5
yummy simple rissole for those non meat eaters out there. perfect for post work out.,6
"a tastey little chowder, great on a cold day",6
found on a swiss website for zwt7. :)  this recipe can easily made either meatless or with meat by replacing part of the mushrooms with small pieces of veal.,1
"i was first attracted to this recipe because i'm a big beatles fan, and secondly because it's a good vegan recipe. pretty easy to make, and delicious!",4
"this is one of the three fillings for pierogi's that i will be listing.  these came from a newspaper clipping from 1981.
do not add milk or seasoning when you mash the potatoes.",0
"i can't remember where i got this recipe, but it's really good. i like to make it for potluck's, and family get togethers. this is also easy to double, but depending on your oven you may need to double baking time. also prep time depends on the potatoes you use. i used the prep time for instant or leftover potatoes.",4
"you'll love this fresh tasting salad dressing.  if you're a garlic fan like i am, add 1 or 2 cloves of minced fresh garlic!",7
fill cupcakes with yummy fluffy filling.,2
"i found this recipe in the paper and am posting it here to try when my zucchini start popping up, and up and up and up...lol",4
"one of those recipes that have been passed down through the generations... this is a lot of work, but so worth it...

edit to this recipe: i should say that this is one of those ""until it looks right"" recipes. you want the pudding thick and you may have to cook, stir, cook, you will want to stir constantly and it will be hard to stir. you also might want to refrigerate it overnight if it needs to thicken (this also makes the cookies a little mushy which i love)",2
"i combined my love for cottage cheese and cheese, basing this easy recipe on several cottage cheese enchilada recipes found on the web. (the big difference in this particular case being that i cut out several unnecessary ingredients.) the first time i prepared these enchiladas was for the sole purpose of using up an excess amount of cheese in the frig: cottage cheese, cheddar and mizithra. so, don't worry if you don't have mizithra on hand. top with the enchilada sauce used in my great-grandmother's recipe: recipe #165354 or any good tomatillo salsa and garnish, if you wish, with a dollop of: recipe #126417  or sour cream!",3
"fragrant, mouth-watering cake will serve a great palatable dessert on your table.",2
this is one of those recipes that was emailed to me and sounded so good.  i haven't tried it so i can't say if its good or not but it does have promising ingredients.  the recipe is from the eating well diabetes cookbook.,4
we actually serve these at holidays but everyone knows them as funeral potatoes so that is the name we will stick with.,6
"i found this recipe on another site and decided to post it here because it's just so simple and tasty!  we like to use this with a nice australian barramundi, but it's good with most white fish.  it's the only fish dish that makes my husband lick his plate.   measurements are in american cups.",4
i found this recipe on the inside of a butter carton.  it's difficult to determine the serving size for a snack but the recipe original recipe says 40 (1/2 cup) servings.,2
"this is like a wild and crazy version of a garlic and oil pasta sauce..with sun-dried tomatoes and roasted red peppers and tons of garlic. my re-creation of a delicious dish served at painter's tavern in ny state.  it was one of my favorites on their menu and has become one of my signature dishes. i am finally attempting to nail down measurements for this recipe, as this is something i make entirely by feel. i serve this with soleo or white zinfandel wine and nothing more than a simple caesar salad. i use carapelli extra virgin olive oil and parmigiano reggiano for the cheese. the restaurant never served theirs spicy, but my family likes things zesty.  the waiter would come around and grate fresh cheese and cracked black pepper over each portion.",3
"these are my ultimate party sandwiches! so simple, so yummy, so budget friendly. this is my most requested party food. i usually make this with 2 loaves of pumpernickle for a party, but you could scale it down for a small picnic or get together. just be careful to add the seasoning to your tastes! i cook the bacon the night before to save time the next day.",6
"these rich, tender scones are packed with chunks of cheddar cheese and diced bacon, and accented with fresh chives. serve them with soup or a salad for a satisfying meal.",3
"a peachy keen way to serve up pancakes! yogurt adds protein and helps leaven these exceptionally tender pancakes.if desired, other fruit yogurts can be substituted for the peach. from country living magazine.",5
"mom made this for us kids and it became something that was requested. hard to believe, an organ meat that my mother turned into what we, as kids, considered delectable.",6
this was adaped from the barefoot contessa's chelsea buns. they have replaced frozen dough cinnamon rolls i have been making for my family every christmas day morning.,2
a great sandwich! adapted from country living magazine.,6
tasty and fun for kids...,6
"a 3 ingredient gelatin mold, that tastes just as good as it looks! ingredients are...boxed strawberry gelatin, boiling water, and frozen, sweetened strawberries.  the strawberries i pick myself, and sweetened with
granulated sugar before i freeze them, and use later through out the year.
this salad is one of the best tasting strawberry gelatin molds i've ever made.",5
"this is a recipe i cut out of the sunday coupon section years ago.   for the tomato products, i like to use hunt's with basil, garlic and oregano already added.  the recipe calls for penne, but i use whatever pasta i have on hand. it's very satisfying and always goes quickly at our house!",3
quick and easy kid pleaser.,0
certainly not ,0
"i had this at a new year's party and it was so good i had to get the recipe to share here. can easily be divided into smaller amounts, frozen and re-heated in the oven or microwave. fresh chopped onion can be substituted for the frozen and it is also good with chopped artichoke hearts added. serve with crackers or melba toast.",4
"not all of us are blessed with a grill, yet we desire tasty burgers at home!  modified from the dallasnews.com -- recipe by alicia ross for kitchen scoop -- published: june 15, 2012.",6
"this is a copycat version of applebee's famous quesadillas. using the pico de gallo recipe #83371 (thank you edsgirl), you won't be able to tell the difference between these and the ones from the restaurant. please note, the recipe is for one serving, adjust accordingly to suit your needs.",3
something different that might just float your boat. a favorite of ours.,0
my young daughter loves this meal and also loves hotdogs. it's a nice alternative to hotdogs on a bun. prep time included cook time,6
"from cooks illustrated:  main course salads make a simple, quick weeknight dinner. typically, they involve little more effort than chopping a few ingredients and blending vinaigrette. we wanted to make a seasonal salad in which the sweet flavor of smoked turkey took center stage. here’s what we discovered: 

test kitchen discoveries

have the deli counter cut the slices of turkey extra thick; cut the slices into thick strips to serve. 
mix together tender green or red leaf lettuce with shredded red cabbage for flavor and textural contrast. 
tart dried cherries or cranberries add sharpness to balance the sweet-tasting turkey and a chewy texture to contrast the tender greens, crisp apples, and crunchy nuts. 
toast the almonds in a skillet over medium heat to intensify their flavor.
note:  if you like, walnuts can be used in place of almonds in this main-course salad.",7
i saw this on the cooking channel. looked yummy.,4
"i got this recipe from a coworker. the topping calls for 3 sticks of butter, but i only use 2. make sure the topping is ready when the cake comes out of the oven, it needs to go on while the cake is still warm so it sticks (or melts) into it.",2
"feel free to add some dried fruit, baking chips, or chopped nuts. almond and coconut milks also make nice vegan smoothers for scones.",5
"this recipe was originally given to be used with southwest scramble.  this version has been reworked for the ""make it healthier 2008"" forum. it is a topping for southwestern scramble on the lite side recipe #281985  delectable! merry and bright.",4
recipe from alvii. add different veggies to this if you like. i like to add a little bit of hot pepper flakes to give this some bite.,4
i just made these for the kids.  they are so simple to make!!  from kraft foods food & family cookbook,4
this recipe for honey garlic ribs was in an old recipe box i bought at a garage sale around 1960. it is very easy to make with bottled vh garlic sauce.,4
"this is my sisters recipe. it's a good one when you want to have a dessert, but can't be bothered making a big effort",4
"this recipe originally came from taste of home magazine. i've tweaked it just a bit and love the result! delicious, rich and flavorful cookies... gobbled up everytime!",4
"these are delicious potato balls. they are full of flavor, perfect for an appetizer or just an afternoon snack! we love these... i cant get enough of them! hehe my fiance made these for me for the first time on my birthday this year! best birthday snack ever! :d besan flour, also known as chickpea flour, can be found in most asian markets, and even some health food stores. cooking time is the time it takes to make one batch.",2
"i just love cooking my fresh shrimp in the hint left from the bacon in this recipe.  makes for a lovely lunch or light dinner! from cooking light with one minor change....my non-stick skillet states not to use cooking spray, so i've eliminated that and left a bit of oil to cook with. if you have another type of skillet, feel free to wipe the skillet and spray with oil before cooking the shrimp.....personally i prefer to leave a bit of that bacon flavor!",1
"adapted from bhg ""holiday appetizers"" magazine. the dressing can be made ahead and kept in the fridge, but don't prepare the avocados until just before serving or they will turn brown.",7
simply divine!  elegant potato dish with aromatic herbes de provence.  i love making this with recipe #218312!,4
another mushroom side i make for my mushroom loving hubby!,6
"whenever i have tempura at a restaurant it is always so light and crispy, the boxed store-bought stuff is okay providing you rush to the table within minutes to eat it or it gets soggy and soft, i have tryed many tempura recipes over my 35 years of cooking i have to say this one is the best, it produces a very light crispy coating that holds up well --- i have used this to make tempura veggies and froze them after deep-frying in this batter, and just reheated them in a small amount of oil, also with bite-size meaty pieces of fish and with about 15 large peeled shrimp cooked about 3 minutes --- remember the tempura must sit out at room temperature for 10 minutes before using, if you want to make a double recipe of tempura, then make two exact recipes using two separate bowls, do not double the recipe and make it all in one bowl it will not work --- use only rice flour for this anything else will not work the same and use only a light-coloured beer.",1
"modified ""wholemeal scones""",0
"i created this to complement spicy bbq rubbed pork chops (the rub recipe was from rachel ray).  it pairs nicely with any barbequed meat dish.  it's kind of a spin on ""copper pennies""...one of my favorite cold summer salads...but it's less sweet and a bit more versatile.  serve it as a salsa to top meats or as a cold summer salad...it's even good when heated and served as a side dish.",3
"i created this recipe myself. i love cheese toast, but i wanted to ",4
"this is a delicious recipe, different from the normal stir fry, salad or curry. quick as lightning to make too. i use just cooking spray or bake them.",4
"these will be the easiest truffles you've ever made and they are sooo yummy!  they are a tradition at my house for christmas and we coat them in pink-tinted white chocolate for my daughter's birthday.  you can shape them like eggs for easter and dip them in dyed white chocolate or roll them in colored sugar.  you can add different flavorings, different coatings, substitute milk, dark or white chocolate... the variations are endless.  no matter how you finish these, they will taste great!  the original recipe came from one of the chocolate companies several years ago but i can't remember which one.",2
"from omaha steaks meat cookbook by john harrison.  this recipe originally included a pastry recipe, but i use refrigerated pie crusts instead to save time.  i just unroll them, roll them out with my rolling pin, cut them with a biscuit cutter, and fill with this filling.  this recipe is for the filling only.",2
"i made this by accident one day as i was cooking and had leftovers from each of these from my ingredients, hence the title. waste not, want not they say, so i dumped it in a glass over ice and was pleasantly surprised at how refreshing it was. you could add it to ginger ale for a nice punch too (or even better with vodka or rum :d ). preparation time includes opening containers and getting ice from fridge ;)",5
an easy supper dish that is great for using up leftover ham.,6
these are verry sweet but really good. go great with a big glass of milk.,5
"served as either a main dish or a side dish and can be made from raw or cooked potatoes. it can be varied by adding the ingredients and seasonings of your choice such as cheese, bacon, onions, etc. recipe from restaurant brasserie anker bern, switzerland",6
"the softest, sweetest breakfast treat in existence.  the recipe comes from bridgewalk bed & breakfast.",2
there are plenty of good pizza roll recipes but none of the fillings suited my family's tastes so i came up with this one. if you prefer you can replace some of the meat with sauteed vegetables such as mushrooms and peppers.,3
"i worked as a barista for 2 years and i tend to be very picky when it comes to specialty coffee drinks.  living in an area where there is a coffee stand on every corner i have tasted so many different versions on each drink so i know that though everyone will use the same ingredients for the most part, quantities and quality matter!  this is my simple yet satisfying mocha frappe.  although i am sure many might think to substitute for the ingredients to suit their tastes/diet or to use what they have on hand, i hope you will reconsider and use store bought chocolate milk if you can because it is thick and creamy which will make a difference.  for variations to this recipe you could add a bit of coconut extract or other flavors, or even flavor syrups.  and top with whip cream to make it extra delicious!  if you don't have the chocolate milk it is ok to substitute with half and half (can be fat free) and some chocolate syrup as i have found that still gives it enough thickness.",5
chicken tenders can also be use instead of pork.  and use a plum sauce instead of the mayonnaise.,1
"if you are lucky enough to have a tree or know where to pick elderflowers give this a try. pick flowers right after dew is dry from them and before the heat of day removes the fragrance. morning is when they're at their most fragrant, any of the top layer of flowers will oxidize from contact with air, turning brown. it's fine you can leave it be or place a weight on them to keep submerged, do expect the liqueur to darken as it ages into a deep amber. this is ok.",5
bottled barbecue sauce and peach preserves makes this a very easy sauce.,5
"from every day with rachael ray
june-july 2008
prep time does not include marinating",0
pure natural ingredients and soooooo good. no baking. i usually include them in my christmas goodie boxes. don't make them too big they are very rich.,2
yummy drummyies mmmmmmm,2
"this is a wonderful, easy recipe from my collection. i posted a few other eggnog recipes, and i hope you will try them and enjoy them for the holidays and years to come 8)",4
recipe is from meals.com.,4
"i fell in love with this dip 7 years ago when i had it at a work function. it was made by my supervisor, julie renshaw and had been dubbed simply ",0
another quick and easy soup for a cold day.,6
"this is a spicy meal meant for singles or couples. it's delicious and a great comfort food! even though it involves a baked potato, this is not a side dish - it's a full meal. thanks to bakers brothers deli for the inspiration! for me, this is way too much food, so i usually eat half of it for one meal and half later.",6
"this is so easy, so delicious, and did i mention easy?  mom and i had been toying with the enchilada recipes i've found here on zaar that sparked our interest.  i had been browsing the back of can labels (always on the lookout for recipes to try) and the ""acapulco"" jumped out at me.  i came home, made some adjustments to my old recipe, and this is what it turned out to be...a culinary vacation to acapulco.",3
"this is a drink you might like to share, (or maybe not **wink**) since it contains 6 shots! chill your martini glasses for a few minutes prior to mixing this up.",5
"a quick drop biscuit recipe that can be made with just three to five ingredients.  i have also made these with skim milk and fat free mayonnaise and they still taste great.

note - 2 cups of self rising flour can be substituted for the first 3 ingredients.",2
another recipe that lends itself well to ,4
"this dessert is like homemade apple pie with 90% less effort.
served al amode with a side of vanilla ice cream, this dessert is both rich and easy.

i found this recipe and am posting it for the world to see courtesy of:

http://frumteacher.blogspot.com",2
"a mexican dish from diana kennedy, great for either an appetizer or a side dish.  i like to vary the kinds of peppers i use, adding some sweet peppers and some hotter ones.
if you like, you can char and peel the peppers beforehand, but i usually don't bother.  you may want to increase the cooking time if you don't char the peppers, or if you prefer them softer.
if asadero cheese is unavailable, use muenster or a mild cheddar.  a dark mexican beer is best for this dish.",3
an easy combination of tomatoes and chicken makes for a fast super- tasty dish.,1
"my favourite dessert souffle, this always brings out the oooohs and aaaahs from my guests when i serve it! please feel free to use an orange liqueur substitute if you cannot find or afford the real thing.....it will not be quite the same - but you will still get the oooohs and aaaahs!!",5
from the smoke and spice cookbook.,0
"got and adapted this recipe from bon appetite.  quick, easy and really really good.  the recipe calls for the peppers sauteed.  i actually leave out the peppers until the very end and add with the corn kernels.  serving with sour cream is a must.  enjoy!!",4
"cooking the meatballs in simmering pasta sauce  will not only add so much extra flavor to the sauce the meatballs will be melt-in-your-mouth tender, you may of course oven-bake the meatballs for about 25 minutes,  --- don't be afraid to add in more parmesan cheese and a little more milk, there is no need to measure exactly, this recipe is pretty much foolproof, leftover cooked meatballs make a wonderful pizza topping just slice thinly and freeze until ready to use ----- these also make wonderful juicy burgers shaped into patties-- for more of my tried and true recipes check out my food blog at www.kittencalskitchen.com",1
this looks really good! from food everyday issue 9.,6
"i got this recipe from a friend, and my family loves it.  using only 3 ingredients, it is a snap to prepare.  please let me know what you think.",4
"i invented this just now. i loved it! great (and tasty & simple) way to get rid of the extra hummus, capers, and sundried tomatoes that you don't know what to do with. yummy! i used laura divine's low fat hummus (40517). can be easily multiplied and easily make substitutions (canned chicken, salmon, etc...or change the cheese, veggies, spices...the possibilities are endless! maybe vegans can even sub tofu)",1
"this is perfect to take to a picnic during the summer months because it has no mayo!!!  it is light, sweet and crunchy.  i got the recipe at trader joe's this morning.  feel free to substitute out balsamic vinegar instead of the vinaigrette. . .we like it that way too!",7
"i get this soup, every time i go there.",0
"a quick and easy treat from the grill! low in calories too.
note: if using wooden skewers, soak the skewers in water for at least 30 minutes before using.",6
"no tomatoes here, just a satisfying cheese and chicken filling with a creamy sauce all over it. i found this recipe on the all recipes site several years ago. this is an excellent recipe!",3
"cool and creamy chipotle dip... mmm! this is a real hit at parties of all sorts, in all seasons! (you can even use this as a pasta sauce and as a topper for sandwiches and burgers, or stir a little into some chowder.) prep includes chilling.",6
"from the caribbean...a deliciously sweet way to fix plaintains, also known as cooking bananas. plaintains are sweet and soft when their skins are almost black! but in this recipe, with the sugary syrup, you can use fruit not quite at this point! yum!",5
"considering how easy this is to make, it makes a great strawberry jam, good on waffles, pancakes and for a cheesecake topping! it will keep in the refrigerator covered for up to 2 weeks.",2
"my mom volunteered at a children's church camp, and they made this for about 300 kids. you can imagine how many loaves that took! she brought the recipe home, and served it to us. we liked it, and now, in a pinch for time, i'll make this and serve with a salad. it's especially econmical if you have left over spaghetti sauce from the night before.",6
a nice side dish.  wonderful flavors of fresh herbs and breadcrumbs.,6
this kansas city-style sauce is sweet and smoky with a little bite.,3
it's like having a lush gourmet coffee bar at home! cooking time is however it takes for the coffee to brew.,6
a good alternative to the store bought sauces.,3
very popular soup in hongkong. everybody loves this soup in the summer. many variations are available.,7
the green colour looks fabulous and the taste is heavenly. serve with a raspberry coulis. keep enough rind of the orange and lemon for garnish.,5
"garlic stuffed olives wrapped in an easy cheese dough and baked until warm and crisp! a spicy, salty treat! perfect appetizer or snack.",3
cooling lunch in a glass.,0
there's a fiesta in every bite of of this tasty chicken dish.,1
i have a summer job in the local museum and i have access to the exhibits. on display are some old cookbooks and i often have time to browse them. my favorite is dated 1928. this recipe comes from that book.,0
my dad made this for us once for a quick dessert. it's really great and can be very low fat if you use low-fat sour cream. you can use blueberries too.,5
i can't keep chicken salad in this house....the family loves it so much!! this is a real treat when i make them.,7
my family loves this meal!  easy way to get some spinach into them!  i do love it with the dressing called for but have also used plain italian and even just oil.  it is from kraftfoods.com.,7
"cacao beans are the raw ingredient all chocolate is made from.  


containing over 300 identifiable chemical compounds, cacao is the most complex food substance on earth.  cacaos’ abundance of natural anti-stress, anti-depressant and bliss inducing compounds, serotonin, tryptophan, anandamide, dopamine and pea make cacao natures answer to prozac.   these well studied neurotransmitters alleviate depression and create feelings of wellbeing.

cacao also contains mao inhibitors which allow more of these feel good neurotransmitters to circulate in the brain for longer.  


cacao beans are 500 times richer in anti-oxidants than blueberries; however it has been shown that the addition of diary produce actually blocks the body’s ability to absorb them, so ground cacao is best mixed with non-dairy liquids for hot chocolate, smoothies or shakes.


cacao is not only great for your mood; it is good for the heart too.  cacao is rich in magnesium, the primary mineral missing when heart problems occur.  magnesium increases overall vigour of the heart muscle and decreases blood coagulation which lowers blood pressure and helps the heart pump more effectively.

hot chocolate that really is good for you !!",5
found on emiratican kitchen . the intro says: this is an unusually delicious salty and sweet breakfast dish that is enjoyed on a regular basis.  this is also traditionally served on the eid holidays along with boiled garbanzo beans and boiled black-eye peas.  along with the salty-sweet taste your taste buds will be tickled with the cardamom spice.  it is very interesting to eat this for the first time because you think it will not be delicious but it will soon become a favorite of yours too. posted exactly as written.,3
stir fried beef with vegetables. a basic quick recipe.,1
"from an old clipping from the houston chronicle, this makes a quick hot lunch or light dinner!",6
the tiny pasta soaks up the vinaigrette as it stands. ditalini or small shells also work.,3
"strange as it may sound, broccoli is one of the more exotic (and recently made popular) vegetables now available in india. not quite adopted into our indian cuisine, one has to create and find innovative ways to cook it. i generally tend to just steam it and use it in salads. this one is to be had raw, after having been marinated overnight. a great idea for the relish tray.",7
"my dad used to make ""fried dough"" or ""polish doughnuts"" (we are part polish) for us on occasion, using pizza dough.  i recently started experimenting with my son and i think i have perfected the ""art"".  thanks dad!",2
"these soft sugar cookies will have the wheat crowd wishing they could eat our cookies!!!!!  maaaaybe we might share, lol.",2
cooking light.,0
"super easy, and so delicious!  prep time does not include time to marinate.",1
"the recipe was given to us by a co-worker of our son.  i could just sit and eat the sauce it's so good!  it makes a very thick sauce, but you can thin it to your liking. it's not as hot as you think it is (considering the base is jalapeno)",3
my family adores fresh red snapper and we are so lucky this time of year to buy freshly caught fish from the local fisherman.  this simple recipe compliments the fish and is so quick and easy to make.  this also works nicely with halibut.,6
"a simple, simply splendid way to serve raspberries.",5
from the ny times,0
"my friend larry, a lover of all things dessert, declared these are the most outrageous brownies he has ever tasted and nicknamed them ",2
just a very simple little coffee cake with apples and almonds. it was in an old cooking light magazine.,2
"i love pickled anything and i found this on the williams-sonoma site.  i haven't yet tried it, but the picture had me craving it.",5
"what can i say, it's a fun drink. feel free to adjust the vodka volume to the level you like best.",5
bite size crunchy cookies.  a german tradition passed down from my family.  perfect for the holiday season.,2
"another family favorite from my most treasured recipe book; towns, trails and special times.  this cake is moist and fabulous.....and the easy 'one pan' technique makes it fun to prepare with a 'little chef'!",2
"paneer cheese cubes curried with mixed vegetables, nepali style",3
"i really learned to appreciate chipotles in adobo sauce during the zwtii.  i found this recipe in bon appetite oct. 2006.  it's a great take on your typical deviled eggs.  here's a ""grate"" trick i learned for grating the egg yolks...get a fine mesh sieve (not the very very finest, but a ""regular"" fine), put the yolks in the sieve and push through the sieve with a spatula.  as the yolk pushes through, scrape the bottom of the sieve...continue until all the yolk is pushed through.  gently stir in rest of ingredients.  it really made a difference!  enjoy!",3
"while travelling in the states last summer, my kids and i developed an addiction to moose tracks ice cream. (dh isn't much of an ice cream lover) unfortunately, we can't get moose tracks here in israel... so i decided to concoct my own version. here's the recipe, my dd came up with the name. karen=..=, thanks for your wonderful recipe, we love reese's squares!!",5
"this is a fantastic veggie side dish.... wonderfu along a turkey, ham or roast. i always make this when i have a dinner party, it looks so impressive... make sure that you don't over blanch the beans, as they will become soft when frying. also, to save time, the beans can be prepared a day ahead, just wrap in a towel, enclose in plastic bag, and refrigerate for up to 24 hours.",1
"some of my favorite flavors -- soy, garlic and ginger. low calorie also.  i think i found it in the cookbook 365 easy low-calorie recipes.  serve with rice and steamed or stir-fried vegetables.",3
this is a quick and easy recipe that has been a hit with the men i have served it to for years but the women like it too. *wink*,4
i made this up because i was bored... i didn't really pay attention to how much  of each ingredient i was putting in but i think this is a pretty good estimate!,4
"here's a different twist to prepare your fish...absolutely delicious, and very easy to prepare",1
"i pilfered this recipe from one of those checkout line cookbooks and it's been a family favorite ever since.  hearty, barbecue flavored beef and beans meets chili pie in this quick, easy dish for the entire gang!",6
this is an easy and healthy side dish that goes well with grilled meats or fish.,1
this recipe comes from the epicurious website. go the extra mile and get andouille sausage it really makes a difference. great served for a picnic with potato salad.,3
make these with your favorite cuts of steak.these are even better done on the bbq!,6
"wheat-free apple crisp offers benefits from soy flour, almond meal and flax seeds.  can be made with any tart/firm apple.",2
from a flounder brochure.  i haven't tried it. recipe doesn't say what type of cheese to try so let me know what you used if you make it!,3
"found this one in a weight watchers cookbook, and modified it to suit the ww core program. a great way to use up leftover chicken and to provide a good flavorful lunch soup quickly. what sets this apart from so many other chicken and corn soups is the absence of dairy and the use of saffron to give the dish a distinct color, aroma and flavor. (3 points)",1
"this hearty, tangy dip from diane phillips' cookbook, ""you've got it made,"" goes well with bread, tortilla chips, pretzels or sturdy crackers. this recipe can be made and refrigerated up to three days ahead.",4
"this recipe is from the archives of pioneer lodge, a seniors residence. there is no suggested number of servings but i would guess apprx 6 servings. this sounds almost like a dessert salad",7
"one of the nice things about having been on this earth for a extended period of time is that you get to experience many things. some good, some bad. some things that you remember and many things that you forget. once in a while some thing, experience or event comes along that stays with you and provides many nice memories. one such thing for me was a coney dog. not just any coney dog, mind you. but one that stands out — nonpareil. the ultimate coney dog. a poor man’s gastronomical delight. one that shall never come this way again. for it just wasn’t the taste of that coney dog among coney dogs: it was the aura of a bygone era. not only did the sauce-covered wiener satisfy your appetite, but the smells, sounds and sights of the surroundings made the consumption of this king of coney dogs an event to the looked forward to, cherished and remembered for years to come. in the old days in canton, ohio, there was an indoor version of a farmer’s market called the arcade market in downtown canton where one could get the freshest produce, meat cut to order on the spot, actually homemade items for your home and, of course, breakfast and lunch. homer e. dickes (dick), a spry wisp of a man who seemed old even when i first met him as a 5-year-old kid, owned two eating venues within the old arcade. one was a sit-down counter that served lunch and breakfast. you could get that day’s version of fast food there, eggs made to order, various sandwiches, sodas and shakes, but there was one thing you couldn’t get there: that was a coney dog. for that you had to amble over toward the other side of the market, elbow your way up to a counter where mr. dickes himself served up coney dogs par excellence at dick’s coney stand. during the rush at lunchtime you sometimes had to stand five deep and hope you got served in time to get back to work. lunch, at least in my working years, consisted of two coney dogs washed down by an ice cold root beer. mr. dickes would take your order, grab his tongs and deftly fish the required number of wieners from  a pot where they had been simmering since early morning. he would then take a bun or buns from a steam warmer and with a quick flick of the wrist using a long soda spoon put the perfect amount of sauce on your dog. an assistant would bring your root beer and take your money while mr. dickes methodically waited on the next customer. in the 30 or 40 years that i frequented dick’s coney stand i don’t think i ever heard mr. dickes saying anything more that “what can i get you?”. he was much too busy for chit-chat and i was much too eager to consume my prize dogs to want to converse with him anyhow. those days are long gone now, but the memories linger on. the arcade market was slowly pushed aside by the newly arrived aseptic and extremely mundane super markets. dickes coney stand held its own against the fast food restaurants that started to populate downtown canton, but even the popularity of his coneys couldn’t sustain the arcade market and keep it open. the arcade market finally lost its battle to serve the citizens of canton and with its closing dick’s coney stand served its last coney dog some time during the '80s. after its closing, i, along with others, would search in vain for a coney that was comparable to mr. dickes’. at times i would come across one that was reasonably good but the ambiance — the sights, sounds and smells of the old arcade market — could not be replicated from that earlier time. 
for years i had heard rumors that someone had the actual recipe for mr. dickes’ coney sauce. i was eventually given a copy of said recipe by a friend and eagerly set about making it in my home. what i was given was a pretty standard recipe for coney sauce that didn’t seem to be anything special and indeed my first few attempts at making the coney sauce didn’t produce the hoped for results. it took quite a few tries before i discovered that the secret to a good coney sauce wasn’t in the ingredients but it was in the preparation. like all things of import, the effort put into creating something — whether it be a food item, a material object, or even a work of art — directly impacts the final result. you can use the finest ingredients, building materials or artist paints, but if individual effort is lacking, the finished item will leave something to be desired. a quick search of the internet revealed a couple recipes that were attributed to mr. dickes. the one that i offer here is one that has been circulated for years by word of mouth and is popularly thought to be the original recipe from dick’s coney sauce. for many years now i have served this sauce to friends and family and it is now known in my somewhat limited circle as ken’s famous coney sauce. i have freely given out the recipe but invariably i get feedback from others that they just can’t make it the same way as i do. that is probably because of the required amount of effort that it takes to make a truly great coney sauce. it takes a couple hours of intense motivated effort to make the sauce come out right. an effort that most won’t put forth for a lowly wiener.",0
yum@!,0
"frund online, posting for zwt6 (scandinavia).  marinating time not included.",0
this recipe makes approximately 30 oz total and that will fill about six 5-oz molds.,4
"spinach and ""groundnuts"".  an east african side dish.",6
"this is a great vegetarian pancake, easy to make and is delicious. this recipe was passed to my mother over 100 years ago and has been a favorite of the families.",2
"hot delicious dip is always a hit! makes your taste buds go crazy! serve warm with your choice of crackers, toasted pita wedges or toasted cocktail breads. have tweaked a bit but it was originally found on allrecipes.com submitted by kamryn.",6
"yet another version of the old tunnel of fudge cake. this one uses cake mix, brewed coffee and cream cheese in the filling.",2
"from ""the best freezer cookbook""",0
i made this when i just didn't want a plain grilled burger.,6
i found this recipe years ago in a hidden valley ad and it is always a hit at parties. the blue cheese adds a nice bite in taste. i can't get the dry blue cheese anymore so i use regular dressing. this is good for those of us who have to watch the waist line at parties. prep time does not include setting over night.,3
"can not take credit for this wonderful dish, i found it in and old cook book. just wanted to share this wonderful complement to any entree.",6
shiitakes are a great source of vitamin d and are thought to aid digestion. this recipe comes from the food coach.,1
"the recipe came from an old friend many years ago. easy to make, tastes great, everyone likes them, in the summer you want them at most meals & they go great with your bbq.",4
this is so rich and creamy. a great meal to make for a special occasion.,4
"i found this on aish.com. they were offerring an assortment of asian recipes for chanukkah, and this dessert influenced by filipino cuisine piqued my interest. this recipe makes 16 lumpia.",5
"i make this rub to go on my carne asada.  i did not include salt but salt the meat to taste. 

note, pasilla chili powder is the same as ancho chili powder.",3
i grew up eating these super yummy cookies.,2
i found this recipe in the newspaper twenty years ago. i was impressed by the author's stories about life in the homefront during wwii so i decided to try this recipe. it was very good even without the allspice.,4
"2 ingredients! serve with easy-does-it rolls, both from my great-grandmother's recipe collection from her early days in memphis.",4
"malt, rather than sugar, is what sweetens most food-service (i.e., restaurant/hotel) pancake mixes. for that typical ""diner"" taste, try malt in your pancakes instead of sugar.  from king arthur flour.",2
"my beloved and very much missed grandmother was always asked to bring these to family gatherings.. the woman knew how to cook, raising 8 kids, 6 of them being girls, i think it's fair to say- she had a phd.. ;).. i only wish i had more of her recipes to share..",4
"this is a delicious and easy to prepare recipe that you will love!  irondesert.com helped me come up with the idea.  they use jalepenos, but i prefer banana peppers.",3
"don't be fooled by the small amount of ingredients to this teriyaki marinade this is very good! you can use lemon or lime juice in place or orange juice or for a milder taste just use water, if you are not a ginger-lover then you may omit the ginger, if you want a thicker sauce to cook chicken in just add in 1-2 tablespoons cornstarch to the ingredients and microwave for 3 minutes to thicken.",1
"sinfully sweet, tastefully spicy--so delicious i ate 4 bowls in less than 20 hours--2 for dinner then 2 for lunch the next day!  go on, try it.  you'll love it up.",7
"this recipe came from chef bryan webb, and served with almond biscotti is really a great refreshing item to serve.",4
"from justbento.com  this is another of my lunchtime favorites!  i usually use 1 small thigh, and put it in the marinade the night before.  in the morning, i quickly cook, cool, and pack in my lunch with some vegetables for a complete lunch.  note- the smaller you cut the chiken, the faster it will cook through.",1
"a handy little recipe that i adapted from a pretty generic looking mexican cookbook that i have.  the original recipe calls for feta cheese, so that's an option if you eat dairy.  i think it's a great dish without the cheese but also plan to incorporate recipe #364732 into it next time.  great way to use fresh beans from your garden, they are the star of the dish!",3
this wonderful african dish was adapted from matthew kenney's mediterranean cooking (chronicle books). wine: 1996 ravenswood vintners blend zinfandel. this lightly spicy american wine will be a nice addition to the rich and slightly spicy chicken.,1
"a delicious way to use leftover turkey. a quick,light, boxing day lunch, or any time. from better homes & gardens",6
"a recipe from tarla dalal. i have tweaked the original recipe to suite my taste and cooking style
dried fenugreek leaves ( kasuri methi),chaat masala and tandoori masala are available from indian grocery stores.
you could substitute the tandoori masala with garam masala. you could omit the chaat masala. although the kasuri methi does add a distinct flavor, it can be omitted.
the",3
"a really special friend shared this recipe with me several years ago.  it was his trick for dressing up those inexpensive noodles for his kids, and i think it is very good.  this is great on its own as a quick meal, but can be an easy side for many dishes.  we prefer the chicken or beef flavored noodles for this.",3
"quick kid friendly snack for a rainy day, or for the game.",6
"i haven't tried this yet, but with the holidays just around the corner, i thought this might make a tasty addition, with a difference.",5
i was buying ragu my entire life and it was never quite enough or too much. it was also expensive compared to a can of tomato sauce. so i thought i'd try to make my own. i found out that it was super easy to do.,3
"made this on the weekened and i love it.  has so few ingredients was tempted to add something else, but it is excellent just the way the recipe reads.  try this if you love crab.",4
this is a all purpose strawberry puree recipe which can be used as accent for many dessert recipes.  it is also a good way to freshen fresh strawberries which are a little past their prime.,5
"this is a good ""girl's night out"" drink.  my friends and i recently had a lingerie party and this was served....wow they were yummy!!  i'm posting it so that i don't lose the recipe.",5
"full of fiber, as well as protein, this will keep you full and energized all morning.  it's easy to make, and leftovers can be refrigerated and microwaved the next day with a little more soy milk or water.  also, you can mix a big batch of the dry ingredients ahead of time.  important note: in the ingredient list below, it should say ""quinoa flakes,"" not quinoa, but the database does not recognize this ingredient.  ancient harvest brand quinoa flakes can be purchased at your local health-food store in the hot cereal section.",5
this is one of giada's recipes - sounds really good!,4
this tastes like an oatmeal cookie in a bowl... only this is much healthier for you! from ellie krieger and the food network. you can make this in advanced and store in individual containers in the refrigerator and then pull them out and microwave as needed. (just make sure to store walnuts separately.,2
"i stumbled across this at recipehub.com.  moroccan eggs are great for vegetarians. the recipe is easy to prepare, nutritious and tasty as well! this is best served with bread.",1
"if you don't save the heart when field dressing your deer, you're missing out!  this is some of the best meat on the beast.  my buddies think it's nuts, so i usually get them to save theirs for me.",0
"this is so good, and it's much lower in fat than regular tuna salad. i saw a few versions of this, but this one is a bit different. i don't use as much red onion, usually about 1/2 the amount called for, but i posted it in its original amounts.",7
this recipes comes from michelle at allrecipes,4
i couldn't resist this recipe from cooking light.  the coarse-grain sea salt is a must,4
this is delicious and healthy brown bread. i make at least 2 times a week. another great recipe which doesn't require eggs and molasses (treacle)and if you don't have buttermilk just make your own. simply add 1 tbsp. of lemon juice to a 1 cup of milk. rest of the ingredients you have probably in pantry.,2
this is a great snack and very good for you. created by my husband.,4
a delightful vegetarian dish spiced up with red curry paste! adaped from bon appetit!,6
"this is my version of the traditional spiced black tea.  i tried to include a good number of spices to make it super tasty!  it's quite good hot but not so good chilled.

note: i've listed things in teaspoons because this website won't let me list it in parts, but it's technically in a ratio, so you can make whatever quantity you want.",5
ah! the irish potato pops up again and this recipe teams it up with wonderfully creamy blue cheese.,3
great for pack lunch sandwiches.,6
this is a take on a philly cheese steak sandwich with a little twist! very yummy!!,6
cooking light. october 2003. made for camping and/or oamc!,0
this is not like any of the other one's on the site. i have no idea where the ,0
"i received this recipe from our pastor's wife who had made them for a dinner party. from the first time i tried one, i fell in love! this is one of my favorite appetizers to serve around the holidays (or anytime!) :)",4
"i found this in a quaker oats flyer - it's so delicious!!  i'm curious to try it again as the first time i made it, it didn't stick together in bars as i expected, it was more granola-y in clumps, but i have to try it again to make sure my measurements were correct.  it's so delicious, a co-worker who doesn't like granola actually asked for the recipe because she liked it so much!  i did use dried blueberries instead of the raisins.",2
"this recipe is tasty, filling, and very easy to make and serve. you can make all on the stove top, ready to eat, or you can bake it before you eat. this style gets all the flavors melded even better! my family just loves this dish! we make this when there is little time - with teenagers running in and out, there isn't much of it! i have made this for potluck at the high school at least three times. each time the pot has been scraped clean. it is great during the cold weather, too! you can make it spicy or tame it down for those who like it milder. enjoy!",4
"a yummy combination of flavored chicken, cheese and bacon in quesadilla form!",3
colourful chicken and bean stirfry.,1
"i got this recipe from the woman's day encyclopedia of cooking, vol. 8. a great way to use fresh peaches!",4
"i always seem to have barley left over from other recipes i've made, and this is a good way to use it.  if you can find freshly-picked corn on the cob from a farmers' market or roadside stand, it really adds a lot to the taste of this recipe; however, store-bought corn on the cob will also work well. note: the times below do not include the chilling time of 1-8 hours.",5
"a thai version of this delicious dish, simple and easy to make.",1
"here is a 'recipe' for a quick & yummy dessert that kids from the age of 5 can make by themselves. you can use any combination of yogurt / custard & fruit, below are my sons favourites.",2
"you may use beef, pork or chicken.  leftover meats can be used.",1
"this is my version of a spicy brown-honey mustard. this is my annual homemade christmas present to family and friends. it is very easy to make and i used it for recipe #274950.  i have found that this mustard is made according to taste, no additional liquid yields a paste like mustard and a very grainy (many whole seeds) mustard is very hot. put this on a grilled brat and you'll never use yellow mustard again. enjoy!",3
"this makes the most delicious caramel popcorn that you will be requested to make over and over. i've made several different versions of caramel popcorn- this is my version. this recipe makes a very large batch of popcorn but it will keep fresh for weeks if stored in an airtight container. you can add nuts of your choice as a variation to this recipe. my daughters say that this popcorn is better than sold at ""kernals"". i use a very large boiler/stock pot to prepare the caramel. use the biggest pot /saucepan that you can find. i add all of the popcorn to the caramel in the pot. the other option is to add the caramel to the popcorn-have your popcorn in a very large heat resistant mixing bowl. the larger the container used the better as you will need to toss/stir the popcorn into the hot caramel mix to coat",5
"comfort food - warm, gooey, appley, and just for you! good way to use up old bread and apples, too. note: when dh makes this he puts brown sugar and butter (mixed to crumbly) topping on this and they are even better.",2
pumpkin with a tasty sauce,3
these are strong in taste but soft and light,5
"this recipe is from ""any blonde can cook.""",4
"easy, easy! just watch them closely so they don't burn! great for snacking on, topping salads, soups, etc. they're lower in sodium than store-bought bagel chips. i make them wheat-free/gluten-free with bagels from www.kinnikinnick.com",2
i think my whole family has been using this same recipe for at least 20 years!,4
"mom's recipe. i enjoyed it as a kid, still enjoying as an even bigger kid! i got my friend and her family hooked too!
*the kind of macaroni and cheese dinner to be used here is the one in the short fat box with the foil envelope containing the squishy cheese.",6
"hot days, necessitate quick and easy meals this recipe is a staple in our house.  this lighter version of the traditional is rich in flavors, with out the heavy cream sauce.",6
"i don't know how closely this recipe follows the traditional korean recipe; i make do with what produce is available here. for this recipe i used both daikon radish and icicle radish. i'm sure other varieties will work. use fresh, crisp farm fresh radishes. limpy grocery chain radishes won't work. spicy!",3
"i don't drink coffee, but i love these muffins.  they are full of coffee and chocolate flavor, but not too much of either.  from the frog commissary cookbook.",5
"a wonderful treat to make for the holidays. if you make gingerbread or fruitcake (heh) you really should try something different like these, you just might love them! 8)",2
"i adapted this from:  http://crepesofwrath.net/2013/02/08/carrot-potato-leek-soup/
without a doubt this is the most delicious leek and potato soup i've ever had.",7
delicious ending the the perfect meal.,6
thank linda roth for sharing this recipe. really nice to serve at showers.,4
"from bobby flay's barbeque addiction, argentina on the grill. yum!",0
"this recipe is from the february 2006 quick cooking magazine.  definitely a c.o.r.n worthy consideration as the vegetable ingredients call for 1/2 cup.  i found that about 1 carrot, 1 stalk of celery, 1 potato, 1/2 onion all about equal 1/2 cup so i will use that as a reference in the future.  another thing i did was instead of opening a can of chicken broth, i used chicken bouillon granules and just added 2 3/4 cups of water.  i can see this recipe being used for school lunches in a thermos or take to work lunches in cold weather.  it's fast to make so it's perfect for supper on a snowy day with some hot bread.",7
"this is a luscious recipe from the famous greystone bakery cookbook. studded with raisins, walnuts and lemon zest; this recipe is a little different and very very good! carrot cake being my favorite, i enjoy trying all the recipes i can find...i think you'll like this one too!",2
"this is one of my favourite, quick and healthy evening meals. i chop all the vegetables up and pop them in the oven; the rest takes 5 minutes to pull together. i normally grill some lemony chicken to go with it, but it’s delicious on its own.",1
"my treasure trove of long-lost, but newly found recipes will soon be exhausted. i am down to the last few that happen to all be breakfast dishes that esp appeal to me. as w/many of the others, i have no clue about the orig source of this recipe. (times have been estimated. prep time includes time to prepare ingredients & crisp the bacon. cook time refers to cooking the omelets only.) enjoy!",4
"the combination of curry, coconut milk, ginger, garlic and all the vegetables was both sweet and spicy in the best imaginable way.
the country's people are descended from the indigenous people, melanesians, filipino and polynesian ancestors. as such, cuisine in this country reflects spanish, malay and chinese cultures.
posted for zwt7. found in http://whatscookinginyourworld.blogspot.com/2011/03/day-111-micronesia-coconut-chicken.html",1
"adapted from menus4moms.com, this is a simple but filling comfort dish.",6
"a friend of mine gave me this recipe but i haven't tried it yet. she said that she uses approximately 15 kiwi fruit and chops it up (or uses an equal amount of strawberries, sometimes a combination of the two fruits too). you may have to adjust the amount of sugar depending on the tartness of the kiwi fruit.",5
"as odd as it may sound, the taste of jalapeno works very well with the sweet taste. we gave this as gifts for the holiday and it was very well received. i've been asked to make it again by several people.",5
"a great way to use up that last bit of chili! a very cheap and easy meal. for variations, add cheese, cream corn, onions, and/or jalapenos to the batter. can be made in advance.",3
this is a recipe i found when i was looking for something different to do with pasta. i adapted a basic pasta primavera to a livelier version. it is a little like a stroganoff sauce but spicier and not so creamy. it is also a very healthy recipe in that there's littlle fat - unless you use a load of parmesan. although very quick and easy to make this is still quite an elegant dish. basically you can add other vegetable in season. it is particularly nice to adda little black truffle shaving to the sauce but as this is an expensive ingredient it is not at all essential.,3
"this is a recipe i use from time to time. i thought if you can fry a whole turkey, why not the wings themselves.",1
"i found the recipe on the johnsonville website. i have not tried it yet, but plan on doing so this weekend for sure.",4
a quick and easy every day meal. can be frozen with good result. yoghurt can be substituted with sour cream,5
this recipe was found on the melindalee.com website. it is great when served with mango-lime relish (see recipe). preparation time does not include the 2-3 hours needed for the shrimp to marinate.,1
"i was served this delicious smooth tofu pie at a meeting this week along with the out of this world topping. 

this pie actually contains no dairy--that's made up for by the topping.",2
these are awesome!,0
"this is delicious.  great for a christmas cake.  i found this cookbook at a second hand store, and it was my 3 1/2 year old sons first cookbook.  it's called ""fun to cook book"" from 1978.",2
for zaar world tour - australia - from chef bill granger. recipe source: bon appetit (may 2007),4
cheesy squash casserole with crunchy top!!  full of flavor and is a wonderful side dish with any meal.  a good southern dish!  i received this recipe from my aunt sally who was a great cook!!,6
"a successful blend of fruit with onions, radish and garlic.  you can also add grapefruit.  this recipe is for fruit in segments, but you can also cut them crossways super thin, and you could have an orange and grapefruit layer, then a radish and onion layer, fruit layer, sprinkle of garlic, radish and onion layer, etc.",7
"my 6 year old and i read tomie de paola's ""the popcorn book"" again yesterday.  there is lots of neat information about popcorn in this book, including historical info.  one thing mentioned is that ""the colonists liked it so much that they served popped corn for breakfast with cream poured on it.""  so, being the adventurous parent that i am (*lol*), we decided to try it.  this is written for 1 serving.  we tripled it so both kids and myself could try it.  honestly, we thought it was really good!",6
"chipotle powder and sugar combine to lend a spicy/sweet glaze to pecans. great as a snack or tossed in salads, etc.",2
one dish cooking for easy weeknight meal!!,6
"this recipe is from the ""chips, dips & salsas"" cookbook and is being posted for the strawberry swap.  this would be great with angel food cake or mixed berries or fruit.",4
this needs to be refrigerated before serving but is a very quick appetizer to throw together.,6
"this is a fantastic recipe - one of my favorites. it's quick and easy to make, low in fat and it tastes delicious! great for people on the go (or singletons like myself!) - it makes heaps and stores well in the fridge or freezer, so you can whip it out and chuck it in the microwave whenever. try using as a topping on a baked potato or nachos, and add some cheese or sour cream for ",4
"these are great to serve guests. they are beautiful, contained and easy to clean up after! you can improvise with the ingredients to please everyone!",6
for  beveage tag,0
"a delightfully healthy recipe by paula deen. the dressing is tangy and light; made with olive oil, lime zest, lime juice, fresh cilantro, salt and pepper. always a big hit at bbq's!",5
a combination and modification of recipe#185599 & recipe#360337 that turned out very well!,4
"a good recipe to use for  christmas goodies

very easy to make

edited the recipe to increase the butter  as i typed it with too little butter.
if your graham cracker  mixture is too crumbly  add a little more  melted butter  or  decrease the powdered sugar a little bit.",2
"caramelized pecans make this salad especially good. this is a salad they used to serve at the restaurant one of my son's worked at, rockbottom brewery. if you want a salad with a bit more punch, try blue cheese instead of the feta.",7
"this is a nice, lighter seafood lasagna. no cottage cheese. no mozzarella. no cream-of-anything soup. the secret is the swiss cheese sauce - sounds crazy, but it works really nicely with the other flavors. i am generally not a fan of imitation crab (nothing's as good as the real thing!), but in this case you need the firmer texture to hold its own with everything else. it's 7 ww points/serving.",3
"this is an awesome recipe. i'm not sure where it came from, but i make it all the time, and it's so simple.",4
oh my! tiramisu and chocolate...i must be in heaven. a recipe from the houston chronicle.,5
"i learned this delicious recipe from my mother. it is used widely in the arab countries. it great for holidays or any occasion. ground beef can be used but there is nothing like lamb meat. this recipe is excellent with roast lamb or turkey.  it is easy to cook and family members love it and always serve seconds.
it tastes great with pine (pignoli) nuts.",1
old recipe; has cream.,4
"this is often known as kisel in russia. it is an old traditional dessert that can be made with several different pureed fruits and is often quite tart. to mellow it out, this recipe uses nonfat yogurt.",5
i have not tried this recipe. i got this recipe from food network's big daddy's house.,4
this is another of my grandmother's recipes that was made on a regular basis on the baxter farm.  we always have a surplus of cabbage from our garden in the early summer and this is how they usually end up.,4
"eggs, sausage, cheese, and southwest spices are baked in a 9x13 inch pan.  good for a large family, or a smaller family of big eaters.",2
very tender great flavor steak with a zing,3
"i found this recipe on the progresso website.  i haven't had a chance to try it, but it sounds interesting.  this recipe contains panko-crusted sole (or other thin white fish fillets) and is garnished with a mixture of garlic, serrano or jalapeno chiles, basil and grated orange peel.",3
this tasty dish is a big hit in our family. it was taught to me by my grandmother.,6
"has a little bit of spice to it, but you can adjust it however you like. great for using up leftover chicken or turkey!",1
"i named this candy pat's because a lady at my work brings this in, and all i can tell you is one word nummy!!!! ok 2 words nummy & addictive!!! **just a note i made this myself today. i halved the recipe and i did it in the microwave. i melted the chocolate and peanut butter in a huge measuring cup, then had all the other ingredients in a bowl and added the melted ingredients to that. turned out great!",2
"healthy and easy rice cooker dish that you don't have to babysit, inspired by a moosewood creation.  this will be more like a casserole consistency than a stew, because the barley soaks up the cooking liquid.  you can sub a can of diced tomatoes for the tomato paste and water.  you may top with shredded cheddar cheese if you wish.  this reheats wonderfully.",1
"i copied this recipe years ago out of a cookbook a friend received for christmas. it has been one of my favorite pasta recipes ever since. i can't stand mushrooms, so i never use them. i also use lobster meat sometimes. imitation crab and/or lobster meat works well in a pinch. sauce tends to thicken after removed from heat. since the recipe was listed as a sauce, it didn't give an exact amount of pasta. it simply recommended using a shell or curly type. i'm guessing 6-8 ounces is how much i use and i usually use rotini. cooking the pasta isn't included in cooking time.",3
i twist on the traditional chicken version amounts are guesstimates as everyone likes it a little different.,1
"angel kiss is a wonderful surprise of a drink. perfect for the holidays, you can make this for your guests and they'll think you are an expert bartender, and all with little effort!
it's made with crème d'yvette, which is a violet-flavored liqueur.",5
adapted from a bc recipe. a little bit like carbonara.,4
this delightful pasta dish is bursting with color and flavor.,3
my kids love these crackers they are great for snacks. don't be afraid to put the pepper in they are not the least bit spicy. tip: i mix the dough in a food processor works great.,3
"this is my favorite.  to serve, spoon directly from the soufflé dish or for a spectacular presentation, bake in an 8 inch spring-form pan and unmold. experiment with a variety of different greens.  if frozen kale is unavailable, use all frozen spinach.  serve with grilled or roasted meats, or with a whole grain bread for lunch.  a glass of italian red wine would be a nice addition.",6
"north karelia is the birthplace of the delicious karelian pasties. although they are eaten throughout finland, the joensuu version, spread with real butter, is the genuine article. butter, often mixed with boiled egg (munavoi), is spread over the hot pasties before eating. they are eaten for breakfast as well as snacks. following are two versions, with rice being the more traditional/popular variation.",2
"found this while using web search, while looking for something new to do with chicken. easy to make & family liked it very much.",1
"from about.com...a garlicky sauce is a great way to add extra flavor to stir-fry dishes, particularly seafood dishes. the seasonings for garlic sauce are available in the international food section of many local supermarkets. use the sauce in stir-fry dishes or any other asian type dishes.  note:  instead of using 2 types soy sauce, i just use 2 tablespoons dark.",3
"here is a knock out recipe for a moist filled muffin with a dazzling topping. it is moist and just excellent to have for breakfast or a super snack. it may appear to be involved, but not really. you will be happy you made these little gems! enjoy!!",2
"unbelieveably easy, quick, healthy--and really good.  from ""20 minutes to dinner"" by bryanna clark grogan (the book publishing co., 1997). serves six as a main course with rice and salad, or more as a side.",6
"i have recently made a concerted effort to introduce more grains into my diet.  both healthful and delicious, this makes a lovely side dish for pork or chicken.",1
"this recipe can be made in 30 minutes or less, and it is not one of rachael ray's recipes.",4
a must-have holiday treat at our house!,5
"if you're like me, you're always on the quest for the 'perfect' mac and cheese.  now, i've eaten a lot of mac and cheese because it's the ultimate comfort food, and my family and  i love it, but i had never found the penultimate recipe for it...always on the search...well, i think i may just have come up with it!  using the mac and cheese recipe posted at the splendidtable.com as a jumping-off point, i devised this version which is rich, creamy, super-cheesey, and inordinantly delicious.  i can certainly be significantly lightened down by using low-fat milk and cheeses.",3
"bananas add a new twist to brownies. no frosting needed, just sprinkle with powdered sugar before serving.",2
these muffins are a great low-fat moist muffin.  i used 1/2 cup brown sugar instead of the 2/3 cup called for and i felt they were sweet enough.  i also added chopped apples.,2
"this is a compilation of a couple of recipes i have made over the years.  has a little of everything and is almost a meal in itself. makes a huge batch, so half it for a smaller group.",4
"a favorite muffin recipe i turn to often. adapted from one of my favorite community cookbooks, ""enough to feed an army.""",2
a lovely salmon cake recipe with loads of flavour using fresh salmon pieces.,2
always made this on monday so we could have leftovers on thursday!!,6
a spin off a traditional asian dish,6
"if you love coconut macaroons, you will love this dish. this recipe is incredibly easy.this recipe yields a  very moist cake that is traditional in the jordanian/ palestinian region.this recipe is  different than the traditional harissa (also known as basbousa) which is made has semolina or cream of wheat as the main ingredient. i love coconut macaroons which this reminds me of, but in a cake like form.this is always a hit when i have company.if you cannot find unsweetened coconut, use regular sweetened and reduce sugar and use about 1 1/2-1 3/4 cup for the batter.",2
"enjoy this delicious dip or spread with your favorite crackers, crostini or wrap.",5
"i got this recipe from manjulaskitchen.com.  it was so delicious we just ate it without any bread or accompaniment.  i didn't even have time to take a picture because it was all gone!  maybe next time.  the actual recipe states to boil the potatoes first, but i just added them to the pan and let them cook in the pan with the other ingredients.  i don't know if the version below is exactly the same as from the website, but it's how i made it.",4
"this is the vanilla buttercream frosting printed on the back of williams sonoma's cupcake mixes.  made this and found it to be very simple, yet wonderful.  perfect for generously frosting a dozen cupcakes!",2
one of the simplest and most delicious recipes around.,4
melt in your mouth blue ribbon winners ! i make these at least once a  month.,5
a wonderful cold and refreshing salad to cool you off on hot days.,7
"a pair of these savory spreads makes a great holiday gift. i made these last christmas as an appetizer before our big dinner, and i watched them disappear!  you can make ahead and wrap each log in heavy-duty plastic wrap and freeze. thaw in the refrigerator overnight. from christmas with southern living 2004, recipe submitted by charles flournoy of dallas, tx.  prep time is cooking time.",2
"i haven't tried this yet, but anything to try and use less sugar is worth a try.",5
these are one-bite wonders of mac and cheese.,6
this is very easy to make if you can boil water!  my sauce is excellent with this dish (recipe #106003--give it a try)!,1
"this is a recipe i came up with for my husband, who loves garlic! the funny thing is my son, loves it too. hope you enjoy it!",4
asian-style chicken and vegetable stir fry served over brown rice.,1
a quick and easy to make key lime pie with a kick!,5
"from modern greek.
faskomilo is sage which grows abundantly in greece and is collected at the end of summer. this tea is widely drunk as a soothing medicinal tea to cure colds, sore throats, inflamed gums and upset stomachs.",5
from recipes for food allergies by marilyn gioannini.  any seed or nut that can be made into milk can be used to make a milk shake.  brazil nuts are used here as an example.  frozen bananas are an important ingredient - they serve the same purpose as ice cream in dairy milk shakes.  bananas should be frozen when fully rips.  peel them and place in a plastic bag.  they will keep in the freezer without turning dark for up to a week.,5
"buffalo sauce, a mixture of melted butter and hot sauce, is a big claim to food fame for buffalo, new york. it is normally served on fried chicken wings (buffalo wings), but this burger is a great variation of the theme. the recipe is adapted from one published in my local newspaper and credited to david joachim, author of the tailgater's cookbook. it was included in a feature on tailgating, and the idea was to get these ready to grill at home, then grill them at your tailgating affair.  the original recipe called for either ground buffalo or ground beef. since ground buffalo is not available where i live, i used ground beef. i forgot to notice how long prep took, so the time given is a guess. i served these on paulag's recipe #139827--they are excellent and i highly recommend them.",1
"my friend, jeanie is a great cook. we took a cake decorating class together and she came up with this frosting recipe that tastes incredible yet it will hold its shape for decorating.",2
"a favorite of ours, especially my husband!! my mom made this for us when we were kids.",0
"i noticed there aren't nearly enough banana bread recipes in here ;-> . all the ones i looked through seemed to be a bit different from mine, so i thought i would add one more.",2
"creamy sauted mushrooms great for topping a burger or steak, wonderful as a side dish as well.",3
from toh magazine. these pretty little tartlets would make a great addition to a mini-dessert tray! times are estimates and don't include chilling time.,2
"this is a classic welsh recipe, often affectionately called a ",3
this is a nice recipe if you want something that isn't to sweet to have with a cuppa. you could use cranberries if you like.,5
"this delightful treat is from ""fit for a king - the elvis presley cookbook"".",0
i have not tried this recipe. i got this recipe from family time daily dish.,4
give this simple dish a try.,6
"if you take this cake to any gathering, you will be asked to bring it every time!  it is so rich and delicious!  i only make it on special occasions because it's too hard to not gobble up in one day!",2
"i got this recipe off of ""everyday italian"" with giada de laurentiis.  talk about good!!  i made it for my husband (who is a only meat and potatoes kind of guy) and he flipped!  it's even better than cheese sticks...and who can top that?",3
"my mom makes this for picnics and it usually is a hit! i love the different flavors in this recipe! if you like more spice, add essence or cayenne pepper or even minced jalapeno!",3
paula deen's recipe for these vegetable pancakes are by far the best i have ever had,2
"this is from taste of home magazine and after discovering it, i've never bought caesar dressing again.  i love it that there's no quickly perishable ingredients and it's all stuff pretty much everyone has on hand at any given time.",3
"from dr. atkins quick & easy new diet cookbook.
phases 1-4.
per serving: 5 carbs, .5 fiber, 42 grams protein, 26 grams fat, 447 cal",4
not your usual chocolate cake...rich and gooey!,2
"creamy,rich,and smooth vodka sauce. quick and easy! use a vodka that you like to drink, if you can't drink it you won't eat  this.",3
"these are chocolate cupcakes with chocolate chips.  they are flavored with orange juice; i just love the taste combo of chocolate and orange! to stay on the healthy side of things, they only use 3 t. oil for fat.  and besides...we need the bioflavanoids in chocolate, right?  er, uh, or whatever those health people said.",2
this is soooooo amazing!!!!  gave it 7 stars.,0
recipe courtesy of the california pistachio commission,4
"if you're having people round and don't want to spend the whole day in the kitchen, this delicious entree actually benefits by being prepared the day before serving.  ",6
"this recipe is patterned after the guadalupe salad at  velvet elvis pizza in patagonia arizona. it is delicious, healthy, and light.  we will sometimes add chopped cooked chicken or pork. dressing can be made ahead of time and chilled.",3
tell the kids they can have these cookies for breakfast-they'll love it!! sugar-free nutrious cookies that taste great!!!,2
"this is a very simple, but delicious dish to have handy when preparing for company.  it can be prepared ahead of time and frozen. just be sure to thaw before baking.",6
"mom found this recipe in her curves' magazine winter 2006. i didn't have to change very much in this soup recipe. other seasonal vegetables can be substituted;-asparagus, broccolini, toscano kale, etc.",7
"from www.topsecretrecipes.com. healthful, nonalcoholic frozen fruit drink",5
"this is an easy summer or anytime wrap sandwich to put together.  an easy lunch for a warm summer day would be an apple, this sandwich and an iced tea/water.",6
very tasty savoury variation of your classic sweet waffles. great as a snack or appetizer when hosting a party.,2
"this is an easy, quick, tasty recipe. it is good for potluck dinners. the color makes it quite attractive to serve. yummy!",4
"this is good and very low in calories, fat and cholesterol -- using egg beaters/egg substitute -- if using real eggs - it equals to about 8 eggs. recipe source: ladies home journal (april '09)",2
"this recipe sounds crazy, but is a handy meal for the mom on the go.  i came up with this recipe back in the days when time was tight and the budget was even tighter.  my family still likes it.  you can dress it up or down with ingredients that you like and have on hand very easily.",4
christmas eve was the first time we tried this recipe.  it was delicious!  much better to suffer from cauliflower mouth than cauliflower ear!!,5
"these cheesy, herb popovers make a lovely light lunch when served with a nice simple green salad and some fresh fruit slices.",7
"this is an easy dessert to make.  it can be made with fresh or frozen fruit.  it can be made in one dish or among a few, small, individual, oven-safe pots.",5
"this yummy rice is a great way to sneak some veggies into your loved ones who would otherwise pass on them. wonderful change from the usual red spanish rice usually served with tex mex or mexican foods. similar to the rice served in one of my fave mexican restaurants in houston, guadalajara. i liked it so much i had to try to duplicate it when we moved away. this is as close as i can get. hope you like it!",1
kid friendly snack. vary the toppings to suite your tastes. i like mine with a small piece of ham and a pineapple chunk! cook time is only 30 seconds!,6
"this recipe has a unique flavor; the blending of pepper, vinegar, and sweet vidalia onion compliment each other. fantastic recipe for burgers, steaks, or as a side order.",3
i love fall comfort food and this fits the bill perfect.,6
"chicken, beans, canned chili and velveeta--i am in heaven.",1
"a  simple version of chicken cordon bleu! chunks of chicken and ham layered in a casserole with shredded cheese and a creamy white sauce, topped with buttery crunch and baked to golden perfection! what's not to like! great comfort food, and also a good use of leftover chicken and ham. found on ""mennonite girls can cook"".",1
"i have googled ingredients to find a ""real"" name for this cocktail and came up with nothing, but it falls nothing short of amazing! --*--you can use any flavor fruity schnapps you prefer, peach and watermelon are my favorites! cherry is pretty awesome too!  to make a larger amount, keep liquor quantities equal (pint, fifth, 1/2 gal, even purchase a 1/2 gal. premix long island and add a fifth of schnapps for flavoring)--*--",5
"i was skeptical about how these flavors would mix together, but it worked out really well! it made a great side dish for salmon. the leftovers could be served cold as a salad.",7
"i created this recipe for the contest using some leftover chicken and rice. i was pleasantly surprised with the results. it is a fun, colorful and delicious meal that is easy to prepare but tastes like it took a long time! (and it's not super spicy either!)",1
"we find that simple preparations for fresh salmon are really the best. salmon season has just opened on the west coast so we will be having it often. this is a wonderful, easy and delicious method of preparing it.",1
"this is a fast and easy margarita recipe that you should sip slowly. i made this for me and my fiance one night, looking for a sweet buzz. what better than a margarita.",5
"from coup de pouce, issue of june 2006.  a recipe for the barbecue.  in the preparation, there is 30 minutes for refrigeration.",0
a very moist cupcake--children love them.,2
"this spicy condiment is great alongside fowl or simply served atop cream cheese on a cracker. 

i don't remember where i found this recipe, but i think from a newspaper.  the original called for cooking in a microwave, but i don't have a pot large enough so have always cooked on top of the stove.  

the original recipe also states to keep refrigerated. i've found i only need to refrigerate after a jar is opened.",3
"this is my two granddaughters favorite snack.  we use different colors of jello according to the theme we are doing, such as red and green for christmas. i use pastel colors for easter and i have used green for st. patrick's day. this is really easy to prepare and i have found out that the adults like them as much as the children do. also they are fat free!",2
this is a simple omelet that is perfect for a light summer dinner alongside a fresh green salad.  adapted from the chicago sun-times food section.,7
"this is a copycat recipe i found on the web, and it is excellent!!!

update: this recipe was created by todd wilbur for his cookbook ""top secret restaurant recipes"" (penguin random house 1997). www.topsecretrecipes.com",4
"i'm putting this here for safe keeping.
enjoy!!",0
who said using puff pastry and cooked chicken is cheating?,1
"this is a very simple and quick french bread. it has a finer texture and more of a chewy crust than what you get from the bakery.  i found this in an bon appetite years and years ago. i sometimes make rolls rather than loaves. with this coming together so quickly you can easily make large batches; with two students helping to shape the rolls i've made 6 batches, start to finish in under two hours. prep time doesn't include rising time.",2
"quick and easy way to make a yummy pizza. use real italian mozzarella, not the american style. i usually use my leftover homemade pasta sauce with this one.",3
"chicken in a simple sesame-lemon sauce. using a lower sodium chicken broth, the dish can be healthy as well. serve over a bed of hot cooked rice.",1
"tasty, ever so naughty but nice treat.",6
"i found this on the tasty kitchen website while i was trying to find something to make for dinner.  i changed a ton of things from the original because the first time i made it, i baked the muffing until they were burnt on top, but they never cooked on the inside.  i added more breadcrumbs and subtracted some of the moist ingredients to get this recipe turned into something not quite so disappointed (but at least the cooked tops tasted good!).",2
"people have recently started giving me recipes. you know how someone who is kind may find that cats and kittens are left with them? i think the word is out that i will adopt recipes with a smile. thank heaven that recipes don't need a litter box and cat chow! i was given this one by a very kind person who thought i would like it because it has no ""sugar"" in it. this thoughtful soul didn't think of maple syrup, apple juice or dates as sugar. while i won't be using it (without a very major overhaul) it does sound very good so i'm passing it on to the less sugar challenged zaar folks.
it doesn't give any prep time so i'm taking my best shot at it.",5
easter 2007,0
this recipe came from my local tv station's web site. it was a big hit with my co-workers on party day.,4
"my brother-in-law is from naples, italy and he and my sister owned a italian restaurant that i worked at for a little while.  this was my absolute favorite dish and i often serve it now 2-3 times a month. sometimes i add artichoke hearts. when i add the artichoke hearts i use a can of quartered artichokes and drain off the brine and add at the end just long enough to heat through!",3
"posting this for safe-keeping, will tweak it later.

kolobok (kuh-luh-bock) is a dough ball from a russian fairy tale. these fried gems are fun for kids, tasty calcium for adults. to be clear, i wouldn't feed this to my toddler because of the fried aspect, but i loved them when i was little!",2
a grown up version of the comfort food classic macaroni and cheese. i'm fairly certain this came from an issue of glamour magazine in the late 70's.,0
"preparing traditional potato pancakes can be a time consuming process....so you'll really relish this recipe.  that's because there's no need to grate potatoes.  by using frozen hash browns(or even quicker to use refrigerated shredded hash browns), these ""spud-tacular"" palate-pleasing pancakes are ready in a hurry!  recipe from toh.  i sometimes add some cheddar cheese in with the mixture.",2
this is a personal favourite of mine. i found this recipe in anjali vellody's foodcourt column of the weekend magazine. hope you enjoy it!,4
this is such an amazingly delicious way to prepare asparagus. goes well with everything!,5
my kids are always thrilled when they come home from school and i have this snack ready,6
i've made this slightly tart jelly twice since the recipe appeared in the june 2006 issue of canadian living magazine. i used an orange from africa with red pulp & the red portion of my rhubarb - hence a nice red jelly. i topped up the liquid with grand marnier but you could also use orange juice. we love it on toast but i'm going to try it as a glaze on a pork loin roast!,5
"i haven't actually tried this recipe yet but wanted to save it as it looked really interesting. best potatoes for this recipe are kipfler (fingerling), red skin or any waxy potato.",4
"this delicious rich pie takes very little time to put together! i have made this pie on many occasions it is so good, just make certain that the pie is completely cooled or refrigerate until cold or it will not slice well. the crust/s may be made up to a week in advance and kept frozen. may i suggest, you better make two of these lol!",2
"our version of comfort food!  if you prefer stronger flavors, add more garlic or try a stronger-tasting cheese.",3
"my hubby and i went to carrabba's tonight for dinner and i had a wonderful bowl of their minestrone soup.  i begged them for the recipe but they said it's secret and are not allowed to give it out.  so, as soon as i got home, i googled it and found this recipe at a copycat recipe website.  i only hope that it comes close!  i have no idea of the serving size that this recipe makes though.",4
this really comes in handy when you have those cravings! you know what i'm talking about girls!!,5
"chocolate chunk oatmeal cookies are one of my favorites! for a twist, try sun-maid chocolate-covered raisins instead of chocolate chunks, or substitute 1/2 cup toasted pecans for some of the chunks.",2
"this taco casserole is so good and easy!  great to take to a potluck! i promise you won't have any leftover. serve with rice and refried beans, if desired",6
this may be just about the easiest dinner you'll fix your family!  it is low on ingredients and high in flavor. these make a great appetizer too. i have even served these at parties!,6
"need a quick and easy dessert?  this scrambled peach cobbler is a variety of the traditional peach cobbler - the difference is that the crust is ""scrambled"" with the mix, instead of on top.  the prep time is only 5 minutes, and it makes a delicious dessert...and the best part is that the recipe is so easy to remember!  just remember ""the five 1s...""",2
a typical ,0
i was looking for an easy and quick oven baked chicken recipe and found this online... it was ridiculously easy and insanely delicious!  i just had to share it... enjoy!,1
light version of stuffed zucchini,0
i got this over two years ago from a website caled ,0
"i am always looking for recipes that my boyfriend, bill, can take to work for his lunch.  i like to make sure they include both some protein and carbs, since he does heavy physical labor and needs to be appropriately refueled.  i came up with this recipe, which met those requirements, and it tastes great, too!  it's simple, quick, and travels well.",4
basic cornbread with added corn.  i modified this recipe from one i found in vegetarian times.  easy to adjust to your taste!,2
"some of my closest friends are lactose intolerant so we have discovered all sorts of new recipes that can cater to their restriction.  i personally am not lactose intolerant but i still love this smoothie! the soy milk adds an irresistible creaminess and flavor that you just don't get from regular milk. this is a simple recipe that tastes delicious and leaves you feeling full, and it's healthy too!",5
"this is a fantastic weekend appetizer. this can be prepared up to two days ahead, covered, and refrigerated until ready to use, actually it tastes even better if prepared ahead of time. the recipe may be doubled if desired. prep time includes baking the crostini.",6
"this is an adult hot cocoa recipe. it's creamy and makes a great after dinner drink, or make it on a cold night to really warm you from the inside. my dh calls this my signature drink.",5
"a very quick and easy recipe to use, so delicious, you can make your meatball ahead of time, have different kinds, ( beef, chicken, pork, etc)  made ahead and frozen, use whatever kind you want and have a different flavor every time you make this dish -",1
"a different and delightful make ahead dish. layers of pink salmon, spinach, rotini pasta, pea pods and fresh mushrooms topped with a dressing made a hint of curry powder and dry mustard. prep time does not include chilling.",1
this is basically like a quiche but faster and easier for one person!,0
this is one of those things that you can make and all your friends will say wow,0
"a greek classic, fresh in flavour.
use liquid eggs(egg beaters)for a lighter version.",5
an easy low-carb breakfast option!,2
really good- something like a coconut colada. from 1001 cocktails,5
this recipe was given to me by my friend and co-worker lila.  it is a quick and very tasty weeknight dinner.  this can be doubled - just adjust cooking time.,4
a dip recipe that i copied off the side of tortilla chips. nice flavor and a bit different from other dips.,4
"guess what happened this afternoon-- i opened up y'days thursday magazine(that i received today) and found tha the lucky winner of this week's contest is madam nupur sen! she was my statistics lecturer in college! hooray, madam! congrats on winning !!!!!! i'm sure this dish is as excellent as your teaching used to be in class, hey, no wonder i would always top! :)",0
a simple low-fat side dish from the vegetarian gourmet's easy low-fat favorites.,6
pot pie with a twist-  served with a tossed salad and crusty bread this easily makes a meal for 8 hungry people.,6
fast and easy and it comes out juicy and flavorful every time!,5
"this in addition to a salad makes for a great 500 calorie meal.  we've found that it freezes incredibly well, and divides perfectly into 10 ounce portions.",7
posted for zwt7 from a taste of switzerland by sue style. times are approximate and do not include time for cooking the macaroni and potatoes.,6
"a sparkling iced tea, a change from the ordinary, with a sweet and floral flavour. prep time includes cooling time.",5
"this stuff looks like beer, with a foamy head, but it is non-alcoholic, with a not-too-sweet flavor. it is light and refreshing. recipe can be greatly multiplied easily. i got it from my mother, who used to serve it all the time, and now goes for the creamy type punches. it is fast and easy to make,too. a single recipe makes about 90 ounces, or 22 half cup servings (if you have the small punch cups), and the recipe can be multiplied as many times as you like.",5
"found online and submitted by shawnee peak ski resort, bridgeton, maine usa this #3 of the après-ski cocktails making the rounds of the slopes this season.",0
"this is my tasty vegan tofu scramble in it's basic form but make no mistake, it is super delicious!  even to people that love eggs.  this can be dressed up with your favorite veggies, sauces, or spices.  it's great in a whole wheat tortilla, on toast, or with homefries.",1
"you will love this!
apple annie's is a wonderful little tearoom in san antonio. they make a lot of great tasting dish's. i am listing 2 of the favorites that were posted in the newspaper. enjoy!",6
oldies but goodies. this is a recipe from our 1970's gourmet group. ( please no comments about my age!!),4
"from all you magazine.  i haven't tried this one yet, but it looks good to me.  it says you can use honey or orange marmalade in place of apricot jam, or a flavored mustard.  and it says it's good with a tablespoon or two of chopped fresh rosemary or thyme.
i don't know why recipezaar and the magazin show such a huge difference in nutritional information, but the recipe shows:  per serving:  310 calories, 13g fat (2g sat.), 60mg chol., 0g fiber, 21g pro., 28g carb., 577mg sod.",3
"this is one of my mom's recipes, and it is just to die for.  i made it
 the other night to take to a dinner party at a friend's and it was a
 hit!  the person that didn't like peaches gobbled it up as well...
i have had to edit this damn thing three times because they are not satisfied...  i am going to put amounts of things, but make the frikkin cake like the box instructs...",2
taste of home. it doesn't get any easier than this!,5
"this is my dh's recipe he asked me to share it with you.
a delicious sandwich for those who love onions.",4
"i don't make these very often because when i do, we just can't stop eating them. another one of those foods that my family thinks i don't make often enough, but these are real appetite spoilers when even the cook can't refrain herself! i've never had any left over to bring home after a potluck. they are always the first to disappear.",2
"i used to make a richer brownie, but i haven't made them since i developed these. i like them because they don't try too hard to be healthy, but are not too sickly-rich either. just right, in fact! note: recently, i have been cutting back on the sugar. i am now usually using about 1 2/3 cups. i usually use at least part sucanat (an unrefined organic sugar) as well.",2
"this hummus is so good on warm pita triangles or even with cucumbers, radishes, carrots and/or green onions. the combination of ingredients really makes this hummus bi tahini a truly wonderful mediterranean dish. i may never eat plain hummus again. this recipe was inspired and created for rsc #7.",1
"not a classic caesar, but has a warm meaty-mushroom topping... entry for the contest june 25-july 10, 2002",3
"purchased mayo gets dressed up with garlic, dijon, and lemon juice.",3
this is a 1960's comfort food that my non cook mother made all the time. we usually had it on friday night with salmon patties.,6
i can't wait to try this!,5
"very spicy wings, i made it through three before having to give up.  i created this recipe for a friend who can eat whole habaneros without flinching, so be warned!",3
found this in a magazine. sounded really easy and good. thought i would share the recipe.,4
"vivian my good friend gave me her recipe for fresh frozen peaches after i had told her that my canned ones were not what i had expected.
she told me that she never cans them only freezes them.
when i tasted her recipe i knew there was no going back, except for seconds!
these are wonderful and so fresh you think you just fixed right then!
the teaspoon measurement is a very big heap!",5
"a fresh, delicious, and filling twist on an old classic.  the salad is named for the nicoise olives, but i use kalamata since nicoise are not available.  this recipe is adapted from the june/july 2009 issue of ""everyday with rachael ray.""  the pesto i used is recipe #220704.",7
"this recipe was in bc women's magazine several years ago and we love it. the mustard gives it a bit of tang combined with the slight sweetness of the cranberries.if you wish this dish can be made ahead, cover with foil and heat in a 350 oven for 20 min just before serving.
march 09i have modified this recipe to cut back on the sauce. i mixed the dijon mustard with 1/4 cup wine, poured it into the skillet 4 minutes before serving and then added the cranberries. it was thick enough with out any cornstarch. sprinkled green onions on top",3
take the stress out of your morning-make this at night and pop it into the oven when you wake up! i did not include the overnight refrigeration in the prep/cook time.,5
"accompany this delightful pasta with wedges of fresh-from-the-garden tomatoes. for dessert, have raspberry sorbet with fresh raspberries. found on the web and posted by request.",5
tasty take on this recipe.,4
"just another version of a great salad for bar-b-que's, potlucks, or whatever the case may be.",7
"adopted this recipe on 9/06.  love the combo of flavors and agree with the suggestions of the reviewers, a pinch of sugar would be good.",5
"crisper and lighter than traditional slaw, very nice!! changed to our liking from b h & g",6
"makes a perfect, flaky-top, moist biscuit.",2
"mr cohen was the master of latkes in milwaukee wisconsin. he shared the recipe and it appeared in the ""milwaukee journal"" in 1973. i have never used another recipe again!!!",4
"an ice creamless parfait of sorts, the kids will enjoy making this as well as eating it. place uncooked rice into a cup then the cones will stay upright to chill and fill. this is another 'on the fly' creation by a bird. ;)   for homemade nutella, try recipe #328643 or recipe #328709",6
young and old will love this mac and cheese,6
"this is another one of those recipes from the club, long ago.  made them, and ashton devoured almost all of them!!!!!!  so they're quite tasty",4
"a nice basic soup, simple to make and an especially good use of your left over turkey meat!i like to serve it piping hot with different flavored crackers (like sociables or ritz or any type of vegetable flavoured crackers)",6
just a quick casserole i threw together with what i had in the kitchen.  i figured i'd put it on zaar to get the nutritional info.,6
a combination of different recipes. i couldn't find any one recipe that tasted the way i like bean soup. try it you will like it.,4
i've been making this recipe for several years but i don't remember where i found it.  it's very good with italian dishes.,4
"this is my favourite sweet sandwich. great for breakfast, lunch, or dinner.",6
"i found this great recipe at detroit free press, submitted by susan selasky. the ingredients are ones that are typically available is most kitchens and the flavor really bursts from this economical cut of meat.",4
"i ound this recipe in a really old cookbook that belongs to my mother. it sounds sooo good,and easy.but,i have no idea what a #303 can is! i am hoping someone will know,this pie really sounds great! 8)",4
these are a must at my fourth of july cookouts.,6
rachel ray recipe i changed just a tad,4
entry in rsc #9,0
yum,0
i call this a man's 'dessert'.  great for a football party or any gathering of men...if they can get it away from the women.,5
"this is another take on my ""coffee lovers bark"" just for the diehard coffee fan.
great for coffee lovers and gift giving!!!",0
"this came from 39 fabulous outdoor grill recipes. i have not tried this recipe, just posting for future use!",4
wrap an asian-inspired chicken filling in a flaky crescent crust,1
we tried this wonderful chilled soup at the grand floridian resort in disney world. my daughter absolutely loved it! i came across this recipe on a site that lists recipes from disney.,4
"a quick and hearty, ooh soo flavorful one dish meal!",6
"craving cookies, but don't feel baking?  here's a quick fix...it's like a giant soft cake-like cookie.  from the wonderful blog, no. 2 pencil with a few minor changes (http://number-2-pencil.blogspot.com)",2
"oh dear, this can be addictive, depending on your personal tastes!! the real thing can only be made with african birds' eye chilis, but there is not that much difference between a good red hot pepper and an african birds' eye chili! i made up this recipe yesterday (cut from our local femina magazine of april 09). i added a few extra hints here. by the way, shrimps and prawns are the same thing, except we call tiny shrimps, ""shrimps"" (lol!) and the larger shrimps which range in size to jumbo or king prawns, ""prawns""!! lol!  also, this is not a dish for icky-picky eaters. the prawns are cleaned as usual, but not peeled. you can order your heaped plate of lm prawns with peri-peri sauce in mozambique, especially in the capital, maputo ... (use your atlas, patricia!). this sauce is ideally used with large shrimps caught in the open sea -- not the sickly, tastless ""farmed"" shrimps. it is served heaped on a plate, with rice. you can peel it yourself, but the heads can safely be crunched ... usually, if ordered, they ask you whether you want ""hot"", ""medium"", ""mild"", or with lemon butter. the lemon butter is for nerds, naturally, lol!! you can use the entire recipe to throw in the pan and fry the prawns in, or as i do, skim off oil from the sauce mixture and fry the prawns in that, and then serve the rest of the sauce as a dipping sauce. damp cloths and bowls for peels needed ... ! (lm prawns in this case refers back to the time when the portuguese ruled mozambique, and maputo was called lourenço marques).",3
"if you can't decide between red sauce and alfredo sauce, this recipe gives you the best of both worlds with a reduction in calories.  it is a quick and easy pink sauce as delicious as your favorite italian restaurant. ragú® recipe contest entry",3
"fall time is pear time.  such a nice blend of flavors to warm your tummy. you may top this off with crumbled feta cheese, or blue cheese.",5
"i love fried onion rings...and mushrooms, and zucchini, and...and...lol! here's a no-fail recipe that i came up with that i'm sure you'll like! i love these served with ranch dressing for dipping, burgers and a frosty mug of ice cold beer! cheers!",3
"i don't know where this recipe came from, i found it handwritten in my file.  i haven't tried it yet, but can tell from the ingredients my family will love it.  although the recipe doesn't call for any cheese on top, i think provolone would be wonderful!",3
"these mock ""hamburger"" buns are amazingly bread-like in texture (and taste!) and are suitable for all phases of the dukan diet! once completely cool, seal them in a ziplock storage baggie or a tupperware over night. they will totally change their consistency, to something much more like bread - a softer texture that is nice and chewy. while warm they are crumbly and similar to cooked meringue - but don't let this fool you! since the sides that were facing the pan are perfectly flat, you use these to spread things on, or make sandwiches, or even as a burger bun! my favorite is spreading cream cheese on both sides (like a sandwich) and stuffing with a freshly poached egg...delish!",2
pasta for all seasons,3
this is a family favourite. it's not fancy but it sure is good and there are very few dishes to clean up afterwards -- a definite bonus for me!,6
this is a great quick weeknight meal.  it only takes me about 20 minutes to put this together from start to finish and we all love it.,6
this recipe is from the canadian cheese company. excellent! i use only 1/3 of a package of linguine cut the cheese in 1/2 and leave the rest of the ingredients the same for a saucy meal for 2.,4
"while searching for a new recipe,
this one l-i-t-e-r-a-l-l-y jumped out at me!
ham, peas, low fat...could it be, true!
changed recipe slightly to suit our tastes too!",4
this is adapted from an old toh quick cooking recipe that has saved my tail many times. i keep them on hand in the freezer for those crazy busy times when i don't have time to cook.,6
"i found this on southernfoods.about.com and hope to try it soon. if it turns out well the first time that i make it, i don't see any reason why you couldn't make up a few ziplock bags including the rice for storage.",1
this recipe gives rissoles a new lease of life.,4
"a standard russian peasant dish handed down from my great-grandfather. nothing fancy, but i haven't met anybody yet who doesn't like it. great on chilly days. (note: my family used to add a dab or two of butter to their plates, but that's optional.)",6
"i created this recipe after i had made an ethiopian dish and had leftover potatoes and lentils.  it's a simple but tasty ""earthy"" meal.",6
i created this dish for tj's everyday in paoli pennsylvania and it became an instant hit!,6
"this is a great dressing or dipping sauce (my boyfriend loves to dip his french fries in it....... here in washington they must have something to dip fries in other than ketchup..haha).. it makes a gallon, but you can scale it down, i usually cut it in fourth. :)  
i got this from cdkitchen.com posted by member angelsplaying on there.",7
i got this recipe from a personal chef. this dish is one of the most popular among his clientelle and is served in some of the finest restaurants! best of all...it is sooo easy!,4
"this is a wonderful dip for parties or other get-togethers.  it is a little different than your ""traditional"" dips.  it tastes wonderful, too!  one note:  the oil from the mayo & cheese tends to come to the surface as the dip cools.  when this happens, i usually skim off the oil before stirring it up/reheating it.  a small crock pot or other warming pot will help keep it warm if it will be sitting out for people to grab as they want some.",3
this one comes from betty crocker.com and is a slightly different version than the 'other' recipe found on this site.,4
from the kitchen of paula deen.,0
"a lo carb veggie dish that i have not tried yet, listing it here for safe-keeping. this came from the carbohydrate addict's cookbook.it sounds like something warm and satisfying for a cold winter's day.",6
not sure where this recipe is from but it is very quick and easy to make.,4
very easy and fast!,0
"from www.lanierbb.com recipes. yield and times are a guess-timate.

best when slightly undercooked and warm from the oven. dough keeps in the refrigerator, and then you can bake as needed.",4
these are fantastic! don't let the thought of saltine crackers turn you away. you won't believe how delicious these turn out!,2
"""this is an old amish/mennonite recipe that i have had for years. i tried to see if there were similar versions online but couldn't find any. i saw other people who were looking for this recipe so i decided to post it. it is very simple and delicious! enjoy!!""",4
"this is my take on a southwestern mac and cheese made with monterrey jack! if you were pressed for time, you could just omit the crushed tortilla chips and mix the cheese in with the pasta and serve without baking! i think this dish would also be great with cooked chicken or ground beef!  enjoy!",3
